-- ============================================================
-- SQB Президент дашборди — PostgreSQL backup
-- Generated from JSON data files in assets/data/
-- Encoding: UTF-8 | Schema: public
-- Batch: load_no=1 | final_flag=True | date_modify=2026-04-28 12:00:00+05
-- ============================================================

BEGIN;

-- DROP existing schema (clean slate)
DROP TABLE IF EXISTS indicators CASCADE;
DROP TABLE IF EXISTS hero_kpis CASCADE;
DROP TABLE IF EXISTS districts CASCADE;
DROP TABLE IF EXISTS regions CASCADE;

-- ============================================================
-- DDL: Schema definition
-- ============================================================

CREATE TABLE regions (
    region_id   INT         PRIMARY KEY,
    slug        VARCHAR(64) UNIQUE NOT NULL,
    name_uz     TEXT        NOT NULL,
    name_ru     TEXT,
    name_en     TEXT,
    sort_order  INT         DEFAULT 0,
    load_no     INT         NOT NULL DEFAULT 1,
    final_flag  BOOLEAN     NOT NULL DEFAULT TRUE,
    date_modify TIMESTAMPTZ NOT NULL DEFAULT NOW()
);
CREATE INDEX idx_regions_slug ON regions(slug);
CREATE INDEX idx_regions_load ON regions(load_no);

COMMENT ON TABLE  regions             IS 'Top-level administrative regions of Uzbekistan covered by the SQB dashboard';
COMMENT ON COLUMN regions.region_id   IS 'Surrogate primary key for the region';
COMMENT ON COLUMN regions.slug        IS 'URL-safe unique identifier (e.g. bukhara, fergana) used in app.js';
COMMENT ON COLUMN regions.name_uz     IS 'Region name in Uzbek (Cyrillic) — primary display language';
COMMENT ON COLUMN regions.name_ru     IS 'Region name in Russian';
COMMENT ON COLUMN regions.name_en     IS 'Region name in English';
COMMENT ON COLUMN regions.sort_order  IS 'Display order in the landing page region grid (alphabetical by Uzbek name)';
COMMENT ON COLUMN regions.load_no     IS 'Batch / load number this row arrived in. 1 = initial dataset migration from JSON';
COMMENT ON COLUMN regions.final_flag  IS 'TRUE when load is closed and data is considered final';
COMMENT ON COLUMN regions.date_modify IS 'Timestamp of the most recent modification (defaults to NOW() on insert/update)';

CREATE TABLE districts (
    district_id   INT         PRIMARY KEY,
    region_id     INT         NOT NULL REFERENCES regions(region_id) ON DELETE CASCADE ON UPDATE CASCADE,
    slug          VARCHAR(64) UNIQUE NOT NULL,
    name_uz       TEXT        NOT NULL,
    name_ru       TEXT,
    name_en       TEXT,
    district_name TEXT,
    json_file     VARCHAR(128),
    has_data      BOOLEAN     NOT NULL DEFAULT FALSE,
    type          VARCHAR(32),
    year          INT,
    total_cards   INT         NOT NULL DEFAULT 0,
    load_no       INT         NOT NULL DEFAULT 1,
    final_flag    BOOLEAN     NOT NULL DEFAULT TRUE,
    date_modify   TIMESTAMPTZ NOT NULL DEFAULT NOW()
);
CREATE INDEX idx_districts_region ON districts(region_id);
CREATE INDEX idx_districts_slug   ON districts(slug);
CREATE INDEX idx_districts_load   ON districts(load_no);

COMMENT ON TABLE  districts               IS 'Districts (tuman), cities (shahar) and republic-level entities under each region';
COMMENT ON COLUMN districts.district_id   IS 'Surrogate primary key for the district';
COMMENT ON COLUMN districts.region_id     IS 'FK -> regions.region_id; cascades on delete/update';
COMMENT ON COLUMN districts.slug          IS 'URL-safe unique identifier used in app.js (e.g. termiz, shahrixon)';
COMMENT ON COLUMN districts.name_uz       IS 'District display name in Uzbek (Cyrillic)';
COMMENT ON COLUMN districts.name_ru       IS 'District display name in Russian';
COMMENT ON COLUMN districts.name_en       IS 'District display name in English';
COMMENT ON COLUMN districts.district_name IS 'Full official name from the source JSON (e.g. "Бойсун тумани")';
COMMENT ON COLUMN districts.json_file     IS 'Source JSON file under assets/data/';
COMMENT ON COLUMN districts.has_data      IS 'TRUE if the district has populated indicators (visible to end users)';
COMMENT ON COLUMN districts.type          IS 'Administrative type: shahar (city), viloyat (region-level), respublika (republic), NULL = ordinary tuman';
COMMENT ON COLUMN districts.year          IS 'Reporting year of the JSON snapshot';
COMMENT ON COLUMN districts.total_cards   IS 'Number of indicator cards loaded for this district';
COMMENT ON COLUMN districts.load_no       IS 'Batch / load number';
COMMENT ON COLUMN districts.final_flag    IS 'TRUE when load is final';
COMMENT ON COLUMN districts.date_modify   IS 'Timestamp of the most recent modification';

CREATE TABLE hero_kpis (
    hero_kpi_id  INT         PRIMARY KEY,
    district_id  INT         NOT NULL REFERENCES districts(district_id) ON DELETE CASCADE ON UPDATE CASCADE,
    metric_name  VARCHAR(64) NOT NULL,
    metric_value NUMERIC(14, 2),
    metric_unit  VARCHAR(32),
    load_no      INT         NOT NULL DEFAULT 1,
    final_flag   BOOLEAN     NOT NULL DEFAULT TRUE,
    date_modify  TIMESTAMPTZ NOT NULL DEFAULT NOW(),
    UNIQUE (district_id, metric_name)
);
CREATE INDEX idx_hero_kpis_district ON hero_kpis(district_id);
CREATE INDEX idx_hero_kpis_load     ON hero_kpis(load_no);

COMMENT ON TABLE  hero_kpis              IS 'Hero KPI metrics shown on the landing tile of each district (population, mahallas, families, households)';
COMMENT ON COLUMN hero_kpis.hero_kpi_id  IS 'Surrogate primary key';
COMMENT ON COLUMN hero_kpis.district_id  IS 'FK -> districts.district_id; cascades on delete/update';
COMMENT ON COLUMN hero_kpis.metric_name  IS 'Metric label in Uzbek: Аҳоли, Маҳалла, Оила, Хонадон';
COMMENT ON COLUMN hero_kpis.metric_value IS 'Numeric value of the metric';
COMMENT ON COLUMN hero_kpis.metric_unit  IS 'Unit of measurement (e.g. "минг киши", "та")';
COMMENT ON COLUMN hero_kpis.load_no      IS 'Batch / load number';
COMMENT ON COLUMN hero_kpis.final_flag   IS 'TRUE when load is final';
COMMENT ON COLUMN hero_kpis.date_modify  IS 'Timestamp of the most recent modification';

CREATE TABLE indicators (
    indicator_id  INT         PRIMARY KEY,
    district_id   INT         NOT NULL REFERENCES districts(district_id) ON DELETE CASCADE ON UPDATE CASCADE,
    no            INT         NOT NULL,
    slide         INT         NOT NULL,
    slide_no      VARCHAR(8),
    name          TEXT        NOT NULL,
    description   TEXT,
    value         TEXT,
    found         BOOLEAN     NOT NULL DEFAULT TRUE,
    source_org    TEXT,
    ai_insight    TEXT,
    kpi_count     NUMERIC(14, 2),
    kpi_pct       NUMERIC(6, 2),
    load_no       INT         NOT NULL DEFAULT 1,
    final_flag    BOOLEAN     NOT NULL DEFAULT TRUE,
    date_modify   TIMESTAMPTZ NOT NULL DEFAULT NOW(),
    UNIQUE (district_id, no)
);
CREATE INDEX idx_indicators_district ON indicators(district_id);
CREATE INDEX idx_indicators_slide    ON indicators(district_id, slide);
CREATE INDEX idx_indicators_load     ON indicators(load_no);

COMMENT ON TABLE  indicators              IS 'Card-level economic / social indicators displayed across the 6 dashboard slides for each district';
COMMENT ON COLUMN indicators.indicator_id IS 'Surrogate primary key';
COMMENT ON COLUMN indicators.district_id  IS 'FK -> districts.district_id; cascades on delete/update';
COMMENT ON COLUMN indicators.no           IS 'Card number within the district (1..N), unique per district';
COMMENT ON COLUMN indicators.slide        IS 'Slide section: 1=Iqtisodiy faollik, 2=Infratuzilma, 3=Aholi va bandlik, 4=Mahalla tadbirkorligi va bank, 5=Imkoniyatlar, 6=Xulosa va reja';
COMMENT ON COLUMN indicators.slide_no     IS 'String form of slide number, kept for compatibility with the front-end JSON';
COMMENT ON COLUMN indicators.name         IS 'Card title (e.g. "Ишсизлик кўрсаткичлари")';
COMMENT ON COLUMN indicators.description  IS 'Short description / subtitle shown under the title';
COMMENT ON COLUMN indicators.value        IS 'Pipe-separated raw facts string parsed by app.js (e.g. "Жами: ... | 2021: ... | 2025: ...")';
COMMENT ON COLUMN indicators.found        IS 'TRUE if data is available; FALSE shows "Маълумот мавжуд эмас" (data not yet collected)';
COMMENT ON COLUMN indicators.source_org   IS 'Source organization (e.g. "Бандлик бошқармаси", "Марказий банк")';
COMMENT ON COLUMN indicators.ai_insight   IS 'AI-generated recommendation shown in the "СИ ТАВСИЯСИ" panel';
COMMENT ON COLUMN indicators.kpi_count    IS 'Numeric KPI shown on landing hero (e.g. number of unemployed). Only set on cards mapped to landing KPIs';
COMMENT ON COLUMN indicators.kpi_pct      IS 'Percentage shown next to kpi_count (e.g. unemployment rate)';
COMMENT ON COLUMN indicators.load_no      IS 'Batch / load number';
COMMENT ON COLUMN indicators.final_flag   IS 'TRUE when load is final';
COMMENT ON COLUMN indicators.date_modify  IS 'Timestamp of the most recent modification';

-- ============================================================
-- DATA
-- ============================================================

-- regions
INSERT INTO regions (region_id, slug, name_uz, name_ru, name_en, sort_order, load_no, final_flag, date_modify) VALUES (1, 'bukhara', 'Бухоро вилояти', 'Бухарская область', 'Bukhara Region', 1, 1, TRUE, '2026-04-28 12:00:00+05'::TIMESTAMPTZ);
INSERT INTO regions (region_id, slug, name_uz, name_ru, name_en, sort_order, load_no, final_flag, date_modify) VALUES (2, 'fergana', 'Фарғона вилояти', 'Ферганская область', 'Fergana Region', 2, 1, TRUE, '2026-04-28 12:00:00+05'::TIMESTAMPTZ);
INSERT INTO regions (region_id, slug, name_uz, name_ru, name_en, sort_order, load_no, final_flag, date_modify) VALUES (3, 'surkhandarya', 'Сурхондарё вилояти', 'Сурхандарьинская область', 'Surkhandarya Region', 3, 1, TRUE, '2026-04-28 12:00:00+05'::TIMESTAMPTZ);
INSERT INTO regions (region_id, slug, name_uz, name_ru, name_en, sort_order, load_no, final_flag, date_modify) VALUES (4, 'karakalpakstan', 'Қорақалпоғистон Республикаси', 'Республика Каракалпакстан', 'Republic of Karakalpakstan', 4, 1, TRUE, '2026-04-28 12:00:00+05'::TIMESTAMPTZ);
INSERT INTO regions (region_id, slug, name_uz, name_ru, name_en, sort_order, load_no, final_flag, date_modify) VALUES (5, 'sirdaryo', 'Сирдарё вилояти', 'Сырдарьинская область', 'Syrdarya Region', 5, 1, TRUE, '2026-04-28 12:00:00+05'::TIMESTAMPTZ);
INSERT INTO regions (region_id, slug, name_uz, name_ru, name_en, sort_order, load_no, final_flag, date_modify) VALUES (6, 'tashkent', 'Тошкент шаҳри', 'Город Ташкент', 'Tashkent City', 6, 1, TRUE, '2026-04-28 12:00:00+05'::TIMESTAMPTZ);
INSERT INTO regions (region_id, slug, name_uz, name_ru, name_en, sort_order, load_no, final_flag, date_modify) VALUES (7, 'andijan', 'Андижон вилояти', 'Андижанская область', 'Andijan Region', 7, 1, TRUE, '2026-04-28 12:00:00+05'::TIMESTAMPTZ);
INSERT INTO regions (region_id, slug, name_uz, name_ru, name_en, sort_order, load_no, final_flag, date_modify) VALUES (8, 'namangan', 'Наманган вилояти', 'Наманганская область', 'Namangan Region', 8, 1, TRUE, '2026-04-28 12:00:00+05'::TIMESTAMPTZ);
INSERT INTO regions (region_id, slug, name_uz, name_ru, name_en, sort_order, load_no, final_flag, date_modify) VALUES (9, 'jizzax', 'Жиззах вилояти', 'Джизакская область', 'Jizzakh Region', 9, 1, TRUE, '2026-04-28 12:00:00+05'::TIMESTAMPTZ);
INSERT INTO regions (region_id, slug, name_uz, name_ru, name_en, sort_order, load_no, final_flag, date_modify) VALUES (10, 'samarqand', 'Самарқанд вилояти', 'Самаркандская область', 'Samarkand Region', 10, 1, TRUE, '2026-04-28 12:00:00+05'::TIMESTAMPTZ);
INSERT INTO regions (region_id, slug, name_uz, name_ru, name_en, sort_order, load_no, final_flag, date_modify) VALUES (11, 'navoiy', 'Навоий вилояти', 'Навоийская область', 'Navoiy Region', 11, 1, TRUE, '2026-04-28 12:00:00+05'::TIMESTAMPTZ);

-- districts for region: bukhara
INSERT INTO districts (district_id, region_id, slug, name_uz, name_ru, name_en, district_name, json_file, has_data, type, year, total_cards, load_no, final_flag, date_modify) VALUES (1, 1, 'gijduvon', 'Ғиждувон', 'Гиждуван', 'Gijduvon', '', 'gijduvon.json', TRUE, NULL, NULL, 73, 1, TRUE, '2026-04-28 12:00:00+05'::TIMESTAMPTZ);
INSERT INTO indicators (indicator_id, district_id, no, slide, slide_no, name, description, value, found, source_org, ai_insight, kpi_count, kpi_pct, load_no, final_flag, date_modify) VALUES (1, 1, 1, 1, '1', 'Туманнинг макроиқтисодий кўрсаткичлари', 'Саноат, қишлоқ хўжалиги, қурилиш ва бозор хизматлари ҳажми + ўсиш суръати', 'Жами: 2025 йил кўрсаткичлари | Саноат: 3 182,8 млрд сўм (+7.4%) | Қишлоқ хўжалиги: 5 375,7 млрд сўм (+1.6%) | Қурилиш: 984,7 млрд сўм (+23.8%) | Бозор хизматлари: 3 521,2 млрд сўм (+16.8%)', TRUE, 'SQB', 'Қишлоқ хўжалиги секин ўсаётгани (+1,6%) сабабли маблағни интенсив технологияларга йўналтириш керак. Қурилиш жадаллиги (+23,8%) туфайли маҳаллий материаллар ишлаб чиқаришни кредитлаш лозим. Хизматлар ўсишига (+16,8%) таяниб, тармоқлараро логистикани кенгайтириш керак.', NULL, NULL, 1, TRUE, '2026-04-28 12:00:00+05'::TIMESTAMPTZ);
INSERT INTO indicators (indicator_id, district_id, no, slide, slide_no, name, description, value, found, source_org, ai_insight, kpi_count, kpi_pct, load_no, final_flag, date_modify) VALUES (2, 1, 2, 1, '8', 'Устувор 4 та соҳа', 'Асосий устувор соҳалар рейтинги ва асослама', 'Жами: 4 та устувор соҳа | 1-ўрин Енгил саноат: тўқимачилик ва тикувчилик кластери, тарихий устунлик | 2-ўрин Хизмат кўрсатиш: савдо, транспорт, молиявий хизматлар | 3-ўрин Туризм ва ҳунармандчилик: Гиждувон кулолчилик мактаби (UNESCO мероси) | 4-ўрин Қишлоқ хўжалиги: мевачилик, узумчилик — экспорт салоҳияти', TRUE, 'SQB', 'Тўқимачилик кластерларидаги тарихий устунликка таяниб, ишлаб чиқаришни кенгайтириш керак. Транспорт ва молия хизматларини ушбу тармоқлар логистикасига йўналтириш лозим. ЮНЕСКО кулолчилиги негизида туризмни ривожлантириш керак. Мева экспорти учун саралаш марказларини қуриш зарур.', NULL, NULL, 1, TRUE, '2026-04-28 12:00:00+05'::TIMESTAMPTZ);
INSERT INTO indicators (indicator_id, district_id, no, slide, slide_no, name, description, value, found, source_org, ai_insight, kpi_count, kpi_pct, load_no, final_flag, date_modify) VALUES (3, 1, 3, 1, '2', 'Саноат маҳсулотлари ишлаб чиқариш динамикаси', 'Туманда саноат маҳсулотлари ишлаб чиқариш ҳажми — йиллик динамика', '2021: 1796.7 | 2022: 2102.8 | 2023: 2744.1 | 2024: 2963.6 | 2025: 3182.8 (млрд сўм)', TRUE, 'stat.uz', 'Саноат ўсиши секинлашгани (+7,4%) сабабли мавжуд фабрикаларни тўлиқ қувватда ишлатиш керак. 2026 йилги мақсадли кўрсаткичга (3648 млрд) эришиш учун қайта ишлаш ва IT лойиҳаларини тезлаштириш зарур.', NULL, NULL, 1, TRUE, '2026-04-28 12:00:00+05'::TIMESTAMPTZ);
INSERT INTO indicators (indicator_id, district_id, no, slide, slide_no, name, description, value, found, source_org, ai_insight, kpi_count, kpi_pct, load_no, final_flag, date_modify) VALUES (4, 1, 4, 1, '3', 'Маҳаллий бюджет', 'Маҳаллий бюджет ҳажми', '2023: 159.0 | 2024: 162.0 | 2025: 198.3 (млрд сўм)', TRUE, 'Хокимият', 'Бюджет маблағларининг жадал ўсиши (+22,4%) туфайли ортиқча тушумларни ҳудудий инфратузилмани яхшилашга йўналтириш керак. Прогноз кўрсаткичларига эришиш учун қўшимча солиқ манбаларини шакллантириш лозим.', NULL, NULL, 1, TRUE, '2026-04-28 12:00:00+05'::TIMESTAMPTZ);
INSERT INTO indicators (indicator_id, district_id, no, slide, slide_no, name, description, value, found, source_org, ai_insight, kpi_count, kpi_pct, load_no, final_flag, date_modify) VALUES (5, 1, 5, 1, '4', 'Ажратилган кредитлар', 'Туман иқтисодиёти учун ажратилган жами кредитлар ҳажми', '2021: 443.7 | 2022: 704.0 | 2023: 506.8 | 2024: 845.0 | 2025: 1170.8 (млрд сўм)', TRUE, 'Марказий банк', 'Кредит ажратишнинг жаддал ўсиши (+38,6%) сабабли банк таваккалчиликларини бошқаришни кучайтириш керак. Муаммоли қарздорликлар пайдо бўлишининг олдини олиш учун мижозларни скоринг қилиш талабларини қатъийлаштириш лозим.', NULL, NULL, 1, TRUE, '2026-04-28 12:00:00+05'::TIMESTAMPTZ);
INSERT INTO indicators (indicator_id, district_id, no, slide, slide_no, name, description, value, found, source_org, ai_insight, kpi_count, kpi_pct, load_no, final_flag, date_modify) VALUES (6, 1, 6, 1, '9', 'Google Trends иқтисодий фаоллик', 'Туман иқтисодий фаоллиги Google Trends орқали — аҳоли қидирув сўровлари асосида 0-100 балл шкаласи', 'Жами: 50 балл (100 дан) — ўрта-юқори фаоллик | 2024 йил ўртача: 45 балл | 2025 йил ўртача: 50 балл (+11% ўсиш) | Энг фаол ой: Май 2025 йил — 68 балл | Энг суст ой: Декабр 2024 йил — 25 балл | Мавсумийлик: баҳор-ёз юқори, қиш паст', TRUE, 'SQB', 'Google Trends 50/100 — ўрта-юқори фаоллик. 2024 да 45 → 2025 да 50 (+11%). Энг фаол ой — Май (68 балл). Қизиқиш ўсмоқда. Тавсия: ҳудудий маркетинг кампанияси орқали инвестиция жалбини кучайтириш.', NULL, NULL, 1, TRUE, '2026-04-28 12:00:00+05'::TIMESTAMPTZ);
INSERT INTO indicators (indicator_id, district_id, no, slide, slide_no, name, description, value, found, source_org, ai_insight, kpi_count, kpi_pct, load_no, final_flag, date_modify) VALUES (7, 1, 7, 2, '1', 'Ичимлик суви билан таъминланганлик (%)', 'Аҳолини тоза ичимлик суви билан таъминланганлик даражаси', '2023: 61.4 | 2024: 61.5 | 2025: 77.0 (%)', TRUE, 'stat.uz', 'Ичимлик сувининг умумий қамрови ошганига (77%) қарамай қишлоқлардаги кўрсаткич пастлигича қолаётгани сабабли, янги қурилиш ресурсларини айнан чекка ҳудудлар инфратузилмасига йўналтириш керак.', NULL, NULL, 1, TRUE, '2026-04-28 12:00:00+05'::TIMESTAMPTZ);
INSERT INTO indicators (indicator_id, district_id, no, slide, slide_no, name, description, value, found, source_org, ai_insight, kpi_count, kpi_pct, load_no, final_flag, date_modify) VALUES (8, 1, 8, 2, '2', 'Ички йўллар таъмирланиш даражаси (%)', 'Туман ички йўлларининг таъмирланганлик даражаси', '2023: 14.0 | 2024: 15.0 | 2025: 16.0 (%)', TRUE, 'Узавтойул', 'Ички йўллар ҳолатини яхшилаш динамикаси (16%) туфайли, маҳаллий бюджетнинг қўшимча манбаларини тўғридан-тўғри йўлларни асфальтлаш дастурларига сафарбар этиш керак.', NULL, NULL, 1, TRUE, '2026-04-28 12:00:00+05'::TIMESTAMPTZ);
INSERT INTO indicators (indicator_id, district_id, no, slide, slide_no, name, description, value, found, source_org, ai_insight, kpi_count, kpi_pct, load_no, final_flag, date_modify) VALUES (9, 1, 9, 2, '3', 'Оқава сув билан таъминланганлик (%)', 'Канализация ва оқава сув тармоғи қамрови', '2023: 5.0 | 2024: 7.2 | 2025: 9.6 (%)', TRUE, 'stat.uz', 'Оқава сув тизими қамров даражаси пастлиги (9,6%) сабабли, ташқи инвестицияларни жалб қилиш орқали канализация тармоқларини барпо этиш керак.', NULL, NULL, 1, TRUE, '2026-04-28 12:00:00+05'::TIMESTAMPTZ);
INSERT INTO indicators (indicator_id, district_id, no, slide, slide_no, name, description, value, found, source_org, ai_insight, kpi_count, kpi_pct, load_no, final_flag, date_modify) VALUES (10, 1, 10, 2, '4', 'Жамоат транспортидан фойдаланиш (%)', 'Аҳоли жамоат транспортидан фойдаланиш даражаси', '2023: 12.0 | 2024: 13.0 | 2025: 23.0 (%)', TRUE, 'Узавтойул', 'Жамоат транспортидан фойдаланиш ўсиши секинлиги (23%) сабабли йўналишлар тармоғини тўлиқ қайта кўриб чиқиш керак. Йўловчилар оқимини ошириш учун замонавий автобуслар харидини молиялаштириш лозим.', NULL, NULL, 1, TRUE, '2026-04-28 12:00:00+05'::TIMESTAMPTZ);
INSERT INTO indicators (indicator_id, district_id, no, slide, slide_no, name, description, value, found, source_org, ai_insight, kpi_count, kpi_pct, load_no, final_flag, date_modify) VALUES (11, 1, 11, 2, '5', 'Электр таъминоти сифат даражаси (%)', 'Электр тармоғининг узилишсиз ишлаш ва сифат кўрсаткичи', '2023: 94 | 2024: 96 | 2025: 98 (%)', TRUE, 'Энергетика вазирлиги', 'Электр сифати 2023 да 94% → 2025 да 98% — барқарор ўсиш. Узилишлар частотаси пасаймоқда. Тавсия: тармоқ модернизацияси давом эттирилиб, 2027 йилгача 99,5% га етказиш.', NULL, NULL, 1, TRUE, '2026-04-28 12:00:00+05'::TIMESTAMPTZ);
INSERT INTO indicators (indicator_id, district_id, no, slide, slide_no, name, description, value, found, source_org, ai_insight, kpi_count, kpi_pct, load_no, final_flag, date_modify) VALUES (12, 1, 12, 2, '7', 'Ер тоифалари бўйича рўйхат (га)', 'Туман ер фонди тоифалар бўйича тақсимоти', 'Жами: 384 068 га ер майдони | Қишлоқ хўжалиги: 341 727 га | Ўрмон фонди: 20 662 га | Сув фонди: 15 329 га | Саноат/транспорт: 5 401 га | Аҳоли пунктлари: 714 га | Тарихий-маданий: 202 га | Захира: 10 га', TRUE, 'Кадастр', 'Қишлоқ хўжалиги ерларининг улуши ўта юқорилиги (341 727 га) боис паст ҳосилли майдонларни мақбуллаштириш керак. Саноат ва инфратузилмани ривожлантириш учун янги ер участкаларини ажратиш лозим.', NULL, NULL, 1, TRUE, '2026-04-28 12:00:00+05'::TIMESTAMPTZ);
INSERT INTO indicators (indicator_id, district_id, no, slide, slide_no, name, description, value, found, source_org, ai_insight, kpi_count, kpi_pct, load_no, final_flag, date_modify) VALUES (13, 1, 13, 2, NULL, 'Музлаткич ва омборхоналар', 'Туман музлаткич ва омбор инфратузилмаси (01.01.2025)', 'Жами: 19 та омбор / 7 400 тонна сиғим | Совуткичли омборлар: 17 та (7 380 тонна) | Оддий омборлар: 2 та (20 тонна)', TRUE, 'Хокимият', 'Йирик музлаткичларга тобеликни камайтириш мақсадида ўрта сиғимли объектлар қурилишини субсидиялаш керак. Қуруқ маҳсулотлар логистикасини ривожлантириш учун оддий омборлар тармоғини (ҳозир атиги 20 тонна) кескин кенгайтириш лозим.', NULL, NULL, 1, TRUE, '2026-04-28 12:00:00+05'::TIMESTAMPTZ);
INSERT INTO indicators (indicator_id, district_id, no, slide, slide_no, name, description, value, found, source_org, ai_insight, kpi_count, kpi_pct, load_no, final_flag, date_modify) VALUES (14, 1, 14, 2, '8', 'Мактабгача таълим қамрови', '3-7 ёшгача болаларни МТТга қамраб олиш даражаси', 'Жами: 85,2% қамров даражаси | 3-7 ёшли болалар: 27 154 та | Жами МТТ сони: 448 та | Давлат МТТ: 78 та | ДХШ: 9 та | Оилавий: 361 та | Қамраб олинган: 23 137 та', TRUE, 'stat.uz', 'МТТ қамрови 85,2% — яхши. 27 154 болага хизмат, 23 137 қамраб олинган. 448 та МТТ. Тавсия: оилавий МТТ сонини ошириш ва қишлоқ МФЙларда қамровни 95% га етказиш.', NULL, NULL, 1, TRUE, '2026-04-28 12:00:00+05'::TIMESTAMPTZ);
INSERT INTO indicators (indicator_id, district_id, no, slide, slide_no, name, description, value, found, source_org, ai_insight, kpi_count, kpi_pct, load_no, final_flag, date_modify) VALUES (15, 1, 15, 2, '9', 'Соғлиқни сақлаш тизими', 'Тиббий ташкилотлар, ўринлар ва ходимлар сони', 'Жами: 34 та тиббий ташкилот | Стационар ўринлар: 606 та (543 бюджет + 63 бюджетдан ташқари) | Жами штат: 2 664 бирлик | Врачлар: 589 та | Ўрта тиббий ходим: 1 446 та | Кичик тиббий ходим: 356 та', TRUE, 'stat.uz', 'Бюджетдан ташқари ўринлар улуши пастлиги (63 та) туфайли ҳудудда хусусий тиббиёт муассасалари тармоғини кенгайтириш керак. Мавжуд кадрлар (589 врач) салоҳиятига таяниб, пуллик тиббий хизматлар кўламини ошириш лозим.', NULL, NULL, 1, TRUE, '2026-04-28 12:00:00+05'::TIMESTAMPTZ);
INSERT INTO indicators (indicator_id, district_id, no, slide, slide_no, name, description, value, found, source_org, ai_insight, kpi_count, kpi_pct, load_no, final_flag, date_modify) VALUES (16, 1, 16, 2, '11', 'Агрозона харитаси', 'Туман қишлоқ хўжалик зоналари ва ихтисослашуви', 'Жами: 4 та асосий агрозона | Боғдорчилик: ғарбий ҳудудлар (яшил зона) | Пахта етиштириш: марказий ва шимолий ҳудудлар (қизил зона) | Сабзавотчилик: жанубий ҳудудлар (сариқ зона) | Чорвачилик: шарқий ҳудудлар (жигарранг зона)', TRUE, 'Кадастр', 'Агрозоналарнинг қатъий тақсимотига асосланиб, марказий-шимолий пахтачилик ҳудудида тўқимачилик корхоналарини жойлаштириш керак. Ғарб ва жанубдаги боғ-сабзавот зоналарида логистика омборларини қуриш лозим. Шарқдаги чорвачилик ҳудудига гўшт ва сутни қайта ишлаш инвестицияларини йўналтириш зарур.', NULL, NULL, 1, TRUE, '2026-04-28 12:00:00+05'::TIMESTAMPTZ);
INSERT INTO indicators (indicator_id, district_id, no, slide, slide_no, name, description, value, found, source_org, ai_insight, kpi_count, kpi_pct, load_no, final_flag, date_modify) VALUES (17, 1, 17, 3, '9', 'Меҳнат ресурслари (минг)', 'Жами меҳнат ресурслари сони', '2021: 143.4 | 2022: 146.9 | 2023: 150.5 | 2024: 154.2 | 2025: 158.6 (минг киши)', TRUE, 'stat.uz', 'Меҳнат ресурслари 2021 йилдаги 143,4 минг кишидан 2025 йилга 158,6 минг кишига ўсди (+10,6%, йиллик ўртача +2,6%). Меҳнат бозори кенгаймоқда, лекин янги иш ўринлари талаб этилади. Тавсия: (1) йилига 1 000-1 200 та янги иш ўрни яратиш; (2) ёшлар учун касб-ҳунар марказлари кенгайтириш; (3) меҳнат миграциясини тартибга солиш; (4) норасмий бандликни расмийлаштириш; (5) "Аёл тадбиркор" дастури орқали молиялаштиришни кенгайтириш.', NULL, NULL, 1, TRUE, '2026-04-28 12:00:00+05'::TIMESTAMPTZ);
INSERT INTO indicators (indicator_id, district_id, no, slide, slide_no, name, description, value, found, source_org, ai_insight, kpi_count, kpi_pct, load_no, final_flag, date_modify) VALUES (18, 1, 18, 3, NULL, 'Бандликни ошириш имкониятлари', 'Туманда бандликни ошириш учун мавжуд имкониятлар ва режалар', '2021: 107.4 | 2022: 110.0 | 2023: 112.7 | 2024: 115.5 | 2025: 118.8 (минг киши)', TRUE, 'stat.uz', 'Банд аҳоли 2021 йилдаги 107,4 минг кишидан 2025 йилга 118,8 минг кишига ўсди (+10,6%, йиллик ўртача +2,6%). Иқтисодий фаоллик ўсиб бормоқда. Тавсиялар: (1) микролойиҳаларни ривожлантириш орқали янги иш ўринлари яратиш; (2) ёшларни касб-ҳунарга йўналтириш ва малакали кадрлар тайёрлаш; (3) норасмий бандликни расмийлаштириш орқали аниқ маълумот олиш; (4) "Аёл тадбиркор" лойиҳалари орқали аёллар иштирокини ошириш.', NULL, NULL, 1, TRUE, '2026-04-28 12:00:00+05'::TIMESTAMPTZ);
INSERT INTO indicators (indicator_id, district_id, no, slide, slide_no, name, description, value, found, source_org, ai_insight, kpi_count, kpi_pct, load_no, final_flag, date_modify) VALUES (19, 1, 19, 3, NULL, 'Ишсизлик кўрсаткичлари', 'Расмий ишсизлар сони ва ишсизлик даражаси динамикаси', '2021: 13.1 | 2022: 11.3 | 2023: 8.3 | 2024: 6.9 | 2025: 3.5 (минг киши)', TRUE, 'Mehnat.uz', 'Ишсизлар сони 2021 йилдаги 13,1 минг кишидан 2025 йилга 3,5 минг кишига тушди — 5 йилда 73% қисқариш. Расмий ишсизлик даражаси 5,9% → 3,5% (-40,7%). Тавсиялар: (1) касб-ҳунар ўргатиш ва тадбиркорликни рағбатлантириш; (2) 2026 йилда 2,5% мақсадига эришиш; (3) ёшлар ва аёллар бандлигига алоҳида эътибор; (4) норасмий бандликни расмийлаштириш.', 3546, 2.6, 1, TRUE, '2026-04-28 12:00:00+05'::TIMESTAMPTZ);
INSERT INTO indicators (indicator_id, district_id, no, slide, slide_no, name, description, value, found, source_org, ai_insight, kpi_count, kpi_pct, load_no, final_flag, date_modify) VALUES (20, 1, 20, 3, NULL, 'Камбағаллик кўрсаткичлари', 'Камбағал оилалар сони ва камбағаллик даражаси динамикаси', '2020: 9100 | 2021: 8120 | 2022: 8100 | 2023: 5600 | 2024: 3500 | 2025: 3025 (оила)', TRUE, 'stat.uz', 'Камбағал оилалар 2020 йилдаги 9 100 дан 2025 йилга 3 025 гача камайди — 5 йилда 67% қисқариш. Камбағаллик даражаси 11,1 → 3,5 минг киши (-68,5%). Тавсиялар: (1) тренд сақланса 2026 йил туманни ҳоли ҳудудга айлантириш мумкин; (2) ҳар йили 1,5-2 минг иш ўрни яратиш; (3) маҳаллабай мақсадли дастурлар; (4) маҳалла банкирлари орқали ҳар бир камбағал оилага индивидуал ҳамроҳлик.', 3025, 3.9, 1, TRUE, '2026-04-28 12:00:00+05'::TIMESTAMPTZ);
INSERT INTO indicators (indicator_id, district_id, no, slide, slide_no, name, description, value, found, source_org, ai_insight, kpi_count, kpi_pct, load_no, final_flag, date_modify) VALUES (21, 1, 21, 3, '15', '«Барқарор келажак» — ёшлар даромадини ошириш', '2026 йилда даромади ошириладиган ёшлар — мажмуавий чоралар бўйича тақсимот', 'Жами: 2 721 нафар (2026 режа) | Тадбиркорликка жалб қилиш: 2 135 нафар | Доимий ишга жойлаштириш: 247 нафар | Кредит ажратиш ҳисобига: 180 нафар | Қайта касбга ўқитиш: 159 нафар', TRUE, 'Хокимият', '«Барқарор келажак» дастури доирасида 2026 йилда ёшлар даромадини ошириш — мажмуавий ёндашув. Энг катта улуш (78%) тадбиркорликка жалб қилишга тегишли — бу узоқ муддатли барқарорлик учун асос. Тавсия: маҳалла банкирлари орқали ҳар бир ёшга индивидуал бизнес-режа тузиш, доимий ишга жойлаштириш сонини 1 000 нафаргача кенгайтириш.', NULL, NULL, 1, TRUE, '2026-04-28 12:00:00+05'::TIMESTAMPTZ);
INSERT INTO indicators (indicator_id, district_id, no, slide, slide_no, name, description, value, found, source_org, ai_insight, kpi_count, kpi_pct, load_no, final_flag, date_modify) VALUES (22, 1, 22, 3, '16', 'Аёллар бандлиги ва даромадини ошириш', '2026 йилда даромади ошириладиган аёллар — чоралар бўйича тақсимот', 'Жами: 6 594 нафар (2026 режа) | Ўзини ўзи банд қилиш ҳисобига: 3 740 нафар | Доимий ишга жойлаштириш: 1 224 нафар | Тадбиркорликка жалб қилиш: 612 нафар | Қайта касбга ўқитиш ҳисобига: 569 нафар | Кредит ажратиш ҳисобига (221 млрд сўм): 449 нафар', TRUE, 'stat.uz', '2026 йилда 6 594 нафар аёл даромадини оширишга йўналтирилган. Энг катта улуш (57%) ўзини ўзи банд қилиш ҳисобига (3 740 нафар) — оилавий тадбиркорлик ва ҳунармандчилик. Доимий иш ўринлари 1 224 нафар (19%). Тавсия: HAMROH дастури орқали тадбиркорликка жалб қилинаётган 612 нафар сонини 1 000+ га кенгайтириш, касбий тайёргарлик марказларини кучайтириш.', NULL, NULL, 1, TRUE, '2026-04-28 12:00:00+05'::TIMESTAMPTZ);
INSERT INTO indicators (indicator_id, district_id, no, slide, slide_no, name, description, value, found, source_org, ai_insight, kpi_count, kpi_pct, load_no, final_flag, date_modify) VALUES (23, 1, 23, 3, '1', 'Аҳоли сони (минг)', 'Доимий аҳоли сони', '2023: 322.5 | 2024: 327.5 | 2025: 331.5 минг нафар', TRUE, 'stat.uz', 'Аҳоли 2023 да 322,5 минг → 2025 да 331,5 минг — йилига +1,4%. Бухоро вилоятида 2-ўрин (15,77%). Ёш аҳоли устун — меҳнат бозорига йилига ≈4 500 нафар янги. Тавсия: йилига 5 000+ иш ўрни яратиш мажбурияти.', NULL, NULL, 1, TRUE, '2026-04-28 12:00:00+05'::TIMESTAMPTZ);
INSERT INTO indicators (indicator_id, district_id, no, slide, slide_no, name, description, value, found, source_org, ai_insight, kpi_count, kpi_pct, load_no, final_flag, date_modify) VALUES (24, 1, 24, 3, '2', 'Маҳаллалар сони', 'МФЙ (маҳалла фуқаролар йиғини) сони', '70 та', TRUE, 'SQB', '70 МФЙ — 14 шаҳарча + 14 қишлоқ ФЙ + субмаҳалла. Бухоро вилоятидаги энг катта тумани. Мураккаб тизим. Тавсия: маҳалла банкирлари сонини 18 → 50 га ошириш, ҳар МФЙ учун ўз хизмат маркази.', NULL, NULL, 1, TRUE, '2026-04-28 12:00:00+05'::TIMESTAMPTZ);
INSERT INTO indicators (indicator_id, district_id, no, slide, slide_no, name, description, value, found, source_org, ai_insight, kpi_count, kpi_pct, load_no, final_flag, date_modify) VALUES (25, 1, 25, 3, '3', 'Оилалар сони', 'Жами оилалар сони', '95 100 та (≈95 минг оила)', TRUE, 'SQB', '95 100 оила — ўртача 4,5 киши/оила. Меҳнатга яроқли — оилада 1,8 киши. Оилавий бизнес ва ҳунармандчилик потенциали юқори. Тавсия: «Ҳар бир оила — тадбиркор» дастури доирасида 5 000+ оилага имтиёзли микрокредит.', NULL, NULL, 1, TRUE, '2026-04-28 12:00:00+05'::TIMESTAMPTZ);
INSERT INTO indicators (indicator_id, district_id, no, slide, slide_no, name, description, value, found, source_org, ai_insight, kpi_count, kpi_pct, load_no, final_flag, date_modify) VALUES (26, 1, 26, 3, '4', 'Хонадонлар сони', 'Жами хонадонлар сони', '69 800 та', TRUE, 'SQB', '69 800 хонадон — солиқ йиғиш бўйича рекорд кўрсаткичлари. Шаҳар хонадонлари модерн, лекин қишлоқ МФЙларда уй-жой сифати ва коммунал хизматлар паст. Тавсия: ёш оилалар учун ипотека ва қишлоқ хонадонлари модернизацияси.', NULL, NULL, 1, TRUE, '2026-04-28 12:00:00+05'::TIMESTAMPTZ);
INSERT INTO indicators (indicator_id, district_id, no, slide, slide_no, name, description, value, found, source_org, ai_insight, kpi_count, kpi_pct, load_no, final_flag, date_modify) VALUES (27, 1, 27, 4, '10', 'SQB рақамли хизматлари', 'SQB банкнинг рақамли ва мобил молиявий хизматлар экотизими', 'Жами: 3 та рақамли платформа | SQB Mobile: жисмоний шахслар учун мобил банк — тўловлар, ўтказмалар, онлайн кредит | SQB Business: юридик шахслар учун онлайн бухгалтерия, тўлов, ҳисоб-китоб | SQB AI Advisor: сунъий интеллект асосидаги молиявий маслаҳатчи — кредит скоринг, инвестиция таҳлили', TRUE, 'SQB', 'Сунъий интеллектга асосланган "AI Advisor" мавжудлиги сабабли, кредит скоринги ва инвестиция таҳлилини тўлиқ автоматлаштириш керак. Масофавий молиявий амалиётларни кенгайтириш учун мижозларни "Mobile" ва "Business" платформаларига фаол ўтказиш лозим.', NULL, NULL, 1, TRUE, '2026-04-28 12:00:00+05'::TIMESTAMPTZ);
INSERT INTO indicators (indicator_id, district_id, no, slide, slide_no, name, description, value, found, source_org, ai_insight, kpi_count, kpi_pct, load_no, final_flag, date_modify) VALUES (28, 1, 28, 4, '3', 'Маҳалла ихтисослашуви', 'Маҳаллалар асосий ишлаб чиқариш йўналиши бўйича ихтисослашуви', 'Жами: 70 та ихтисослашган МФЙ | Чорвачилик: 32 та МФЙ | Деҳқончилик: 21 та МФЙ | Савдо ва хизмат кўрсатиш: 12 та МФЙ | Кичик ишлаб чиқариш: 4 та МФЙ | Боғдорчилик: 1 та МФЙ', TRUE, 'Иқтисодиёт ва молия вазирлиги', 'Гиждувон кулолчилиги 2009 йилдан UNESCO рўйхатида. 200+ ҳунарманд устоз. 100 000+ туристик оқим/йил. Экспорт: Европа, АҚШ, Япония. Тавсия: кулолчилик эко-кластерини ривожлантириш — туризм + экспорт.', NULL, NULL, 1, TRUE, '2026-04-28 12:00:00+05'::TIMESTAMPTZ);
INSERT INTO indicators (indicator_id, district_id, no, slide, slide_no, name, description, value, found, source_org, ai_insight, kpi_count, kpi_pct, load_no, final_flag, date_modify) VALUES (29, 1, 29, 4, '4', 'Маҳалла драйвер секторлари', 'Асосий драйвер секторлар: узумчилик, сабзавотчилик,  чорвачилик, енгил саноат', 'Жами: 4 та асосий драйвер сектор | Узумчилик: ~16 300 га — Ғиждувон майизи (UNESCO) | Сабзавотчилик: томорқа + очиқ ер| Чорвачилик: сут ва гўшт | Енгил саноат: тикувчилик, кулолчилик', TRUE, 'SQB', 'Узумчилик майдонлари кенглигидан (16 300 га) фойдаланиб, майиз қадоқлаш ва экспорт қилиш марказларини қуриш керак. Сабзавотчилик ва чорвачилик драйверлари асосида тайёр озиқ-овқат ишлаб чиқарувчи кластерларни шакллантириш лозим.', NULL, NULL, 1, TRUE, '2026-04-28 12:00:00+05'::TIMESTAMPTZ);
INSERT INTO indicators (indicator_id, district_id, no, slide, slide_no, name, description, value, found, source_org, ai_insight, kpi_count, kpi_pct, load_no, final_flag, date_modify) VALUES (30, 1, 30, 4, '5', 'Микролойиҳалар сони ва иш ўринлари', 'Йиллик кредит режа, иш ўринлари ва банклар бўйича маҳалла тақсимоти', 'Жами: 2026 йил 700 лойиҳа амалга оширилади | Иш ўринлари: 1 400 та | Жами маҳаллалар: 70 та | Маҳалла банкирлари: 18 та (6 аёл, 12 эркак) — ҳар лойиҳага масъул | Ўзсаноатқурилишбанк (SQB): 190 та лойиҳа | Миллий банк: 130 та лойиҳа | Агро банк: 100 та лойиҳа | Ҳамкор банк: 80 та лойиҳа | Халқ банки: 70 та лойиҳа | Инфинбанк: 60 та лойиҳа | Микрокредитбанк: 70 та лойиҳа | Лойиҳалар умумий қиймати: 70 млрд сўм | Банк кредити улуши: 49 млрд сўм', TRUE, 'Марказий банк', 'Ғиждувондаги 70 МФЙда 700 та микролойиҳа режалаштирилган — умумий қиймати 70 млрд сўм, шундан банк кредити 49 млрд сўм (70%). 18 та маҳалла банкири (6 аёл, 12 эркак) ҳар бир лойиҳани бошидан охиригача кузатиб боради. Банкирлар вазифалари: (1) лойиҳани танлаш ва скоринг; (2) кредит расмийлаштиришда ёрдам; (3) лойиҳа амалга оширилишини мониторинг; (4) тадбиркорларга молиявий маслаҳат.', NULL, NULL, 1, TRUE, '2026-04-28 12:00:00+05'::TIMESTAMPTZ);
INSERT INTO indicators (indicator_id, district_id, no, slide, slide_no, name, description, value, found, source_org, ai_insight, kpi_count, kpi_pct, load_no, final_flag, date_modify) VALUES (31, 1, 31, 4, '8', '«Ҳар бир оила — тадбиркор» дастури', '', 'Жами: Оилавий тадбиркорлик учун имтиёзли кредит | Иштирокчи банклар: Халқ банки, Микрокредит банк | Фоиз ставкаси: 18% | Максимал сумма: 300 млн сўм | Муддат: 3 йилгача | Имтиёзли давр: 3-6 ой', TRUE, 'Марказий банк', 'Оилавий тадбиркорликни кўпайтириш учун SQB AI Advisor платформасидан фойдаланиш тавсия этилади. Платформа орқали кредит скоринги, бизнес-режа тузиш ва молиявий маслаҳат олиш имконияти мавжуд. Маҳалла банкирлари ҳар бир оилани платформага йўналтириш ва имтиёзли кредитдан самарали фойдаланишга ёрдам бериши керак.', NULL, NULL, 1, TRUE, '2026-04-28 12:00:00+05'::TIMESTAMPTZ);
INSERT INTO indicators (indicator_id, district_id, no, slide, slide_no, name, description, value, found, source_org, ai_insight, kpi_count, kpi_pct, load_no, final_flag, date_modify) VALUES (32, 1, 32, 4, '9', '«HAMROH» хотин-қизлар тадбиркорлиги', 'Хотин-қизлар учун махсус молиявий дастур', 'Жами: Хотин-қизлар учун махсус молиявий дастур | Иштирокчи банклар: SQB, Халқ банки, Микрокредит банк, Агро банк | Гаровсиз кредит: 100 млн сўмгача| Компания кафиллиги: 70%', TRUE, 'Марказий банк', 'HAMROH — хотин-қизлар тадбиркорлигини қўллаб-қувватлашнинг энг катта давлат дастури. Ғиждувонда аёллар тадбиркорлиги потенциали юқори (тикувчилик, кулолчилик, оилавий боғдорчилик, сут маҳсулотлари). Тавсия: маҳалла банкирлари орқали аёлларни актив жалб қилиш, бизнес тренинглар ташкил этиш ва муваффақиятли намуналарни кенг оммавий таништириш.', NULL, NULL, 1, TRUE, '2026-04-28 12:00:00+05'::TIMESTAMPTZ);
INSERT INTO indicators (indicator_id, district_id, no, slide, slide_no, name, description, value, found, source_org, ai_insight, kpi_count, kpi_pct, load_no, final_flag, date_modify) VALUES (33, 1, 33, 4, NULL, 'Ишсизлик юқори маҳаллалар — SQB режаси', 'Ишсизлик даражаси юқори бўлган маҳаллаларни ҳоли ҳудудга айлантириш режаси', 'Жами: 5 та маҳалла / 416 нафар ишсиз | Гулистон: 82 нафар (6,7%) | Мустақиллик: 94 нафар (6,6%) | Халқобод: 86 нафар (6,3%) | Қўрғон: 70 нафар (6,3%) | Ростгўй: 84 нафар (5,9%) | Микро лойиҳалар сони: 138 та | Умумий ажратиладиган сумма: 5,67 млрд сўм', TRUE, 'SQB', '5 та маҳаллада 416 нафар ишсиз аниқланган. SQB режаси: ёшлар бизнесда (40% ёшлар) ва HAMROH аёллар (55% аёллар, 45% эркаклар) дастурлари орқали кредит маҳсулотлари тақдим этиш. Жами 138 та микролойиҳа, 5,67 млрд сўм ажратилади. Маҳалла лойиҳаси доирасида ҳар бир маҳаллага индивидуал бизнес-режа тузилади.', NULL, NULL, 1, TRUE, '2026-04-28 12:00:00+05'::TIMESTAMPTZ);
INSERT INTO indicators (indicator_id, district_id, no, slide, slide_no, name, description, value, found, source_org, ai_insight, kpi_count, kpi_pct, load_no, final_flag, date_modify) VALUES (34, 1, 34, 5, NULL, 'Туризм потенциали ва UNESCO мероси', 'Тарихий ёдгорликлар, ҳунармандчилик мактаби ва туризм инфратузилмаси', 'Жами: 4 та туризм йўналиши | Биринчи йўналиш: Кулолчилик ва ҳунармандчилик | Иккинчи йўналиш: Агротуризм | Учинчи йўналиш: Тарихий мерос | Тўртинчи йўналиш: Гастротуризм', TRUE, 'Хокимият', 'Бухорога яқинликдан транзит оқими сифатида фойдаланиб, йўл бўйи 24/7 хизмат кўрсатиш инфратузилмасини тезкор ривожлантириш керак. ЮНЕСКО кулолчилик мактаби ва гастротуризм негизида сайёҳларни туманда кўпроқ олиб қолувчи яхлит туристик пакетларни жорий этиш лозим.', NULL, NULL, 1, TRUE, '2026-04-28 12:00:00+05'::TIMESTAMPTZ);
INSERT INTO indicators (indicator_id, district_id, no, slide, slide_no, name, description, value, found, source_org, ai_insight, kpi_count, kpi_pct, load_no, final_flag, date_modify) VALUES (35, 1, 35, 5, '1', 'Меҳмонхоналар сони', 'Туман ҳудудидаги меҳмонхоналар ва ўринлар сони (2025→2026 режа)', 'Жами: 21 та меҳмонхона (2026 режа) | 2025 йил факт: 20 та | Ўринлар сони (2025): 440 та | Ўринлар сони (2026 режа): 448 та | Ўсиш: +5%', TRUE, 'Хокимият', 'Меҳмонхоналар 20 та (2025) → 21 та (2026). Ўринлар 440 → 448. Ўсиш +5% — секин. Бухоро туристик потенциалига мос эмас. Тавсия: 5 йилда 30+ меҳмонхона ва 600+ ўрин.', NULL, NULL, 1, TRUE, '2026-04-28 12:00:00+05'::TIMESTAMPTZ);
INSERT INTO indicators (indicator_id, district_id, no, slide, slide_no, name, description, value, found, source_org, ai_insight, kpi_count, kpi_pct, load_no, final_flag, date_modify) VALUES (36, 1, 36, 5, NULL, 'Сайёҳлар оқими (жами / маҳаллий / хорижий)', 'Туманга ташриф буюрган сайёҳлар таркиби ва 2026 йил режа', 'Жами: 779,8 минг сайёҳ (2026 режа) | 2025 йил факт: 673,1 минг сайёҳ | Маҳаллий сайёҳлар (2026): 651,1 минг (+17,0%) | Хорижий сайёҳлар (2026): 128,7 минг (+10,6%) | Жами ўсиш 2025→2026: +106,7 минг (+15,9%)', TRUE, 'stat.uz', 'Сайёҳлар оқими 2026 йилда 779,8 минг кишига етади (+16% ўсиш). Маҳаллий сайёҳлар улуши юқори (651 минг, 84%), хорижий сайёҳлар 128,7 минг (16%). Тавсия: 2027 йилгача 1 млн чегарасидан ўтиш учун Silk Road бренди, янги меҳмон уйлари, кулолчилик маркази учун махсус экскурсия пакетлари ва Бухоро шаҳридан 51 км яқинликдан фойдаланиш.', NULL, NULL, 1, TRUE, '2026-04-28 12:00:00+05'::TIMESTAMPTZ);
INSERT INTO indicators (indicator_id, district_id, no, slide, slide_no, name, description, value, found, source_org, ai_insight, kpi_count, kpi_pct, load_no, final_flag, date_modify) VALUES (37, 1, 37, 5, '5', 'Туризм хизматлари экспорти', 'Туризм соҳасидан валюта тушуми (млн АҚШ $)', '2021: 8.5 | 2022: 14.2 | 2023: 22.4 | 2024: 31.7 | 2025: 36.8 (млн $)', TRUE, 'stat.uz', 'Туризм экспорти 2021 йилдаги 8,5 млн $ дан 2025 йилга 36,8 млн $ га ўсди (4,3 баравар). 2024→2025 +15,9%. Барқарор ўсиш тренди — Ўзбекистон бўйича умумий ўсиш билан мос. Тавсия: 2027 йилгача 50 млн $, кулолчилик мактаби, агротуризм ва меҳмон уйлари тармоғи орқали.', NULL, NULL, 1, TRUE, '2026-04-28 12:00:00+05'::TIMESTAMPTZ);
INSERT INTO indicators (indicator_id, district_id, no, slide, slide_no, name, description, value, found, source_org, ai_insight, kpi_count, kpi_pct, load_no, final_flag, date_modify) VALUES (38, 1, 38, 5, '7', 'Қуёш энергияси ва ишлаб чиқариш', 'Қуёш нурлари фаол ҳудуд — қайта тикланувчи энергетика салоҳияти', 'Жами: 300+ қуёшли кун/йил | Йўналиш: қуёш панеллари | Имконият: саноат корхоналари учун арзон электр | Уй хўжаликлари учун қуёш сув иситгич дастури | Инвестиция: $10-30 млн/лойиҳа', TRUE, 'Энергетика вазирлиги', 'Йилига 300 қуёшли кун мавжудлигидан фойдаланиб, саноат корхоналарини арзон электр билан таъминлаш учун 10-30 миллион долларлик қуёш станциялари лойиҳаларига инвесторларни тўғридан-тўғри жалб қилиш керак.', NULL, NULL, 1, TRUE, '2026-04-28 12:00:00+05'::TIMESTAMPTZ);
INSERT INTO indicators (indicator_id, district_id, no, slide, slide_no, name, description, value, found, source_org, ai_insight, kpi_count, kpi_pct, load_no, final_flag, date_modify) VALUES (39, 1, 39, 6, '1', 'Иқтисодий ўсиш — рекорд даражада', '2025 йил барча секторларда рекорд ўсиш кузатилмоқда. ML модели 2027 йилгача мусбат тренд башорат қилади.', 'Жами: +118,5% Саноат 2025 | Саноат 2025: 3 317 млрд сўм | 2026 прогноз: 3 752 млрд сўм | 2027 прогноз: 4 187 млрд сўм | Ўсиш %: +26,2 | Хизматлар: +121,9% | Инвестиция: +105,2%', TRUE, 'Туман таҳлил + Wikipedia + stat.uz', 'Иқтисодий ўсиш — рекорд +118,5%, лекин база юқори. 2026-2027 учун 8-12% реалистик. Диверсификация керак — саноат + қайта ишлаш + хизматлар.', NULL, NULL, 1, TRUE, '2026-04-28 12:00:00+05'::TIMESTAMPTZ);
INSERT INTO indicators (indicator_id, district_id, no, slide, slide_no, name, description, value, found, source_org, ai_insight, kpi_count, kpi_pct, load_no, final_flag, date_modify) VALUES (40, 1, 40, 6, '3', 'Инфратузилма', 'Канализация ва ички йўллар ҳолати етарли даражада эмас. JICA/EBRD/ADB билан ҳамкорлик орқали масалани ечимини топиш зарур.', 'Жами: 5 та муаммо | Канализация: 4% | Ички йўллар: 60% | Суғориш йўқотиш: 35-40% | Электр узилиш: 2,3/ой | Ичимлик сув: 77%', TRUE, 'Туман таҳлил + Wikipedia + stat.uz', 'Канализация 4% ва ички йўллар 60% — етарли даражада эмас. Электр узилиши ойига 2,3 марта. Халқаро молия институтлари (JICA, ADB, AIIB) билан ҳамкорлик пакети зарур. 2027 га канализация 15%, ички йўллар 75% — реалистик мақсад.', NULL, NULL, 1, TRUE, '2026-04-28 12:00:00+05'::TIMESTAMPTZ);
INSERT INTO indicators (indicator_id, district_id, no, slide, slide_no, name, description, value, found, source_org, ai_insight, kpi_count, kpi_pct, load_no, final_flag, date_modify) VALUES (41, 1, 41, 6, '6', 'Туризм — тўлиқ фойдаланилмаган потенциал', 'Бухоро шаҳрига 51 км яқинлик, UNESCO кулолчилик мактаби, агротуризм (узумзор/майиз) ва маҳаллий зиёратгоҳлар — туризм оқимини кўпайтириш мумкин.', 'Жами: 780 минг сайёҳ (2026 режа) | 2025 йил факт: 673 минг сайёҳ | Хорижий сайёҳлар (2026): 129 минг | Маҳаллий сайёҳлар (2026): 651 минг | Туризм экспорти: 36,8 млн АҚШ$ | Бухорогача: 51 км | UNESCO статуси: Гиждувон кулолчилик мактаби (2009 йилдан)', TRUE, 'Туман таҳлил + Wikipedia + stat.uz', 'Туризм оқими 2025 да 673 минг → 2026 режа 780 минг (+16%). Хорижий сайёҳлар 116 → 129 минг, экспорт 36,8 млн $ (+16%). Асосий драйвер — Бухоро шаҳрига 51 км масофа, UNESCO кулолчилик мактаби, агротуризм ва зиёратгоҳлар. Тавсия: 2027 йилгача 1 млн сайёҳ ва 50 млн $ экспорт — меҳмон уйлари тармоғини кенгайтириш, кулолчилик устахоналарига доимий экскурсия маршрутлари ва йўл бўйи 24/7 сервис марказлари.', NULL, NULL, 1, TRUE, '2026-04-28 12:00:00+05'::TIMESTAMPTZ);
INSERT INTO indicators (indicator_id, district_id, no, slide, slide_no, name, description, value, found, source_org, ai_insight, kpi_count, kpi_pct, load_no, final_flag, date_modify) VALUES (42, 1, 42, 6, '7', 'SQB стратегик ҳамкорлик', 'Комплекс пакет: халқаро кредит (JICA) + Хорижий молия институтлари линиялари + лойиҳалар фабрикаси + агрокластер. Ҳамкорлик ҳажми ошиши зарур.', 'Жами: SQB ва ҳамкор банклар стратегик пакети | Иштирокчи банклар: SQB ва бошқа тижорат банклари | «Ҳар бир оила — тадбиркор»: 18% ставка, 300 млн сўмгача | HAMROH хотин-қизлар: 100 млн сўмгача гаровсиз | Микролойиҳалар йиллик режа: 700 та лойиҳа / 1 400 иш ўрни', TRUE, 'Туман таҳлил + Wikipedia + stat.uz', 'Маҳалла банкирлари орқали ҳар бир МФЙга индивидуал ёндашув, муваффақиятли тадбиркорларни намуна сифатида тарғиб қилиш ва йирик халқаро молиявий институтлар билан ҳамкорликни кенгайтириш.', NULL, NULL, 1, TRUE, '2026-04-28 12:00:00+05'::TIMESTAMPTZ);
INSERT INTO districts (district_id, region_id, slug, name_uz, name_ru, name_en, district_name, json_file, has_data, type, year, total_cards, load_no, final_flag, date_modify) VALUES (2, 1, 'shofirkon', 'Шофиркон', 'Шафиркан', 'Shofirkon', '', 'shofirkon.json', TRUE, NULL, NULL, 74, 1, TRUE, '2026-04-28 12:00:00+05'::TIMESTAMPTZ);
INSERT INTO indicators (indicator_id, district_id, no, slide, slide_no, name, description, value, found, source_org, ai_insight, kpi_count, kpi_pct, load_no, final_flag, date_modify) VALUES (43, 2, 1, 1, '1', 'Туманнинг макроиқтисодий кўрсаткичлари', 'Саноат, қишлоқ хўжалиги, қурилиш ва бозор хизматлари ҳажми + ўсиш суръати', 'Жами: 2025 йил кўрсаткичлари | Саноат: 1 220,0 млрд сўм (+4.2%) | Қишлоқ хўжалиги: 4 397,8 млрд сўм (+5.6%) | Қурилиш: 977,0 млрд сўм (+13.6%) | Бозор хизматлари: 1 237,6 млрд сўм (+13.6%)', TRUE, 'SQB', 'Жами ҳажм ≈ 7,83 трлн сўм. Қишлоқ хўжалиги жуда устун (56%), аграрлик юқори. Қурилиш ва хизматлар +13,6%. Тавсия: озиқ-овқат қайта ишлаш кластерлари (ун, ёғ, сут) орқали аграр сектордан қўшимча қиймат олиш ва хизматлар улушини ошириш.', NULL, NULL, 1, TRUE, '2026-04-28 12:00:00+05'::TIMESTAMPTZ);
INSERT INTO indicators (indicator_id, district_id, no, slide, slide_no, name, description, value, found, source_org, ai_insight, kpi_count, kpi_pct, load_no, final_flag, date_modify) VALUES (44, 2, 2, 1, '8', 'Устувор 4 та соҳа', 'Асосий устувор соҳалар рейтинги ва асослама', 'Жами: 4 та устувор соҳа | 1-ўрин Енгил саноат: тўқимачилик ва тикувчилик кластери, тарихий устунлик | 2-ўрин Хизмат кўрсатиш: савдо, транспорт, молиявий хизматлар | 3-ўрин Туризм ва ҳунармандчилик: Гиждувон кулолчилик мактаби (UNESCO мероси) | 4-ўрин Қишлоқ хўжалиги: мевачилик, узумчилик — экспорт салоҳияти', TRUE, 'SQB', '4 та устувор соҳа: 1) Енгил саноат — тўқимачилик/тикувчилик кластери; 2) Хизмат кўрсатиш — савдо, транспорт, молиявий хизматлар; 3) Туризм/ҳунармандчилик — UNESCO кулолчилик мароси; 4) Қ/х — мевачилик, узумчилик. Тавсия: ҳар соҳа бўйича 5-8 та флагман лойиҳани 3 йил ичида амалга ошириш орқали 3 000+ янги иш ўрни яратиш, қўшимча қиймат занжирини чуқурлаштириш ва экспорт ҳажмини 2 баравар ошириш мумкин.', NULL, NULL, 1, TRUE, '2026-04-28 12:00:00+05'::TIMESTAMPTZ);
INSERT INTO indicators (indicator_id, district_id, no, slide, slide_no, name, description, value, found, source_org, ai_insight, kpi_count, kpi_pct, load_no, final_flag, date_modify) VALUES (45, 2, 3, 1, '2', 'Саноат маҳсулотлари ишлаб чиқариш динамикаси', 'Туманда саноат маҳсулотлари ишлаб чиқариш ҳажми — йиллик динамика', '2021: 988 | 2022: 810.3 | 2023: 1022.3 | 2024: 1104.1 | 2025: 1220 (млрд сўм)', TRUE, 'stat.uz', 'Саноат маҳсулотлари ишлаб чиқариш 5 йилда 988 → 1 220 млрд сўм (+23%). 2022 йилда 810 га тушиб, сўнг тикланди. Ўсиш секин, лекин барқарор. Тавсия: озиқ-овқат қайта ишлаш заводларини (ун, ёғ, сут) кенгайтириш ва қурилиш материаллари секторини ривожлантириш орқали ўсишни 10%+ га кўтариш.', NULL, NULL, 1, TRUE, '2026-04-28 12:00:00+05'::TIMESTAMPTZ);
INSERT INTO indicators (indicator_id, district_id, no, slide, slide_no, name, description, value, found, source_org, ai_insight, kpi_count, kpi_pct, load_no, final_flag, date_modify) VALUES (46, 2, 4, 1, '3', 'Маҳаллий бюджет', 'Маҳаллий бюджет ҳажми', '2023: 90.3 | 2024: 103.9 | 2025: 142.5 (млрд сўм)', TRUE, 'Хокимият', 'Маҳаллий бюджет 2023→2025 да 90,3 → 103,9 → 142,5 млрд сўм, 2 йилда +58%, 2024→2025 да +37,2% — вилоятдаги энг юқори суръат. Сабаб: экспорт +123,6%. Тавсия: тушумларни сақлаш учун инвестиция ва экспортни рағбатлантириш.', NULL, NULL, 1, TRUE, '2026-04-28 12:00:00+05'::TIMESTAMPTZ);
INSERT INTO indicators (indicator_id, district_id, no, slide, slide_no, name, description, value, found, source_org, ai_insight, kpi_count, kpi_pct, load_no, final_flag, date_modify) VALUES (47, 2, 5, 1, '4', 'Ажратилган кредитлар', 'Туман иқтисодиёти учун ажратилган жами кредитлар ҳажми', '2021: 278.3 | 2022: 354.6 | 2023: 316.0 | 2024: 543.6 | 2025: 690.9 (млрд сўм)', TRUE, 'Марказий банк', 'Кредит 2021→2025: 278 → 691 млрд сўм — 2,48 марта. Жами 5 йилда 2 183 млрд. 2024→2025 +27% ўсиш. NPL 0,8%. Тавсия: SQB улушини 65% дан 75% га чиқариш — мева қуритиш кластерига 120 млрд сўм.', NULL, NULL, 1, TRUE, '2026-04-28 12:00:00+05'::TIMESTAMPTZ);
INSERT INTO indicators (indicator_id, district_id, no, slide, slide_no, name, description, value, found, source_org, ai_insight, kpi_count, kpi_pct, load_no, final_flag, date_modify) VALUES (48, 2, 6, 1, '9', 'Google Trends иқтисодий фаоллик', 'Туман иқтисодий фаоллиги Google Trends орқали — аҳоли қидирув сўровлари асосида 0-100 балл шкаласи', 'Жами: 44 балл (100 дан) — ўрта фаоллик | 2024 йил ўртача: 40 балл | 2025 йил ўртача: 44 балл (+10% ўсиш) | Энг фаол ой: Май 2025 йил — 60 балл | Энг суст ой: Декабр 2024 йил — 20 балл | Мавсумийлик: баҳор-ёз юқори, қиш паст', TRUE, 'SQB', 'Google Trends 44/100 — ўрта фаоллик. Гиждувондан паст (50). 2024 да 40 → 2025 да 44 (+10%). Тавсия: ҳудудий брендинг ва туризм маркетинги орқали қизиқишни ошириш.', NULL, NULL, 1, TRUE, '2026-04-28 12:00:00+05'::TIMESTAMPTZ);
INSERT INTO indicators (indicator_id, district_id, no, slide, slide_no, name, description, value, found, source_org, ai_insight, kpi_count, kpi_pct, load_no, final_flag, date_modify) VALUES (49, 2, 7, 2, '1', 'Ичимлик суви билан таъминланганлик (%)', 'Аҳолини тоза ичимлик суви билан таъминланганлик даражаси', '2023: 48.6 | 2024: 50.1 | 2025: 66.5 (%)', TRUE, 'stat.uz', 'Ичимлик сув 2023 да 48,6% → 2025 да 66,5% — 2 йилда +17,9 п.п. яхши ўсиш. Лекин Гиждувондан паст (77%) ва қишлоқ МФЙларда 40% тоза сувсиз. Тавсия: AIIB Bukhara Water Supply Phase II лойиҳасига қўшилиш — 3 йилда 90% га етказиш.', NULL, NULL, 1, TRUE, '2026-04-28 12:00:00+05'::TIMESTAMPTZ);
INSERT INTO indicators (indicator_id, district_id, no, slide, slide_no, name, description, value, found, source_org, ai_insight, kpi_count, kpi_pct, load_no, final_flag, date_modify) VALUES (50, 2, 8, 2, '2', 'Ички йўллар таъмирланиш даражаси (%)', 'Туман ички йўлларининг таъмирланганлик даражаси', '2023: 18.0 | 2024: 20.0 | 2025: 22.0 (%)', TRUE, 'Узавтойул', 'Ички йўллар таъмирланиш даражаси 2023: 18% → 2024: 20% → 2025: 22% — барқарор ўсиш +4 б.п. 2 йилда. Тавсия: таъмирлаш суръатини сақлаш ва қишлоқ йўлларига кўпроқ маблағ йўналтириш, 2026 да 25%, 2028 да 35% га етказиш.', NULL, NULL, 1, TRUE, '2026-04-28 12:00:00+05'::TIMESTAMPTZ);
INSERT INTO indicators (indicator_id, district_id, no, slide, slide_no, name, description, value, found, source_org, ai_insight, kpi_count, kpi_pct, load_no, final_flag, date_modify) VALUES (51, 2, 9, 2, '3', 'Оқава сув билан таъминланганлик (%)', 'Канализация ва оқава сув тармоғи қамрови', '2023: 0.0 | 2024: 0.4 | 2025: 2.4 (%)', TRUE, 'stat.uz', 'Канализация қамрови 2023: 0% → 2024: 0,4% → 2025: 2,4% — ўсиш суръати юқори, лекин абсолют даража жуда паст (вилоятдаги энг ёмони). Тавсия: халқаро молиявий институтлар (JICA/ВБ/АТБ) ҳамкорлигида махсус лойиҳа ишга тушириш, 2027 йилгача 15% гача етказиш.', NULL, NULL, 1, TRUE, '2026-04-28 12:00:00+05'::TIMESTAMPTZ);
INSERT INTO indicators (indicator_id, district_id, no, slide, slide_no, name, description, value, found, source_org, ai_insight, kpi_count, kpi_pct, load_no, final_flag, date_modify) VALUES (52, 2, 10, 2, '4', 'Жамоат транспортидан фойдаланиш (%)', 'Аҳоли жамоат транспортидан фойдаланиш даражаси', '2023: 7.0 | 2024: 7.0 | 2025: 8.0 (%)', TRUE, 'Узавтойул', 'Жамоат транспорти 2023 да 7% → 2025 да 8% — жуда секин. Қишлоқ аҳолиси учун хусусий транспорт асосий. Тавсия: автобус парки янгилаш ва қишлоқ йўналишларини кенгайтириш.', NULL, NULL, 1, TRUE, '2026-04-28 12:00:00+05'::TIMESTAMPTZ);
INSERT INTO indicators (indicator_id, district_id, no, slide, slide_no, name, description, value, found, source_org, ai_insight, kpi_count, kpi_pct, load_no, final_flag, date_modify) VALUES (53, 2, 11, 2, '5', 'Электр таъминоти сифат даражаси (%)', 'Электр тармоғининг узилишсиз ишлаш ва сифат кўрсаткичи', '2023: 54 | 2024: 51 | 2025: 49 (%)', TRUE, 'Энергетика вазирлиги', 'Электр сифати 2023 да 54% → 2025 да 49% — пасайиш тренди. Узилишлар ошмоқда. Тавсия: Nur Bukhara Solar (500 МВт) лойиҳасига интеграция ва тармоқ модернизацияси.', NULL, NULL, 1, TRUE, '2026-04-28 12:00:00+05'::TIMESTAMPTZ);
INSERT INTO indicators (indicator_id, district_id, no, slide, slide_no, name, description, value, found, source_org, ai_insight, kpi_count, kpi_pct, load_no, final_flag, date_modify) VALUES (54, 2, 12, 2, '7', 'Ер тоифалари бўйича рўйхат (га)', 'Туман ер фонди тоифалар бўйича тақсимоти', 'Жами: 371 894 га ер майдони | Қишлоқ хўжалиги: 323 456 га | Ўрмон фонди: 44 669 га | Сув фонди: 1 873 га | Саноат/транспорт: 1 298 га | Тарихий-маданий: 343 га | Аҳоли пунктлари: 156 га | Захира ерлар: 58 га', TRUE, 'Кадастр', 'Eр ресурсларини инвентаризация килиш ва самарали ишлатиш.', NULL, NULL, 1, TRUE, '2026-04-28 12:00:00+05'::TIMESTAMPTZ);
INSERT INTO indicators (indicator_id, district_id, no, slide, slide_no, name, description, value, found, source_org, ai_insight, kpi_count, kpi_pct, load_no, final_flag, date_modify) VALUES (55, 2, 13, 2, NULL, 'Музлаткич ва омборхоналар', 'Туман музлаткич ва омбор инфратузилмаси (01.01.2025)', 'Жами: 3 та омбор / 800 тонна сиғим | Совуткичли омборлар: 2 та (400 тонна) | Оддий омборлар: 1 та (400 тонна)', TRUE, 'Хокимият', 'Шофирконда совуткичли сиғимлар атиги 400 тонна — Ғиждувондан 18,5× кам. Сақлаш инфратузилмаси заиф. Тавсия: 2026-2027 йилларда камида 1 000-1 500 тонна қўшимча совуткич сиғимини яратиш, агро қайта ишлаш кластерларига боғлаш.', NULL, NULL, 1, TRUE, '2026-04-28 12:00:00+05'::TIMESTAMPTZ);
INSERT INTO indicators (indicator_id, district_id, no, slide, slide_no, name, description, value, found, source_org, ai_insight, kpi_count, kpi_pct, load_no, final_flag, date_modify) VALUES (56, 2, 14, 2, '8', 'Мактабгача таълим қамрови', '3-7 ёшгача болаларни МТТга қамраб олиш даражаси', 'Жами: 87,6% қамров даражаси | 3-7 ёшли болалар: 15 426 та | Жами МТТ сони: 283 та | Давлат МТТ: 48 та | ДХШ: 17 та | Оилавий: 218 та | Қамраб олинган: 13 519 та', TRUE, 'stat.uz', 'МТТ қамрови 87,6% — Гиждувондан юқорироқ (85,2%). 15 426 болага хизмат, 283 та МТТ. Яхши натижа. Тавсия: қишлоқ МФЙларда оилавий МТТ сонини кенгайтириш — 95% га етказиш.', NULL, NULL, 1, TRUE, '2026-04-28 12:00:00+05'::TIMESTAMPTZ);
INSERT INTO indicators (indicator_id, district_id, no, slide, slide_no, name, description, value, found, source_org, ai_insight, kpi_count, kpi_pct, load_no, final_flag, date_modify) VALUES (57, 2, 15, 2, '9', 'Соғлиқни сақлаш тизими', 'Тиббий ташкилотлар, ўринлар ва ходимлар сони', 'Жами: 25 та тиббий ташкилот | Стационар ўринлар: 364 та (301 бюджет + 63 бюджетдан ташқари) | Жами штат: 1 965 бирлик | Врачлар: 385 та | Ўрта тиббий ходим: 1 017 та | Кичик тиббий ходим: 270 та', TRUE, 'stat.uz', '25 та тиббий ташкилот, 364 стационар ўрин (301 бюджет + 63 бошқа). Гиждувондан камроқ (34 та, 606 ўрин). Аҳолига нисбатан етарлироқ. Тавсия: канализация (2,4%) сабабли касалланиш хавфи — санитария инвестицияси.', NULL, NULL, 1, TRUE, '2026-04-28 12:00:00+05'::TIMESTAMPTZ);
INSERT INTO indicators (indicator_id, district_id, no, slide, slide_no, name, description, value, found, source_org, ai_insight, kpi_count, kpi_pct, load_no, final_flag, date_modify) VALUES (58, 2, 16, 2, '11', 'Агрозона харитаси', 'Туман қишлоқ хўжалик зоналари ва ихтисослашуви', 'Жами: 4 та асосий агрозона | Пахта етиштириш: марказий катта ҳудудлар (қизил зона) | Сабзавотчилик: кенг тарқалган (сариқ зона) | Боғдорчилик: шимолий ҳудудлар (яшил зона) | Чорвачилик: жанубий ва шарқий ҳудудлар (жигарранг зона)', TRUE, 'Кадастр', '4 та агрозона: пахта етиштириш (марказ, қизил зона), ғаллачилик, мевачилик, чорвачилик. Гиждувонда ҳам 4 та. Тавсия: мева қуритиш ва сабзавот учун 1-2 та янги агрозона очиш.', NULL, NULL, 1, TRUE, '2026-04-28 12:00:00+05'::TIMESTAMPTZ);
INSERT INTO indicators (indicator_id, district_id, no, slide, slide_no, name, description, value, found, source_org, ai_insight, kpi_count, kpi_pct, load_no, final_flag, date_modify) VALUES (59, 2, 17, 3, '9', 'Меҳнат ресурслари (минг)', 'Жами меҳнат ресурслари сони', '2021: 82.0 | 2022: 84.0 | 2023: 86.1 | 2024: 88.2 | 2025: 90.7 (минг киши)', TRUE, 'stat.uz', 'Меҳнат ресурслари 2021 йилдаги 82,0 минг кишидан 2025 йилга 90,7 минг кишига ўсди (+10,6%, йиллик ўртача +2,6%). Аграр секторга юқори боғлиқлик. Тавсия: (1) йилига 600-700 та янги иш ўрни; (2) озиқ-овқат қайта ишлаш заводлари; (3) фермер хўжаликларини доимий бандлик манбасига айлантириш; (4) аёллар учун HAMROH дастури.', NULL, NULL, 1, TRUE, '2026-04-28 12:00:00+05'::TIMESTAMPTZ);
INSERT INTO indicators (indicator_id, district_id, no, slide, slide_no, name, description, value, found, source_org, ai_insight, kpi_count, kpi_pct, load_no, final_flag, date_modify) VALUES (60, 2, 18, 3, NULL, 'Бандликни ошириш имкониятлари', 'Туманда бандликни ошириш учун мавжуд имкониятлар ва режалар', '2021: 61.4 | 2022: 62.9 | 2023: 64.4 | 2024: 66.0 | 2025: 67.9 (минг киши)', TRUE, 'stat.uz', 'Банд аҳоли 2021 йилдаги 61,4 минг кишидан 2025 йилга 67,9 минг кишига ўсди (+10,6%). Тавсиялар: (1) йилига 500-600 та янги иш ўрни; (2) озиқ-овқат қайта ишлаш заводлари; (3) HAMROH дастури орқали аёлларни жалб қилиш.', NULL, NULL, 1, TRUE, '2026-04-28 12:00:00+05'::TIMESTAMPTZ);
INSERT INTO indicators (indicator_id, district_id, no, slide, slide_no, name, description, value, found, source_org, ai_insight, kpi_count, kpi_pct, load_no, final_flag, date_modify) VALUES (61, 2, 19, 3, NULL, 'Ишсизлик кўрсаткичлари', 'Расмий ишсизлар сони ва ишсизлик даражаси динамикаси', '2021: 7.8 | 2022: 7.0 | 2023: 5.1 | 2024: 4.5 | 2025: 2.1 (минг киши)', TRUE, 'Mehnat.uz', 'Ишсизлар сони 2021 йилдаги 7,8 минг кишидан 2025 йилга 2,1 минг кишига тушди — 5 йилда 73% қисқариш. Тавсиялар: (1) озиқ-овқат қайта ишлаш; (2) HAMROH дастури; (3) 2026 йилда 2,5% мақсад.', 2100, 3.4, 1, TRUE, '2026-04-28 12:00:00+05'::TIMESTAMPTZ);
INSERT INTO indicators (indicator_id, district_id, no, slide, slide_no, name, description, value, found, source_org, ai_insight, kpi_count, kpi_pct, load_no, final_flag, date_modify) VALUES (62, 2, 20, 3, NULL, 'Камбағаллик кўрсаткичлари', 'Камбағал оилалар сони ва камбағаллик даражаси динамикаси', '2020: 5200 | 2021: 4650 | 2022: 4600 | 2023: 3200 | 2024: 2000 | 2025: 1650 (оила)', TRUE, 'stat.uz', 'Камбағал оилалар 2020 йилдаги 5 200 дан 2025 йилга 1 650 гача камайди (68% қисқариш). Тавсия: HAMROH дастури ва агро-микрокредит пакетлари орқали 2026 йилда 1 200 оилагача тушириш.', 1650, 3.6, 1, TRUE, '2026-04-28 12:00:00+05'::TIMESTAMPTZ);
INSERT INTO indicators (indicator_id, district_id, no, slide, slide_no, name, description, value, found, source_org, ai_insight, kpi_count, kpi_pct, load_no, final_flag, date_modify) VALUES (63, 2, 21, 3, '15', '«Барқарор келажак» — ёшлар даромадини ошириш', '2026 йилда даромади ошириладиган ёшлар — мажмуавий чоралар бўйича тақсимот', 'Жами: 1 580 нафар (2026 режа) | Тадбиркорликка жалб қилиш: 1 240 нафар | Доимий ишга жойлаштириш: 145 нафар | Кредит ажратиш ҳисобига: 105 нафар | Қайта касбга ўқитиш: 90 нафар', TRUE, 'Хокимият', '«Барқарор келажак» дастури доирасида 2026 йилда ёшлар даромадини ошириш — мажмуавий ёндашув. Энг катта улуш (78%) тадбиркорликка жалб қилишга тегишли — бу узоқ муддатли барқарорлик учун асос. Тавсия: маҳалла банкирлари орқали ҳар бир ёшга индивидуал бизнес-режа тузиш, муваффақиятли стартапларга имтиёзли қайтар кредит, доимий ишга жойлаштириш сонини 1 000 нафаргача кенгайтириш.', NULL, NULL, 1, TRUE, '2026-04-28 12:00:00+05'::TIMESTAMPTZ);
INSERT INTO indicators (indicator_id, district_id, no, slide, slide_no, name, description, value, found, source_org, ai_insight, kpi_count, kpi_pct, load_no, final_flag, date_modify) VALUES (64, 2, 22, 3, '16', 'Аёллар бандлиги ва даромадини ошириш', '2026 йилда даромади ошириладиган аёллар — чоралар бўйича тақсимот', 'Жами: 3 560 нафар (2026 режа) | Ўзини ўзи банд қилиш ҳисобига: 2 020 нафар | Доимий ишга жойлаштириш: 660 нафар | Тадбиркорликка жалб қилиш: 330 нафар | Қайта касбга ўқитиш ҳисобига: 310 нафар | Кредит ажратиш ҳисобига: 240 нафар', TRUE, 'stat.uz', '2026 йилда 3 560 нафар аёл даромадини оширишга йўналтирилган. Асосий драйвер — ўзини ўзи банд қилиш (2 020 нафар, 57%). Тавсия: HAMROH дастури ва қишлоқ жойларида оилавий бизнес инкубаторларини ташкил этиш.', NULL, NULL, 1, TRUE, '2026-04-28 12:00:00+05'::TIMESTAMPTZ);
INSERT INTO indicators (indicator_id, district_id, no, slide, slide_no, name, description, value, found, source_org, ai_insight, kpi_count, kpi_pct, load_no, final_flag, date_modify) VALUES (65, 2, 23, 3, '1', 'Аҳоли сони (минг)', 'Доимий аҳоли сони', '2023: 184.3 | 2024: 187.0 | 2025: 189.8 минг нафар', TRUE, 'stat.uz', 'Аҳоли 2023 да 184,3 минг → 2025 да 189,8 минг. Йилига +1,4%. Бухоро вилоятида 7-ўрин. Ёш аҳоли устун. Тавсия: йилига 3 000+ иш ўрни яратиш мажбурияти.', NULL, NULL, 1, TRUE, '2026-04-28 12:00:00+05'::TIMESTAMPTZ);
INSERT INTO indicators (indicator_id, district_id, no, slide, slide_no, name, description, value, found, source_org, ai_insight, kpi_count, kpi_pct, load_no, final_flag, date_modify) VALUES (66, 2, 24, 3, '2', 'Маҳаллалар сони', 'МФЙ (маҳалла фуқаролар йиғини) сони', '50 та', TRUE, 'SQB', '50 МФЙ — 8 шаҳарча + 13 қишлоқ ФЙ + субмаҳалла. Гиждувондан кичикроқ. Тавсия: маҳалла банкирлари сонини 12 → 30 га ошириш, ҳар МФЙ учун микрокредит офиси.', NULL, NULL, 1, TRUE, '2026-04-28 12:00:00+05'::TIMESTAMPTZ);
INSERT INTO indicators (indicator_id, district_id, no, slide, slide_no, name, description, value, found, source_org, ai_insight, kpi_count, kpi_pct, load_no, final_flag, date_modify) VALUES (67, 2, 25, 3, '3', 'Оилалар сони', 'Жами оилалар сони', '43 000 та (≈43 минг оила)', TRUE, 'SQB', '43 000 оила — ўртача 4,4 киши/оила. Оилавий агробизнес (мева, тухум, сут) потенциали юқори. Тавсия: «Ҳар бир оила — тадбиркор» дастурида 3 000 оилага имтиёзли микрокредит.', NULL, NULL, 1, TRUE, '2026-04-28 12:00:00+05'::TIMESTAMPTZ);
INSERT INTO indicators (indicator_id, district_id, no, slide, slide_no, name, description, value, found, source_org, ai_insight, kpi_count, kpi_pct, load_no, final_flag, date_modify) VALUES (68, 2, 26, 3, '4', 'Хонадонлар сони', 'Жами хонадонлар сони', '36 300 та', TRUE, 'SQB', '36 300 хонадон. Гиждувонга нисбатан кам (69 800). Шаҳар хонадонлари модерн, лекин қишлоқ МФЙларда уй-жой сифати паст. Тавсия: ипотека ва қишлоқ хонадонлари модернизацияси.', NULL, NULL, 1, TRUE, '2026-04-28 12:00:00+05'::TIMESTAMPTZ);
INSERT INTO indicators (indicator_id, district_id, no, slide, slide_no, name, description, value, found, source_org, ai_insight, kpi_count, kpi_pct, load_no, final_flag, date_modify) VALUES (69, 2, 27, 4, '10', 'SQB рақамли хизматлари', 'SQB банкнинг рақамли ва мобил молиявий хизматлар экотизими', 'Жами: 3 та рақамли платформа | SQB Mobile: жисмоний шахслар учун мобил банк — тўловлар, ўтказмалар, онлайн кредит | SQB Business: юридик шахслар учун онлайн бухгалтерия, тўлов, ҳисоб-китоб | SQB AI Advisor: сунъий интеллект асосидаги молиявий маслаҳатчи — кредит скоринг, инвестиция таҳлили', TRUE, 'SQB', 'SQB 4 та рақамли платформадан иборат экотизим яратган: Mobile (B2C), Business (B2B), AI Advisor (AI-асосидаги консалтинг). Ғиждувон ва Шофирконда 60%+ аҳолини қамраб олган. 2026 га 95% мақсад. Тавсия: қишлоқ МФЙларига масофавий терминаллар ва рақамли саводхонлик курслари.', NULL, NULL, 1, TRUE, '2026-04-28 12:00:00+05'::TIMESTAMPTZ);
INSERT INTO indicators (indicator_id, district_id, no, slide, slide_no, name, description, value, found, source_org, ai_insight, kpi_count, kpi_pct, load_no, final_flag, date_modify) VALUES (70, 2, 28, 4, '3', 'Маҳалла ихтисослашуви', 'Маҳаллалар асосий ишлаб чиқариш йўналиши бўйича ихтисослашуви', 'Жами: 39 та ихтисослашган МФЙ | Пахтачилик: 15 та МФЙ | Ғаллачилик: 10 та МФЙ | Чорвачилик ва сут маҳсулотлари: 8 та МФЙ | Қурилиш материаллари: 6 та МФЙ', TRUE, 'Иқтисодиёт ва молия вазирлиги', '39 та ихтисослашган МФЙ: пахтачилик 15, ғаллачилик 10, мева қуритиш 8, чорвачилик ва тикувчилик. Диверсификация кам. Тавсия: 5 йилда 2-3 та янги йўналиш қўшиш.', NULL, NULL, 1, TRUE, '2026-04-28 12:00:00+05'::TIMESTAMPTZ);
INSERT INTO indicators (indicator_id, district_id, no, slide, slide_no, name, description, value, found, source_org, ai_insight, kpi_count, kpi_pct, load_no, final_flag, date_modify) VALUES (71, 2, 29, 4, '4', 'Маҳалла драйвер секторлари', 'Асосий драйвер секторлар: пахтачилик, ғаллачилик, мева қуритиш, чорвачилик, тикувчилик', 'Жами: 4 та асосий драйвер сектор | Пахтачилик: 12 110 га | Ғаллачилик: 6 100 га | Мева қуритиш кластери | Чорвачилик: сут ва гўшт | Тикувчилик: Кулба МФЙ', TRUE, 'SQB', '5 та драйвер: пахтачилик (12 110 га), ғаллачилик (6 100 га), мева қуритиш, чорвачилик, тикувчилик. Қ/х устуворлиги юқори. Тавсия: мева қуритиш кластерини кенгайтириш ва тикувчиликни саноат даражасида ривожлантириш.', NULL, NULL, 1, TRUE, '2026-04-28 12:00:00+05'::TIMESTAMPTZ);
INSERT INTO indicators (indicator_id, district_id, no, slide, slide_no, name, description, value, found, source_org, ai_insight, kpi_count, kpi_pct, load_no, final_flag, date_modify) VALUES (72, 2, 30, 4, '5', 'Микролойиҳалар сони ва иш ўринлари', 'Йиллик кредит режа, иш ўринлари ва банклар бўйича маҳалла тақсимоти', 'Жами: 2026 йил 490 лойиҳа амалга оширилади | Иш ўринлари: 980 та | Жами маҳаллалар: 50 та | Маҳалла банкирлари: 13 та — ҳар лойиҳага масъул | Ўзсаноатқурилишбанк (SQB): 133 та лойиҳа | Халқ банки: 98 та лойиҳа | Микрокредитбанк: 73 та лойиҳа | Агро банк: 65 та лойиҳа | Миллий банк: 40 та лойиҳа | Ҳамкор банк: 41 та лойиҳа | Инфинбанк: 40 та лойиҳа', TRUE, 'Марказий банк', 'Шофирконда 50 МФЙда 490 та микролойиҳа режалаштирилган — 13 та маҳалла банкири ҳар лойиҳани кузатади. Банкирлар: скоринг, кредит расмийлаштириш ёрдами, мониторинг ва молиявий маслаҳат. Тавсия: агро-кластер лойиҳаларга устувор эътибор, аёллар тадбиркорлигини HAMROH билан боғлаш.', NULL, NULL, 1, TRUE, '2026-04-28 12:00:00+05'::TIMESTAMPTZ);
INSERT INTO indicators (indicator_id, district_id, no, slide, slide_no, name, description, value, found, source_org, ai_insight, kpi_count, kpi_pct, load_no, final_flag, date_modify) VALUES (73, 2, 31, 4, '8', '«Ҳар бир оила — тадбиркор» дастури', '', 'Жами: Оилавий тадбиркорлик учун имтиёзли кредит | Иштирокчи банклар: Халқ банки, Микрокредит банк | Фоиз ставкаси: 18% | Максимал сумма: 300 млн сўм | Муддат: 3 йилгача | Имтиёзли давр: 3-6 ой', TRUE, 'Марказий банк', '70 та флагман лойиҳа дастурида Шофиркон улуши: мева қуритиш + пахта қайта ишлаш. Тавсия: моделни такрорлаш — оилавий тадбиркорлик + маҳалла банкири.', NULL, NULL, 1, TRUE, '2026-04-28 12:00:00+05'::TIMESTAMPTZ);
INSERT INTO indicators (indicator_id, district_id, no, slide, slide_no, name, description, value, found, source_org, ai_insight, kpi_count, kpi_pct, load_no, final_flag, date_modify) VALUES (74, 2, 32, 4, '9', '«HAMROH» хотин-қизлар тадбиркорлиги', 'Хотин-қизлар учун махсус молиявий дастур', 'Жами: Хотин-қизлар учун махсус молиявий дастур | Иштирокчи банклар: SQB, Халқ банки, Микрокредит банк, Агро банк | Гаровсиз кредит: 100 млн сўмгача| Компания кафиллиги: 70% | 2026-2027 бюджет: 2 трлн сўм, 6 000 лойиҳа', TRUE, 'Марказий банк', 'HAMROH — хотин-қизлар тадбиркорлигини қўллаб-қувватлашнинг энг катта давлат дастури. 2026-2027 учун 2 трлн сўм бюджет, 6 000 та лойиҳа режалаштирилган. Ғиждувон ва Шофирконда аёллар тадбиркорлиги потенциали юқори (тикувчилик, кулолчилик, оилавий боғдорчилик, сут маҳсулотлари). Тавсия: маҳалла банкирлари орқали аёлларни актив жалб қилиш, бизнес тренинглар ташкил этиш ва муваффақиятли намуналарни кенг оммавий таништириш.', NULL, NULL, 1, TRUE, '2026-04-28 12:00:00+05'::TIMESTAMPTZ);
INSERT INTO indicators (indicator_id, district_id, no, slide, slide_no, name, description, value, found, source_org, ai_insight, kpi_count, kpi_pct, load_no, final_flag, date_modify) VALUES (75, 2, 33, 4, NULL, 'Ишсизлик юқори маҳаллалар — SQB режаси', 'Ишсизлик даражаси юқори бўлган маҳаллаларни ҳоли ҳудудга айлантириш режаси', 'Жами: 4 та маҳалла / 280 нафар ишсиз | Микро лойиҳалар сони: 95 та | Умумий ажратиладиган сумма: 3,8 млрд сўм', TRUE, 'SQB', 'Шофирконда 4 та маҳаллада юқори ишсизлик аниқланган. SQB ёшлар ва HAMROH дастурлари орқали 95 та микролойиҳа, 3,8 млрд сўм ажратиш режаси.', NULL, NULL, 1, TRUE, '2026-04-28 12:00:00+05'::TIMESTAMPTZ);
INSERT INTO indicators (indicator_id, district_id, no, slide, slide_no, name, description, value, found, source_org, ai_insight, kpi_count, kpi_pct, load_no, final_flag, date_modify) VALUES (76, 2, 34, 5, '3', 'Қишлоқ хўжалиги қайта ишлаш саноати', 'Шофиркон агросаноат кластери — озиқ-овқат қайта ишлаш', 'Жами: 4 та янги қайта ишлаш заводи режаси | Йўналиш: сут, гўшт, ун, ёғ, консерва | Хом ашё: туман ўзи | Инвестиция: $50-80 млн | Иш ўринлари: 800-1 200 та | Экспорт: Россия, Қозоғистон', TRUE, 'SQB', '4 та янги қайта ишлаш заводи режаси — сут, гўшт, ун, ёғ, консерва. Айни устувор соҳалар 2026 Бухоро стратегиясида. Тавсия: кластер ёндашуви — ер + инфратузилма + кредит.', NULL, NULL, 1, TRUE, '2026-04-28 12:00:00+05'::TIMESTAMPTZ);
INSERT INTO indicators (indicator_id, district_id, no, slide, slide_no, name, description, value, found, source_org, ai_insight, kpi_count, kpi_pct, load_no, final_flag, date_modify) VALUES (77, 2, 35, 5, NULL, 'Туризм потенциали ва тарихий мерос', 'Тарихий объектлар, агротуризм ва туризм инфратузилмаси', 'Жами: 3 та асосий йўналиш | Тарихий объектлар: Шофиркон шаҳар маркази, масжид-мадрасалар | Туризм оқими 2026: 606 минг киши (+19%) | Агротуризм: пахтазор ва боғлар', TRUE, 'Хокимият', 'Шофиркон туризм потенциали — тарихий масжид-мадрасалар, агротуризм (пахта, боғ, чорва) ва Бухоро яқинлиги. Тавсия: (1) тарихий объектларни тиклаш; (2) пахта ҳосилини кўриш агро-маршрутлар; (3) меҳмонхона тармоғини кенгайтириш; (4) гастротуризм (маҳаллий таомлар).', NULL, NULL, 1, TRUE, '2026-04-28 12:00:00+05'::TIMESTAMPTZ);
INSERT INTO indicators (indicator_id, district_id, no, slide, slide_no, name, description, value, found, source_org, ai_insight, kpi_count, kpi_pct, load_no, final_flag, date_modify) VALUES (78, 2, 36, 5, '7', 'Қуёш энергияси ва ишлаб чиқариш', 'Қуёш нурлари фаол ҳудуд — қайта тикланувчи энергетика салоҳияти', 'Жами: 300+ қуёшли кун/йил | Йўналиш: қуёш панеллари | Имконият: саноат корхоналари учун арзон электр | Уй хўжаликлари учун қуёш сув иситгич дастури | Инвестиция: $10-30 млн/лойиҳа', TRUE, 'Энергетика вазирлиги', '300+ қуёшли кун/йил. Nur Bukhara Solar (500 МВт) лойиҳасига интеграция мумкин. Арзон электр ва уй хўжаликлари учун қуёш сув иситгич. Тавсия: микро-тармоқ ва қуёш панели дастурлари.', NULL, NULL, 1, TRUE, '2026-04-28 12:00:00+05'::TIMESTAMPTZ);
INSERT INTO indicators (indicator_id, district_id, no, slide, slide_no, name, description, value, found, source_org, ai_insight, kpi_count, kpi_pct, load_no, final_flag, date_modify) VALUES (79, 2, 37, 6, '1', 'Экспорт — рекорд ўсиш драйвери', 'Экспорт +123,6% ўсиш — туманнинг асосий кучи. Мева қуритиш кластери ривожланмоқда.', 'Жами: +123,6% | Экспорт 2025: 12,3 млн $ | Прогноз 2027: 26,7 млн $ | Ўсиш: +20,3% | ML: +28,9% (инвестиция)', TRUE, 'Туман таҳлил + Wikipedia + stat.uz', 'Экспорт +123,6% — рекорд. Мева қуритиш ягона драйвер. Хавф: моно-экспорт. Тавсия: диверсификация — фармацевтика, озиқ-овқат, тикувчилик. 3 йилда экспорт 12 → 30 млн $.', NULL, NULL, 1, TRUE, '2026-04-28 12:00:00+05'::TIMESTAMPTZ);
INSERT INTO indicators (indicator_id, district_id, no, slide, slide_no, name, description, value, found, source_org, ai_insight, kpi_count, kpi_pct, load_no, final_flag, date_modify) VALUES (80, 2, 38, 6, '2', 'Қишлоқ хўжалиги — ортиқча концентрация', '60% улуш — жуда юқори. Диверсификация, қайта ишлаш ва кластерга айлантириш зарур.', 'Жами: 4 239 млрд | Улуши: 60% | Ўсиш: +113,4% | Пахта: 12 110 га | Ғалла: 6 100 га | Суғориладиган: 20 568 га', TRUE, 'Туман таҳлил + Wikipedia + stat.uz', 'Қ/х 60% — жуда юқори концентрация, вилоятда энг ортиқча. Хизматлар улуши 18% → 30% — 5 йилда реалистик. Тавсия: диверсификация стратегик устувор.', NULL, NULL, 1, TRUE, '2026-04-28 12:00:00+05'::TIMESTAMPTZ);
INSERT INTO indicators (indicator_id, district_id, no, slide, slide_no, name, description, value, found, source_org, ai_insight, kpi_count, kpi_pct, load_no, final_flag, date_modify) VALUES (81, 2, 39, 6, '3', 'Инвестиция — асосий хавф', 'Инвестиция ҳажми -4,1% пасайган — ягона манфий кўрсаткич. Инвест жалб дастури муҳим.', 'Жами: -4,1% | 2025 ҳажми: 165 млрд | Мақсад: +20% | FDI: йўқ | Халқаро лойиҳа: JICA/EBRD | Ҳамкорлик: 1 маркет', TRUE, 'Туман таҳлил + Wikipedia + stat.uz', 'Инвестиция -4,1% — ягона манфий кўрсаткич, стратегик хавф. Сабаб: FDI йўқ, ички инвестор кам. Тавсия: халқаро молия институтлари (ADB, AIIB, JICA) билан 100+ млн $ FDI дастури.', NULL, NULL, 1, TRUE, '2026-04-28 12:00:00+05'::TIMESTAMPTZ);
INSERT INTO indicators (indicator_id, district_id, no, slide, slide_no, name, description, value, found, source_org, ai_insight, kpi_count, kpi_pct, load_no, final_flag, date_modify) VALUES (82, 2, 40, 6, '4', 'Инфратузилма — вилоятдаги энг паст канализация', 'Канализация 2,4% — ҳалокатли даража. Бухоро минтақасида ADB/AIIB Water Supply лойиҳасига киритиш зарур.', 'Жами: 2,4% | Канализация: 2,4% | Ичимлик сув: 66,5% | Йўл асфальт: 22% | Газ: 92% | Электр: 97%', TRUE, 'Туман таҳлил + Wikipedia + stat.uz', 'Канализация 2,4% — вилоятдаги энг паст, мамлакатда қуйи 5%. Саломатлик ва экология хавфи ғоят юқори. Тавсия: AIIB Water Supply Phase II — 2028 га 25%.', NULL, NULL, 1, TRUE, '2026-04-28 12:00:00+05'::TIMESTAMPTZ);
INSERT INTO indicators (indicator_id, district_id, no, slide, slide_no, name, description, value, found, source_org, ai_insight, kpi_count, kpi_pct, load_no, final_flag, date_modify) VALUES (83, 2, 41, 6, '5', 'Бандлик — норасмий сектор 33,4%', 'Норасмий бандлик вилоятдаги энг юқори. Расмийлаштириш + микрокредит зарур.', 'Жами: 33,4% | Меҳнат ресурси: 84 500 | Расмий ишсизлик: 4,6% | Реал ишсизлик: 14,5% | Миграция: 7 300 | Ўрт маош: 2,3 млн', TRUE, 'Туман таҳлил + Wikipedia + stat.uz', 'Норасмий бандлик 33,4% — вилоятдаги энг юқори. Сабаб: пахтачилик мавсумий. Тавсия: расмийлаштириш + МЧЖ имтиёзи — йилига 3 000 ишчи.', NULL, NULL, 1, TRUE, '2026-04-28 12:00:00+05'::TIMESTAMPTZ);
INSERT INTO indicators (indicator_id, district_id, no, slide, slide_no, name, description, value, found, source_org, ai_insight, kpi_count, kpi_pct, load_no, final_flag, date_modify) VALUES (84, 2, 42, 6, '6', 'Фармацевтика ва озиқ-овқат — 2026 устувор', 'Бухоро вилояти стратегиясида Шофиркон 2026 йил учун фармацевтика ва озиқ-овқат йўналишлари танланган.', 'Жами: 2 устувор | Фармацевтика: янги | Озиқ-овқат: кластер | Пахта тозалаш: мавжуд | Ғишт заводи: 3 та | Шароб: 1 та', TRUE, 'Туман таҳлил + Wikipedia + stat.uz', 'Фармацевтика + озиқ-овқат — 2026 Бухоро стратегиясида устувор. Ҳозир мавжуд эмас. Тавсия: 2 та янги завод (фармацевтика + консерва) — 500 иш ўрни.', NULL, NULL, 1, TRUE, '2026-04-28 12:00:00+05'::TIMESTAMPTZ);
INSERT INTO indicators (indicator_id, district_id, no, slide, slide_no, name, description, value, found, source_org, ai_insight, kpi_count, kpi_pct, load_no, final_flag, date_modify) VALUES (85, 2, 43, 6, '7', 'Кичик бизнес — секинлашиш', '2023→2024 фаол корхоналар 1637 дан 1599 га тушган. Микрофирмалар қўллаб-қувватлаш зарур.', 'Жами: 1 599 | 2023 да эди: 1 637 | Йилда янги: 63 | Нетто: -38 | Тугатилган: ≈101 | Вилоят улуши: 7,2%', TRUE, 'Туман таҳлил + Wikipedia + stat.uz', 'Кичик бизнес 2023→2024 да -38 нетто камайиш. Тугатилган ≈101. Сабаблар: инвестиция тушиши, норасмий рақобат. Тавсия: кичик бизнес фонди ва реструктуризация.', NULL, NULL, 1, TRUE, '2026-04-28 12:00:00+05'::TIMESTAMPTZ);
INSERT INTO indicators (indicator_id, district_id, no, slide, slide_no, name, description, value, found, source_org, ai_insight, kpi_count, kpi_pct, load_no, final_flag, date_modify) VALUES (86, 2, 44, 6, '8', 'SQB стратегик ҳамкорлик', 'Комплекс пакет: халқаро кредит (JICA) + Хорижий молия институтлари линиялари + лойиҳалар фабрикаси + агрокластер. Ҳамкорлик ҳажми ошиши зарур.', 'Жами: SQB ва ҳамкор банклар стратегик пакети | Иштирокчи банклар: SQB ва бошқа тижорат банклари | «Ҳар бир оила — тадбиркор»: 18% ставка, 300 млн сўмгача | HAMROH хотин-қизлар: 100 млн сўмгача гаровсиз | Микролойиҳалар йиллик режа: 700 та лойиҳа / 1 400 иш ўрни', TRUE, 'Туман таҳлил + Wikipedia + stat.uz', 'SQB ва ҳамкор тижорат банклари туман иқтисодиётини иккита устувор йўналишда қўллаб-қувватлайди: (1) оилавий ва микробизнес — «Ҳар бир оила — тадбиркор» дастури (300 млн сўмгача, 18% ставка) ҳамда HAMROH хотин-қизлар тадбиркорлиги (100 млн сўмгача гаровсиз кредит); (2) мунтазам микролойиҳалар амалиёти — йилига 700 та лойиҳа ва 1 400 та доимий иш ўрни. Тавсия: маҳалла банкирлари тармоғи орқали ҳар бир МФЙга индивидуал ёндашув ва халқаро молиявий институтлар (JICA, EBRD, ADB) билан ҳамкорликни кенгайтириш.', NULL, NULL, 1, TRUE, '2026-04-28 12:00:00+05'::TIMESTAMPTZ);
INSERT INTO indicators (indicator_id, district_id, no, slide, slide_no, name, description, value, found, source_org, ai_insight, kpi_count, kpi_pct, load_no, final_flag, date_modify) VALUES (87, 2, 45, 5, '1', 'Меҳмонхоналар сони', 'Туман ҳудудидаги меҳмонхоналар ва ўринлар сони (2025→2026 режа)', 'Жами: 3 та меҳмонхона (2026 режа) | 2025 йил факт: 1 та | Ўринлар сони (2025): 68 та | Ўринлар сони (2026 режа): 84 та | Ўсиш: +200%', TRUE, 'Хокимият', 'Меҳмонхоналар 1 та (2025) → 3 та (2026 режа). Ўринлар 60 → 220. Жуда паст кўрсаткич. Тавсия: 5 йилда 10+ меҳмонхона ва йўл бўйи сервис марказлари.', NULL, NULL, 1, TRUE, '2026-04-28 12:00:00+05'::TIMESTAMPTZ);
INSERT INTO indicators (indicator_id, district_id, no, slide, slide_no, name, description, value, found, source_org, ai_insight, kpi_count, kpi_pct, load_no, final_flag, date_modify) VALUES (88, 2, 46, 5, NULL, 'Сайёҳлар оқими (жами / маҳаллий / хорижий)', 'Туманга ташриф буюрган сайёҳлар таркиби ва 2026 йил режа', 'Жами: 606,1 минг сайёҳ (2026 режа) | 2025 йил факт: 510,2 минг сайёҳ | Маҳаллий сайёҳлар (2026): 505,4 минг (+16,0%) | Хорижий сайёҳлар (2026): 100,7 минг (+35,2%) | Жами ўсиш 2025→2026: +95,9 минг (+18,8%)', TRUE, 'stat.uz', 'Сайёҳлар оқими 2026 йилда 606,1 минг кишига етади (+18,8% ўсиш). Хорижий сайёҳлар 35% ўсиш — катта потенциал. Тавсия: тарихий объектларни тиклаш, агротуризм маршрутларини яратиш, меҳмонхона тармоғини кенгайтириш.', NULL, NULL, 1, TRUE, '2026-04-28 12:00:00+05'::TIMESTAMPTZ);
INSERT INTO indicators (indicator_id, district_id, no, slide, slide_no, name, description, value, found, source_org, ai_insight, kpi_count, kpi_pct, load_no, final_flag, date_modify) VALUES (89, 2, 47, 5, '5', 'Туризм хизматлари экспорти', 'Туризм соҳасидан валюта тушуми (млн АҚШ $)', '2021: 4.6 | 2022: 7.7 | 2023: 12.2 | 2024: 17.3 | 2025: 20.3 (млн $)', TRUE, 'stat.uz', 'Туризм экспорти 2021 йилдаги 4,6 млн $ дан 2025 йилга 20,3 млн $ га ўсди (4,4 баравар). Ўсиш тренди ижобий. Тавсия: 2027 йилгача 30 млн $ — тарихий объектлар, агротуризм, меҳмонхона тармоғини кенгайтириш. Манба: тахминий ҳисоблаш.', NULL, NULL, 1, TRUE, '2026-04-28 12:00:00+05'::TIMESTAMPTZ);

-- districts for region: fergana
INSERT INTO districts (district_id, region_id, slug, name_uz, name_ru, name_en, district_name, json_file, has_data, type, year, total_cards, load_no, final_flag, date_modify) VALUES (3, 2, 'qoqon', 'Қўқон', 'Коканд', 'Kokand', '', 'qoqon.json', TRUE, 'shahar', NULL, 43, 1, TRUE, '2026-04-28 12:00:00+05'::TIMESTAMPTZ);
INSERT INTO hero_kpis (hero_kpi_id, district_id, metric_name, metric_value, metric_unit, load_no, final_flag, date_modify) VALUES (1, 3, 'Аҳоли', 319.6, 'минг киши', 1, TRUE, '2026-04-28 12:00:00+05'::TIMESTAMPTZ);
INSERT INTO hero_kpis (hero_kpi_id, district_id, metric_name, metric_value, metric_unit, load_no, final_flag, date_modify) VALUES (2, 3, 'Маҳалла', 68, 'та', 1, TRUE, '2026-04-28 12:00:00+05'::TIMESTAMPTZ);
INSERT INTO hero_kpis (hero_kpi_id, district_id, metric_name, metric_value, metric_unit, load_no, final_flag, date_modify) VALUES (3, 3, 'Оила', 87141, 'та', 1, TRUE, '2026-04-28 12:00:00+05'::TIMESTAMPTZ);
INSERT INTO hero_kpis (hero_kpi_id, district_id, metric_name, metric_value, metric_unit, load_no, final_flag, date_modify) VALUES (4, 3, 'Хонадон', 69085, 'та', 1, TRUE, '2026-04-28 12:00:00+05'::TIMESTAMPTZ);
INSERT INTO indicators (indicator_id, district_id, no, slide, slide_no, name, description, value, found, source_org, ai_insight, kpi_count, kpi_pct, load_no, final_flag, date_modify) VALUES (90, 3, 1, 1, '1', 'Шаҳарнинг макроиқтисодий кўрсаткичлари', 'Саноат, бозор хизматлари ҳажми, тармоқлар улуши ва ўсиш суръати', 'Жами: 2025 йил кўрсаткичлари | Саноат: 9 410,4 млрд сўм (+24,2%) | Бозор хизматлари: 6 371 млрд сўм (+18,4%) | Саноат ўсиш суръати: 109,4% | Тармоқлар улуши: Қ/х 9,5%, Саноат 21,5%, Хизматлар 69% | Очилган корхоналар (2025): 619 та | Ёпилган корхоналар (2025): 140 та', TRUE, 'stat.uz', 'Саноатда юқори ўсиш кузатилаётгани сабабли қиймат занжирини чуқурлаштириш (тайёр маҳсулот улушини ошириш) керак. Хизматлар улуши катта бўлгани учун савдо-логистика ва сервис инфратузилмасига инвестицияни кучайтириш мақсадга мувофиқ. Саноат ва хизматлар юқори суръатда ўсаётгани учун кейинги босқичда логистика, кадрлар тайёрлаш ва энергия самарадорлигига йўналтирилган лойиҳаларни кучайтириш мақсадга мувофиқ.', NULL, NULL, 1, TRUE, '2026-04-28 12:00:00+05'::TIMESTAMPTZ);
INSERT INTO indicators (indicator_id, district_id, no, slide, slide_no, name, description, value, found, source_org, ai_insight, kpi_count, kpi_pct, load_no, final_flag, date_modify) VALUES (91, 3, 2, 1, '1', 'Шаҳар иқтисодиётининг 4 та драйвери', 'Қўқон шаҳрининг устувор тармоқлари ва ривожланиш йўналишлари', 'Жами: 4 та устувор соҳа | 1-ўрин Савдо: савдо-логистика марказлари ва бозор инфратузилмаси | 2-ўрин Ишлаб чиқариш: енгил саноат, тўқимачилик ва тикувчилик | 3-ўрин Туризм: тарихий обидалар ва маданий туризм салоҳияти | 4-ўрин Хизматлар: молиявий, транспорт ва сервис хизматлари', TRUE, 'SQB', 'Устувор тармоқларни «бир-бирига боғланган кластер» шаклида ривожлантириш керак: ишлаб чиқариш + савдо + логистика + туризм сервиси. Ҳар бир тармоқ учун 1–2 та «тез натижа» берувчи лойиҳани молиялаштириб, бандлик ва тушумга таъсирини KPI орқали ойма-ой баҳолаш тавсия этилади.', NULL, NULL, 1, TRUE, '2026-04-28 12:00:00+05'::TIMESTAMPTZ);
INSERT INTO indicators (indicator_id, district_id, no, slide, slide_no, name, description, value, found, source_org, ai_insight, kpi_count, kpi_pct, load_no, final_flag, date_modify) VALUES (92, 3, 3, 1, '1', 'Саноат маҳсулотлари ишлаб чиқариш динамикаси', 'Шаҳарда саноат маҳсулотлари ишлаб чиқариш ҳажми — йиллик динамика', '2021: 5145 | 2022: 5602.6 | 2023: 5886.6 | 2024: 7577.8 | 2025: 9410.4 (млрд сўм)', TRUE, 'stat.uz', 'Динамика ижобий ва тезлашаётгани учун ишлаб чиқариш қувватларини модернизация қилиш, энергия самарадорлигини ошириш ва экспортбоп маҳсулот улушини кенгайтириш керак. Ўсиш суръати барқарорлигини сақлаш учун хомашё таъминоти ва транспорт логистикасида узилиш хавфларини олдиндан бошқариш зарур.', NULL, NULL, 1, TRUE, '2026-04-28 12:00:00+05'::TIMESTAMPTZ);
INSERT INTO indicators (indicator_id, district_id, no, slide, slide_no, name, description, value, found, source_org, ai_insight, kpi_count, kpi_pct, load_no, final_flag, date_modify) VALUES (93, 3, 4, 1, '1', 'Ажратилган кредитлар', 'Шаҳар иқтисодиёти учун ажратилган жами кредитлар ҳажми', '{''type'': ''yearly_credits'', ''years'': [2021, 2022, 2023, 2024, 2025], ''values'': [1107, 637, 1062, 1149, 3169], ''total'': 7124, ''unit'': ''млрд сўм''}', TRUE, 'Марказий банк', 'Кредитлар ҳажми кескин ошгани учун уларни ишлаб чиқариш, экспорт ва юқори қўшимча қиймат берувчи лойиҳаларга мақсадли тақсимлаш керак. Эрта огоҳлантириш тизимини кучайтириш ва кредитларни тармоқлар бўйича мунтазам таҳлил қилиб бориш зарур.', NULL, NULL, 1, TRUE, '2026-04-28 12:00:00+05'::TIMESTAMPTZ);
INSERT INTO indicators (indicator_id, district_id, no, slide, slide_no, name, description, value, found, source_org, ai_insight, kpi_count, kpi_pct, load_no, final_flag, date_modify) VALUES (94, 3, 5, 1, '1', 'Google Trends иқтисодий фаоллик', 'Шаҳар иқтисодий фаоллиги Google Trends орқали — аҳоли қидирув сўровлари асосида 0-100 балл шкаласи', 'Жами: 65 балл (100 дан) — юқори фаоллик | 2024 йил ўртача: 58 балл | 2025 йил ўртача: 65 балл (+12% ўсиш) | Энг фаол ой: Апрел 2025 йил — 82 балл | Энг суст ой: Январ 2024 йил — 31 балл | Мавсумийлик: баҳор-ёз юқори, қиш паст', TRUE, 'SQB', 'Google Trends 65/100 — юқори фаоллик. 2024 да 58 → 2025 да 65 (+12%). Қўқон Ўзбекистоннинг 4-йирик шаҳри сифатида барқарор қизиқиш ўсишини кўрсатмоқда. Тавсия: туризм ва инвестиция контентини рақамли каналларда кучайтириш, шаҳар брендини ривожлантириш орқали қидирув фаоллигини янада оширш мумкин.', NULL, NULL, 1, TRUE, '2026-04-28 12:00:00+05'::TIMESTAMPTZ);
INSERT INTO indicators (indicator_id, district_id, no, slide, slide_no, name, description, value, found, source_org, ai_insight, kpi_count, kpi_pct, load_no, final_flag, date_modify) VALUES (95, 3, 6, 1, '1', '«Қўқон ЭИЗ» махсус саноат зонаси', 'Қўқон шаҳри балансидаги саноат зоналари мавжуд эмас — Учкўприк туманда Қўқон эркин иқтисодий зона ташкил этилган', 'Жами: Қўқон ЭИЗ Қўқон эркин иқтисодий зона | ВМ қарори: 23.12.2024 йил №846-сон | Жами тадбиркорлик субъектлари: 117 нафар | Қўқондан кўчиб ўтган корхоналар: 80+ та | Асосий корхоналар: Great Kokand, Beton Plita, Euro Cable Industry, Quantity Glass, Glorius Business | Муаммо: кўрсаткичлар Учкўприк статистикасида акс этмоқда | Таклиф: Махсус саноат зонасини Қўқон шаҳар заҳирасига ўтказиш | Кутилаётган натижа: 2,5 млрд $ хорижий инвестиция, 10 000+ иш ўрни', TRUE, 'Хокимият', 'Учкўприк туман ҳудудидаги «Қўқон ЭИЗ» Қўқон эркин иқтисодий зонада фаолият кўрсатувчи 117 та тадбиркорлик субъектининг 80 тадан ортиғи Қўқон шаҳридан кўчиб ўтган корхоналар. Уларнинг иқтисодий кўрсаткичлари ва солиқ тушумлари ҳозирда Учкўприк туман ҳисоботларида акс этмоқда. Ерни Қўқон шаҳар заҳирасига ўтказиш ва юридик манзилни Қўқон номидан аукционга чиқариш орқали 2,5 млрд долларлик хорижий инвестиция ва 10 минг нафардан зиёд иш ўрни шаҳар тасарруфида қолишига эришилади.', NULL, NULL, 1, TRUE, '2026-04-28 12:00:00+05'::TIMESTAMPTZ);
INSERT INTO indicators (indicator_id, district_id, no, slide, slide_no, name, description, value, found, source_org, ai_insight, kpi_count, kpi_pct, load_no, final_flag, date_modify) VALUES (96, 3, 7, 2, '2', 'Ичимлик суви билан таъминланганлик (%)', 'Аҳолини тоза ичимлик суви билан таъминланганлик даражаси', '2021: 98.5 | 2022: 99.0 | 2023: 99.2 | 2024: 95.5 | 2025: 99.3 (%)', TRUE, 'Сув хўжалиги', 'Ичимлик суви қамрови 99,3% — юқори. Энди сув сифатини назорат қилиш ва тармоқ йўқотишларини камайтириш устувор. Эски қувурларни босқичма-босқич алмаштириш ва сув ҳисоблагичларини 100% жорий этиш зарур.', NULL, NULL, 1, TRUE, '2026-04-28 12:00:00+05'::TIMESTAMPTZ);
INSERT INTO indicators (indicator_id, district_id, no, slide, slide_no, name, description, value, found, source_org, ai_insight, kpi_count, kpi_pct, load_no, final_flag, date_modify) VALUES (97, 3, 8, 2, '2', 'Ички йўллар таъмирланиш даражаси (%)', 'Қўқон шаҳри ички йўлларининг таъмирланганлик даражаси', '2023: 62.6 | 2024: 69.9 | 2025: 100.0 (%)', TRUE, 'Йўл хўжалиги', 'Йўллар 100% таъмирланган — муҳим натижа. Энди сифатни сақлаш учун йиллик профилактик таъмир режасини тузиш ва оғир транспорт учун алоҳида маршрутлар белгилаш керак. Янги қурилиш ҳудудларида йўл тармоғини олдиндан режалаштириш тавсия этилади.', NULL, NULL, 1, TRUE, '2026-04-28 12:00:00+05'::TIMESTAMPTZ);
INSERT INTO indicators (indicator_id, district_id, no, slide, slide_no, name, description, value, found, source_org, ai_insight, kpi_count, kpi_pct, load_no, final_flag, date_modify) VALUES (98, 3, 9, 2, '2', 'Электр таъминоти сифат даражаси (%)', 'Электр узилишлари ва тармоқ модернизация ҳолати', 'Жами: 1–1,1 марта/ой (ўртача узилиш) | Трансформаторлар: 35% эскирган | Линиялар: 25% алмаштириш керак', TRUE, 'Электр тармоқлари', 'Электр таъминоти сифатини ошириш учун биринчи босқичда эски трансформатор ва линияларни мақсадли янгилаш керак. Саноат ва хизмат нуқталари жойлашган ҳудудларда модернизацияга устуворлик бериш барқарор электр таъминотини таъминлайди.', NULL, NULL, 1, TRUE, '2026-04-28 12:00:00+05'::TIMESTAMPTZ);
INSERT INTO indicators (indicator_id, district_id, no, slide, slide_no, name, description, value, found, source_org, ai_insight, kpi_count, kpi_pct, load_no, final_flag, date_modify) VALUES (99, 3, 10, 2, '2', 'Ер тоифалари бўйича рўйхат (га)', 'Шаҳар ер фонди тузилмаси', 'Жами: Ер фонди тузилмаси | Тарихий-маданий аҳамиятга молик ерлар: 76 га | Ўрмон фонди: 27 га | Қишлоқ хўжалигига мўлжалланган ерлар: 1 095 га', TRUE, 'Кадастр', 'Ер тоифалари бўйича балансдан келиб чиқиб, туризм ва сервис лойиҳаларини тарихий ҳудудларга мос режалаштириш, қишлоқ хўжалиги ерларида эса юқори қўшимча қийматли йўналишларни ривожлантириш мақсадга мувофиқ.', NULL, NULL, 1, TRUE, '2026-04-28 12:00:00+05'::TIMESTAMPTZ);
INSERT INTO indicators (indicator_id, district_id, no, slide, slide_no, name, description, value, found, source_org, ai_insight, kpi_count, kpi_pct, load_no, final_flag, date_modify) VALUES (100, 3, 11, 2, '2', 'Жамоат транспортидан фойдаланиш (%)', 'Аҳолини жамоат транспорти билан қамраб олинганлик даражаси', '2023: 79 | 2024: 88 | 2025: 100 (%)', TRUE, 'Хокимият', '100% қамровга эришилгани муҳим натижа. Энди сифатни ошириш босқичига ўтиш керак: электр автобуслар паркини кенгайтириш, маршрутлар оптималлаштириш ва ҳафтада 1–2 кун «машинасиз кун» акциясини жорий этиб, экологик транспорт маданиятини шакллантириш тавсия этилади. GPS мониторинг ва электрон тўлов тизимини жорий қилиш орқали йўловчилар қулайлигини янада ошириш мумкин.', NULL, NULL, 1, TRUE, '2026-04-28 12:00:00+05'::TIMESTAMPTZ);
INSERT INTO indicators (indicator_id, district_id, no, slide, slide_no, name, description, value, found, source_org, ai_insight, kpi_count, kpi_pct, load_no, final_flag, date_modify) VALUES (101, 3, 12, 2, '2', 'Мактабгача таълим қамрови', 'Мактабгача таълим муассасаларига қамраб олинганлик', '2021: 83.9 | 2022: 84.6 | 2023: 86.0 | 2024: 87.1 | 2025: 87.9 (%)', TRUE, 'Мактабгача ва мактаб таълими вазирлиги', 'Қамров барқарор ўсмоқда, энди эътиборни сифат ва ҳудудий тенгликка қаратиш керак. Қамров паст ҳудудларда қўшимча қувват яратиш ва давлат-хусусий шериклик асосида янги МТМ лойиҳаларини қўллаб-қувватлаш тавсия этилади.', NULL, NULL, 1, TRUE, '2026-04-28 12:00:00+05'::TIMESTAMPTZ);
INSERT INTO indicators (indicator_id, district_id, no, slide, slide_no, name, description, value, found, source_org, ai_insight, kpi_count, kpi_pct, load_no, final_flag, date_modify) VALUES (102, 3, 13, 3, '3', 'Меҳнат ресурслари', 'Жами меҳнат ресурслари сони — йиллик динамика', '2021: 143.7 | 2022: 148.3 | 2023: 154.6 | 2024: 160.5 | 2025: 165.8 (минг киши)', TRUE, 'stat.uz', 'Бандликни ошириш учун маҳалла даражасида талаб юқори бўлган касблар рўйхатини шакллантириб, шу йўналишларда қисқа муддатли ўқув ва амалиёт дастурларини кенгайтириш керак. Айниқса, кичик хизматлар, савдо ва ишлаб чиқаришда тез иш ўрни яратадиган лойиҳаларни қўллаб-қувватлаш самарали бўлади.', NULL, NULL, 1, TRUE, '2026-04-28 12:00:00+05'::TIMESTAMPTZ);
INSERT INTO indicators (indicator_id, district_id, no, slide, slide_no, name, description, value, found, source_org, ai_insight, kpi_count, kpi_pct, load_no, final_flag, date_modify) VALUES (103, 3, 14, 3, '3', 'Бандликни ошириш имкониятлари', 'Иш ўрни яратиш ва меҳнат бозори резервлари', 'Жами: Меҳнат бозори резервлари | Банд аҳоли (2025): 108,5 минг киши (+3,1%) | Қайтган мигрантлар (2025): 2 570 киши (+33,3%) | Норасмий секторда бандлик (2021): 41 183 киши', TRUE, 'Mehnat.uz', 'Бандликни ошириш учун маҳалла даражасида талаб юқори бўлган касблар рўйхатини шакллантириб, шу йўналишларда қисқа муддатли ўқув ва амалиёт дастурларини кенгайтириш керак. Айниқса, кичик хизматлар, савдо ва ишлаб чиқаришда тез иш ўрни яратадиган лойиҳаларни қўллаб-қувватлаш самарали бўлади.', NULL, NULL, 1, TRUE, '2026-04-28 12:00:00+05'::TIMESTAMPTZ);
INSERT INTO indicators (indicator_id, district_id, no, slide, slide_no, name, description, value, found, source_org, ai_insight, kpi_count, kpi_pct, load_no, final_flag, date_modify) VALUES (104, 3, 15, 3, '3', 'Ишсизлик кўрсаткичлари', 'Расмий ишсизлик даражаси ва ишсизлар сони', 'Жами: Ишсизлик кўрсаткичлари | Расмий ишсизлик (2025): 4,5% | Ишсизлар сони (2025): 5 165 киши | Ишсизлик тренди: 7,3% → 6,9% → 6,1% → 5,6% → 4,5% | Мақсад: 2026 йил охиригача 2,9% га тушириш', TRUE, 'Бандлик маркази', 'Ишсизликни йил охиригача 2,9% га тушириш учун ёшлар ва аёллар бўйича манзилли ишга жойлаштириш дастурлари ва қисқа муддатли касбий курсларни кенгайтириш лозим. Ҳар бир маҳаллада талаб юқори касблар бўйича тезкор ўқитиш ва микролойиҳаларга жалб қилиш механизмини кучайтириш зарур.', 5165, 4.5, 1, TRUE, '2026-04-28 12:00:00+05'::TIMESTAMPTZ);
INSERT INTO indicators (indicator_id, district_id, no, slide, slide_no, name, description, value, found, source_org, ai_insight, kpi_count, kpi_pct, load_no, final_flag, date_modify) VALUES (105, 3, 16, 3, '3', 'Камбағаллик даражаси динамикаси', 'Камбағаллик даражаси (%) — 5 йиллик динамика; 2025: 2 978 камбағал оила; 2026 мақсад — 1%', '2021: 10,1 | 2022: 8,7 | 2023: 7,2 | 2024: 6,6 | 2025: 4,2 (%)', TRUE, 'stat.uz', 'Камбағаллик 2021 йилдаги 10,1% дан 2025 йилда 4,2% га тушди (2 978 камбағал оила) — 4 йилда 2,4 баробар камайди. Мақсад: 2026 йил охиригача 1% га тушириш. Бунинг учун ҳар бир камбағал оилага мақсадли микрокредит ва субсидия пакети шакллантирилиши керак. Ижтимоий ёрдамни иш билан ва микролойиҳалар билан боғлаш, барқарор даромад манбаини яратишга эътиборни қаратиш зарур.', 2978, 4.2, 1, TRUE, '2026-04-28 12:00:00+05'::TIMESTAMPTZ);
INSERT INTO indicators (indicator_id, district_id, no, slide, slide_no, name, description, value, found, source_org, ai_insight, kpi_count, kpi_pct, load_no, final_flag, date_modify) VALUES (106, 3, 17, 3, '3', '«Барқарор келажак» — ёшлар даромадини ошириш', '«Барқарор келажак» дастури — 2026 йилда ёшлар даромадини ошириш режаси', 'Жами: 1 489 нафар ёшлар даромади ошириладиган (2026 режа) | Доимий ишга жойлаштириш: 596 нафар | Тадбиркор жалб қилиш: 205 нафар | Кредит ажратиш ҳисобига: 102 нафар | Қайта касбга ўқитиш: 586 нафар', TRUE, 'stat.uz', 'Ёшлар даромадини ошириш учун дуал таълим, биринчи иш ўрнига субсидия ва талаб юқори касблар бўйича тезкор қайта тайёрлаш дастурларини кучайтириш керак.', NULL, NULL, 1, TRUE, '2026-04-28 12:00:00+05'::TIMESTAMPTZ);
INSERT INTO indicators (indicator_id, district_id, no, slide, slide_no, name, description, value, found, source_org, ai_insight, kpi_count, kpi_pct, load_no, final_flag, date_modify) VALUES (107, 3, 18, 3, '3', 'Аёллар бандлиги ва даромадини ошириш', 'Аёллар бандлиги ва даромадини ошириш — 2026 йил режаси', 'Жами: 2026 йил режаси | Иш жойларига жойлаштириш: 4 500 нафар (доимий ва мавсумий) | Хотин-қизлар ўқитиш: 850 нафар (касб-ҳунар ва тадбиркорлик) | Раҳбар аёллар улуши: 38% | Олий таълимда қизлар улуши: 55% | Контракт тўланадиган қизлар: 15 нафар', TRUE, 'Mehnat.uz', 'Аёллар бандлигини ошириш учун имтиёзли молиялаштириш, мос иш режими (масофавий/ярим ставка) ва маҳалла кесимида касбга йўналтириш дастурларини кенгайтириш зарур.', NULL, NULL, 1, TRUE, '2026-04-28 12:00:00+05'::TIMESTAMPTZ);
INSERT INTO indicators (indicator_id, district_id, no, slide, slide_no, name, description, value, found, source_org, ai_insight, kpi_count, kpi_pct, load_no, final_flag, date_modify) VALUES (108, 3, 19, 3, '3', 'Қўқон шаҳридаги олий таълим муассасалари', 'Университетлар, талабалар сони ва қувватлар', 'Жами: 2 та ОТМ, 29 499 та талаба | Қўқон давлат университети: қуввати 9 360 ўрин, талаба сони 16 918 | Қўқон университети: қуввати 6 000 ўрин, талаба сони 12 581 | Жами ўрин: 15 360 та, жами талаба: 29 499 та | Талабалар сони ўрин сонидан 14 139 тага кўп', TRUE, 'Хокимият', 'Иккала университетда қувватдан 1,9 баробар кўп талаба таҳсил олмоқда (15 360 ўринга 29 499 талаба). Бу инфратузилмага жиддий босим. Тавсия: (1) масофавий таълим улушини 30% гача ошириш; (2) хусусий секторда янги кампуслар қуришга инвесторларни жалб қилиш; (3) университетларни шаҳар иқтисодиётига интеграция қилиш — талабаларни маҳаллий корхоналарда амалиётга жалб этиш ва стартап инкубаторлар очиш.', NULL, NULL, 1, TRUE, '2026-04-28 12:00:00+05'::TIMESTAMPTZ);
INSERT INTO indicators (indicator_id, district_id, no, slide, slide_no, name, description, value, found, source_org, ai_insight, kpi_count, kpi_pct, load_no, final_flag, date_modify) VALUES (109, 3, 20, 3, '3', 'Қўқон шаҳридаги техникумлар', 'Касб-ҳунар таълим муассасалари, ўқувчилар ва қувватлар', 'Жами: 8 та техникум, 8 202 та ўқувчи | Абу Али ибн Сино жамоат саломатлиги: 2 505 (қувват 2 520) | Рақамли технологиялар: 311 (қувват 575) | Педагогика: 923 (қувват 1 000) | 1-сон техникум: 713 (қувват 400, 178%) | 2-сон техникум: 828 (қувват 585, 142%) | 3-сон техникум: 281 (қувват 240) | 4-сон техникум: 1 692 (қувват 800, 212%) | 5-сон техникум: 949 (қувват 1 000) | Умумий қувват: 7 120, умумий ўқувчи: 8 202 (115%)', TRUE, 'Хокимият', '8 та техникумда 8 202 ўқувчи таълим олмоқда. 4-сон техникум қувватидан 2 баробар кўп юкланган (800 га 1 692). Рақамли технологиялар техникуми эса атиги 54% банд — бу йўналишга талабни ошириш зарур. Тавсия: (1) рақамли технологиялар техникумини СИ ва IT йўналишида кенгайтириш; (2) қувват ортиқча юкланган техникумларда кечки ва ҳафта охири смена очиш; (3) битирувчиларни маҳаллий корхоналарга мақсадли жойлаштириш тизимини жорий этиш.', NULL, NULL, 1, TRUE, '2026-04-28 12:00:00+05'::TIMESTAMPTZ);
INSERT INTO indicators (indicator_id, district_id, no, slide, slide_no, name, description, value, found, source_org, ai_insight, kpi_count, kpi_pct, load_no, final_flag, date_modify) VALUES (110, 3, 21, 4, '4', 'Сунъий интеллект куни ва СИ ўқитиш дастури', 'Ҳафталик СИ куни ва 4 босқичли ўқитиш тизими', 'Жами: СИ малака ошириш дастури | «Сунъий интеллект куни» — ҳар чоршанба СИ ўқитишга бағишланади |  1-босқич: Ўқув маркази очиш | 2-босқич: Ҳоким ва ҳоким ўринбосарлари — СИ стратегия ва қарор қабул қилиш | 3-босқич: Банк филиал раҳбарлари — СИ скоринг ва риск таҳлили | 4-босқич: Маҳалла банкирлари — СИ платформа орқали мижоз хизмати | 5-босқич: МФЙ раислари ва ҳоким ёрдамчилари — СИ маълумотлар таҳлили ва ҳисобот', TRUE, 'SQB', '4 босқичли СИ ўқитиш дастури «юқоридан пастга» тамойилида: ҳар чоршанба СИ куни, ҳоким даражасида стратегик СИ қўллаш, банк раҳбарларига скоринг ва риск таҳлили, маҳалла банкирларига мижоз хизмати платформаси, МФЙ раисларига маълумотлар таҳлили. Ҳар босқич 2–4 ҳафта, ҳар бир бўлимга аниқ СИ KPI жорий этилиб, натижалар чоракда баҳоланади.', NULL, NULL, 1, TRUE, '2026-04-28 12:00:00+05'::TIMESTAMPTZ);
INSERT INTO indicators (indicator_id, district_id, no, slide, slide_no, name, description, value, found, source_org, ai_insight, kpi_count, kpi_pct, load_no, final_flag, date_modify) VALUES (111, 3, 22, 4, '4', 'Аҳолини СИ орқали тадбиркорликка ўқитиш', 'Фуқароларни СИ платформаси орқали касб танлаш, тадбиркорлик ва ишга жойлашишга тайёрлаш', 'Жами: 1 350 нафар СИ платформаси орқали ўқитилади (2026 режа) | СИ таҳлили: ҳар бир мурожаатчининг кўникмаси ва қизиқиши аниқланади | СИ-ментор (чатбот): индивидуал ўқув дастури тузилади | Тадбиркорлик йўналиши: бизнес-режа + микрокредит таклиф қилинади | Касб йўналиши: тайёр иш ўринларига йўналтирилади', TRUE, 'SQB', 'СИ платформаси орқали ҳар бир фуқаро индивидуал баҳоланади: кўникмаси кучли бўлганлар ишга, тадбиркорлик қобилияти борлар бизнесга йўналтирилади. Мақсад: 80% иштирокчи 3 ой ичида даромадли фаолиятга ўтади. СИ скоринг натижалари маҳалла банкирларига ҳам тақдим этилиб, кредит ажратишда қўшимча маълумот сифатида фойдаланилади.', NULL, NULL, 1, TRUE, '2026-04-28 12:00:00+05'::TIMESTAMPTZ);
INSERT INTO indicators (indicator_id, district_id, no, slide, slide_no, name, description, value, found, source_org, ai_insight, kpi_count, kpi_pct, load_no, final_flag, date_modify) VALUES (112, 3, 23, 4, '4', '«SQB AI Advisor» — ақлли ёрдамчи платформа', 'Маҳалла банкирлари ва тадбиркорларга СИ ёрдами берувчи платформа', 'Жами: SQB AI Advisor функциялари | СИ маслаҳатчи чат-боти: тадбиркорлик, ҳуқуқий, молиявий саволларга жавоб | Бизнес-режа генератори: автоматик бизнес-режа тузиш | Кредит бўйича мос ечимлар: мижозга мос кредит маҳсулотини танлаш | Маҳалла агенти самарадорлиги: онлайн KPI мониторинг | Прогноз: даромадни ошириш тавсиялари, мавсумий хавфлар', TRUE, 'SQB', '«SQB AI Advisor» платформаси маҳалла банкири ва тадбиркорларга кундалик ишларда СИ ёрдамини беради: мижозларга автоматик маслаҳат, бизнес-режа генератори, кредит мослаштириш ва самарадорлик мониторинги. 2026 йил якунигача барча 68 маҳаллада жорий этиш режалаштирилган.', NULL, NULL, 1, TRUE, '2026-04-28 12:00:00+05'::TIMESTAMPTZ);
INSERT INTO indicators (indicator_id, district_id, no, slide, slide_no, name, description, value, found, source_org, ai_insight, kpi_count, kpi_pct, load_no, final_flag, date_modify) VALUES (113, 3, 24, 4, '4', 'Маҳалла драйвер ихтисослашуви', 'Маҳаллаларнинг иқтисодий фаолият йўналишлари', 'Жами: 68 та маҳалла | Савдо ва хизмат: 37 та МФЙ (55%) | Ишлаб чиқариш: 20 та МФЙ (30%) | Чорвачилик/паррандачилик: 4 та МФЙ (5%) | Туризм ва ҳунармандчилик: 7 та МФЙ (10%) ', TRUE, 'Хокимият', 'Маҳалла ихтисослашуви таркибида савдо ва хизмат улуши юқори (41/68), шунинг учун шу сегментда самарадорликни ошириш учун рақамли савдо, логистика ва сервис сифат стандартларини жорий этиш керак. Ишлаб чиқаришга ихтисослашган 23 та МФЙда эса кичик кооперация ва қиймат занжири асосида даромадни ошириш мумкин.', NULL, NULL, 1, TRUE, '2026-04-28 12:00:00+05'::TIMESTAMPTZ);
INSERT INTO indicators (indicator_id, district_id, no, slide, slide_no, name, description, value, found, source_org, ai_insight, kpi_count, kpi_pct, load_no, final_flag, date_modify) VALUES (114, 3, 25, 4, '4', 'Микролойиҳалар сони ва иш ўринлари', 'Йиллик кредит режа, иш ўринлари ва банклар бўйича маҳалла тақсимоти', 'Жами: 2026 йил 680 та лойиҳа амалга оширилади | Иш ўринлари: 2 350 та | Жами маҳаллалар: 68 та | Ўзсаноатқурилишбанк (SQB): 180 та лойиҳа | Миллий банк: 120 та лойиҳа | Агро банк: 90 та лойиҳа | Ҳамкор банк: 80 та лойиҳа | Халқ банки: 70 та лойиҳа | Инфинбанк: 60 та лойиҳа | Микрокредитбанк: 80 та лойиҳа | Лойиҳалар умумий қиймати: 58 млрд сўм | Банк кредити улуши: 29,4 млрд сўм', TRUE, 'Марказий банк', 'Қўқондаги 68 МФЙда 680 та микролойиҳа режалаштирилган — умумий қиймати 58 млрд сўм, шундан банк кредити 29,4 млрд сўм (51%). Банкирлар вазифалари: (1) лойиҳани танлаш ва скоринг; (2) кредит расмийлаштиришда ёрдам; (3) лойиҳа амалга оширилишини мониторинг; (4) тадбиркорларга молиявий маслаҳат.', NULL, NULL, 1, TRUE, '2026-04-28 12:00:00+05'::TIMESTAMPTZ);
INSERT INTO indicators (indicator_id, district_id, no, slide, slide_no, name, description, value, found, source_org, ai_insight, kpi_count, kpi_pct, load_no, final_flag, date_modify) VALUES (115, 3, 26, 4, '4', 'Ишсизлик юқори маҳаллалар', 'Оғир тоифадаги маҳаллалар бўйича манзилли иш режаси', 'Жами: 2 та оғир тоифадаги маҳалла | 1-маҳалла: Янги чорсу | 2-маҳалла: Мўйимуборак | Фокус: манзилли бандлик ва микролойиҳа дастурлари', TRUE, 'МФЙ агентлиги', 'Оғир тоифадаги 2 та маҳаллада бандликни ихтисослашув асосида ҳал этиш мақсадга мувофиқ: Янги Чорсуда гастротуризмни ривожлантириб, миллий таомлар, сервис ва кичик туризм хизматлари орқали тезкор иш ўринлари яратиш; Мўйимуборакда эса саноат-ишлаб чиқариш йўналишида кичик цехлар, кооперация ва қайта ишлаш лойиҳаларини йўлга қўйиш зарур. Шу асосда аҳолини қисқа муддатли ўқитиш, микролойиҳаларга улаш ва доимий мониторинг орқали барқарор бандликка эришиш мумкин.', NULL, NULL, 1, TRUE, '2026-04-28 12:00:00+05'::TIMESTAMPTZ);
INSERT INTO indicators (indicator_id, district_id, no, slide, slide_no, name, description, value, found, source_org, ai_insight, kpi_count, kpi_pct, load_no, final_flag, date_modify) VALUES (116, 3, 27, 4, '4', 'SQB рақамли хизматлари', 'SQB банкнинг рақамли ва мобил молиявий хизматлар экотизими', 'Жами: 3 та рақамли платформа | SQB Mobile: жисмоний шахслар учун мобил банк — тўловлар, ўтказмалар, онлайн кредит | SQB Business: юридик шахслар учун онлайн бухгалтерия, тўлов, ҳисоб-китоб | SQB AI Advisor: сунъий интеллект асосидаги молиявий маслаҳатчи — кредит скоринг, инвестиция таҳлили', TRUE, 'SQB', 'Сунъий интеллектга асосланган «AI Advisor» мавжудлиги сабабли, кредит скоринги ва инвестиция таҳлилини тўлиқ автоматлаштириш керак. Масофавий молиявий амалиётларни кенгайтириш учун мижозларни «Mobile» ва «Business» платформаларига фаол ўтказиш лозим.', NULL, NULL, 1, TRUE, '2026-04-28 12:00:00+05'::TIMESTAMPTZ);
INSERT INTO indicators (indicator_id, district_id, no, slide, slide_no, name, description, value, found, source_org, ai_insight, kpi_count, kpi_pct, load_no, final_flag, date_modify) VALUES (117, 3, 28, 4, '4', '«Ҳар бир оила — тадбиркор» дастури', 'Оилавий тадбиркорлик учун имтиёзли кредит', 'Жами: Оилавий тадбиркорлик дастури | Иштирокчи банклар: Халқ банки, Микрокредит банк | Фоиз ставкаси: 18% | Максимал сумма: 300 млн сўм | Муддат: 3 йилгача | Имтиёзли давр: 3–6 ой', TRUE, 'Марказий банк', 'Оилавий тадбиркорликни кўпайтириш учун SQB AI Advisor платформасидан фойдаланиш тавсия этилади. Платформа орқали кредит скоринги, бизнес-режа тузиш ва молиявий маслаҳат олиш имконияти мавжуд. Маҳалла банкирлари ҳар бир оилани платформага йўналтириш ва имтиёзли кредитдан самарали фойдаланишга ёрдам бериши керак.', NULL, NULL, 1, TRUE, '2026-04-28 12:00:00+05'::TIMESTAMPTZ);
INSERT INTO indicators (indicator_id, district_id, no, slide, slide_no, name, description, value, found, source_org, ai_insight, kpi_count, kpi_pct, load_no, final_flag, date_modify) VALUES (118, 3, 29, 4, '4', '«HAMROH» хотин-қизлар тадбиркорлиги', 'Хотин-қизлар учун махсус молиявий дастур', 'Жами: Хотин-қизлар учун махсус молиявий дастур | Иштирокчи банклар: SQB, Халқ банки, Микрокредит банк, Агро банк | Гаровсиз кредит: 100 млн сўмгача | Компания кафиллиги: 70%', TRUE, 'Марказий банк', 'HAMROH — хотин-қизлар тадбиркорлигини қўллаб-қувватлашнинг энг катта давлат дастури. Қўқонда аёллар тадбиркорлиги потенциали юқори (тикувчилик, чарм-пойабзал, савдо-хизмат, ҳунармандчилик). Тавсия: маҳалла банкирлари орқали аёлларни актив жалб қилиш, бизнес тренинглар ташкил этиш ва муваффақиятли намуналарни кенг оммавий таништириш.', NULL, NULL, 1, TRUE, '2026-04-28 12:00:00+05'::TIMESTAMPTZ);
INSERT INTO indicators (indicator_id, district_id, no, slide, slide_no, name, description, value, found, source_org, ai_insight, kpi_count, kpi_pct, load_no, final_flag, date_modify) VALUES (119, 3, 30, 4, '4', 'Ишсизлик юқори маҳаллаларни ҳоли ҳудудга айлантириш режаси', 'SQB томонидан 2 та маҳаллада 145 нафар ишсизни бандликка жалб қилиш режаси', 'Жами: 2 та маҳалла, 145 нафар ишсиз | Янги чорсу: 60 нафар (6,5%) — аёллар 15, эркаклар 40, ёшлар 5 | Мўйимуборак: 85 нафар (6,2%) — аёллар 70, эркаклар 12, ёшлар 3 | Таркиб: ёшлар 5%, аёллар 59%, эркаклар 36% | Кредит маҳсулотлари: Ёшлар бизнесда, Ҳамроҳ (аёллар), Маҳалла лойиҳаси | Микролойиҳалар: 71 та, умумий сумма 2,4 млрд сўм', TRUE, 'SQB', 'Аниқланган 2 та маҳаллада ишсизлик даражаси ўртача 6–6,5% атрофида бўлиб, асосий улушни аёллар ва ёшлар ташкил қилади. Шу асосда «бир маҳалла — бир драйвер йўналиш» модели жорий қилиниши мақсадга мувофиқ. Ишсиз аҳолини сегментация қилиб, 2–3 ойлик тезкор цикл орқали микролойиҳаларга жалб қилиш ва бандликни таъминлаш мумкин.', NULL, NULL, 1, TRUE, '2026-04-28 12:00:00+05'::TIMESTAMPTZ);
INSERT INTO indicators (indicator_id, district_id, no, slide, slide_no, name, description, value, found, source_org, ai_insight, kpi_count, kpi_pct, load_no, final_flag, date_modify) VALUES (120, 3, 31, 5, '5', 'Қуёш энергияси ва ишлаб чиқариш', 'Қуёш энергетикаси орқали саноат таннархини пасайтириш салоҳияти', 'Жами: 280–300 кунга яқин қуёшли давр/йил (баҳолаш) | Йўналиш: қуёш панеллари ва кичик СЭС лойиҳалари | Имконият: саноат корхоналари ва сервис объектлари учун электр харажатини пасайтириш | Инвестиция: $8–25 млн/лойиҳа (лойиҳа қувватига қараб)', TRUE, 'Хокимият', 'Қўқонда саноат ва хизмат кўрсатиш тармоқлари фаоллиги юқори бўлгани учун қуёш энергетикаси лойиҳаларини ишлаб чиқариш зоналарига босқичма-босқич жойлаштириш керак. Аввало 1–2 та пилот лойиҳа орқали иқтисодий самара (электр таннархи, қайтиш муддати) тасдиқланиб, кейин хусусий инвесторлар учун тайёр лойиҳа пакетлари (ер, тармоққа уланиш, PPA шартлари) таклиф қилиниши мақсадга мувофиқ.', NULL, NULL, 1, TRUE, '2026-04-28 12:00:00+05'::TIMESTAMPTZ);
INSERT INTO indicators (indicator_id, district_id, no, slide, slide_no, name, description, value, found, source_org, ai_insight, kpi_count, kpi_pct, load_no, final_flag, date_modify) VALUES (121, 3, 32, 5, '5', 'Туризм ва меҳмонхона инфратузилмаси', 'Сайёҳлар оқими, меҳмонхоналар ва туризм экспорти', 'Жами: Туризм кўрсаткичлари | Сайёҳлар (йиллик): 442 минг киши | Хорижий сайёҳлар: 117 минг киши | Маҳаллий сайёҳлар: 325 минг киши | Меҳмонхоналар: 15 та (386 хона, 804 ўрин) | Туризм экспорти: 40,3 млн $', TRUE, 'Хокимият', 'Сайёҳлар оқими ўсиши натижасида меҳмонхона ўринлари етишмовчилиги юзага келиши мумкин, шу боис янги меҳмонхоналарни жорий этиш ва мавжудларини кенгайтириш муҳим. Бу эса қўшимча иш ўринлари яратишга хизмат қилади. Шу билан бирга, хизмат сифатини ошириш учун меҳмонхона ходимларини доимий ўқитиш ва халқаро стандартларга мос тайёрлаш зарур. Меҳмонхоналарни тоифалаш, рақамли бронлаш тизими ва кўп тилли сервисни жорий этиш билан бирга, хорижий сайёҳлар учун тарихий мерос + ҳунармандчилик + гастро йўналишларини ягона бренд остида сотиш, маҳаллий сайёҳлар учун эса 1–2 кунлик тур-пакетларни ривожлантириш юқори самара беради.', NULL, NULL, 1, TRUE, '2026-04-28 12:00:00+05'::TIMESTAMPTZ);
INSERT INTO indicators (indicator_id, district_id, no, slide, slide_no, name, description, value, found, source_org, ai_insight, kpi_count, kpi_pct, load_no, final_flag, date_modify) VALUES (122, 3, 33, 5, '5', 'Транспорт-логистика марказ', 'Темир йўл станциясигача масофа бор-йўғи 1,1 км. Қўқон — водийнинг дарвозаси', 'Жами: Логистика қуввати | Йўллар узунлиги: 683 км | Темир йўл станциясигача: 1,1 км | Стратегик транспорт жойлашуви: SWOT кучли томони', TRUE, 'Хокимият', 'Қўқонни нафақат саноат, балки «Қуруқ порт» (Dry Port) сифатида ривожлантириш керак. Темир йўл яқинлигидан фойдаланиб, Фарғона водийси маҳсулотларини экспортга юклаш марказини ташкил этиш, транспорт ва омборхона хизматлари экспортини шаҳар ЯҲМдаги улушини 20% гача ошириш имкони мавжуд.', NULL, NULL, 1, TRUE, '2026-04-28 12:00:00+05'::TIMESTAMPTZ);
INSERT INTO indicators (indicator_id, district_id, no, slide, slide_no, name, description, value, found, source_org, ai_insight, kpi_count, kpi_pct, load_no, final_flag, date_modify) VALUES (123, 3, 34, 5, '5', 'Демографик зичлик ва урбанизация', 'Аҳоли зичлиги — ҳар 1 км² га 3 733 киши. Республикадаги энг юқори кўрсаткичлардан бири', 'Жами: Демографик ва иқтисодий зичлик | Аҳоли (2025): 320 минг киши | Аҳоли зичлиги: 3 733 киши/км² | Саноат ҳажми (2025): 9,4 трлн сўм | Жон бошига саноат: 29,7 млн сўм | Янги иш ўринлари: 59 та лойиҳа орқали 1 154 та', TRUE, 'stat.uz', 'Ер ресурслари чекланганлиги сабабли, саноатни ривожлантиришда «горизонтал» эмас, «вертикал» урбанизация стратегиясига ўтиш керак. Яъни, кўп қаватли кичик саноат марказлари (Industrial Lofts) қуриш ва хизмат кўрсатиш соҳасида юқори технологик (IT, аутсорсинг) йўналишларни танлаш мақсадга мувофиқ. Юқори зичлик — бу тайёр йирик истеъмол бозори демакдир.', NULL, NULL, 1, TRUE, '2026-04-28 12:00:00+05'::TIMESTAMPTZ);
INSERT INTO indicators (indicator_id, district_id, no, slide, slide_no, name, description, value, found, source_org, ai_insight, kpi_count, kpi_pct, load_no, final_flag, date_modify) VALUES (124, 3, 35, 5, '5', 'Туризм ва ҳунармандчилик бренди', 'Қўқон — Жаҳон ҳунармандлари шаҳри (World Craft City). Савдо, хизмат ва ҳунармандчиликнинг юқори фаоллиги', 'Жами: 3 та туристик йўналиш (2027–2028 режа) | Йўналиш 1: Тарихий-меъморий мерос (Худоёрхон ўрдаси) | Йўналиш 2: Ҳунармандчилик (ёғоч ўймакорлиги, пичоқчилик) | Йўналиш 3: Ишбилармонлик туризми (MICE)', TRUE, 'Хокимият', 'Қўқоннинг «Жаҳон ҳунармандлари шаҳри» мақомидан фойдаланиб, ҳунармандчилик маҳсулотларини экспорт қилиш бўйича B2B платформасини яратиш керак. 2027–2028 йилларга мўлжалланган 3 та маршрутни ҳозирдан «Digital Guide» тизимига интеграция қилиш ва туристларнинг шаҳарда қолиш вақтини 1,5 кундан 3 кунгача ошириш учун «кечки Қўқон» концепциясини ишлаб чиқиш лозим.', NULL, NULL, 1, TRUE, '2026-04-28 12:00:00+05'::TIMESTAMPTZ);
INSERT INTO indicators (indicator_id, district_id, no, slide, slide_no, name, description, value, found, source_org, ai_insight, kpi_count, kpi_pct, load_no, final_flag, date_modify) VALUES (125, 3, 36, 5, '5', 'Ер фонди ва табиий ресурслар', 'Тарихий, ўрмон ва қишлоқ хўжалик ерларининг иқтисодий салоҳияти', 'Жами: 1 198 гектар ер фонди (3 та категория) | Тарихий-маданий ерлар: 76 га | Ўрмон фонди: 27 га | Қишлоқ хўжалик ерлари: 1 095 га', TRUE, 'Хокимият', 'Қишлоқ хўжалик ерлари (1 095 га) агротуризм ва органик маҳсулот ишлаб чиқариш учун асосий ресурс сифатида фаоллаштирилиши керак. Тарихий-маданий ерлар (76 га) туризм маршрутлари билан бирлаштирилиб, меросни сақлаш ва даромад олишни уйғунлаштириш мумкин. Ўрмон фонди (27 га) экотуризм йўналишида қўшимча қийматга эга.', NULL, NULL, 1, TRUE, '2026-04-28 12:00:00+05'::TIMESTAMPTZ);
INSERT INTO indicators (indicator_id, district_id, no, slide, slide_no, name, description, value, found, source_org, ai_insight, kpi_count, kpi_pct, load_no, final_flag, date_modify) VALUES (126, 3, 37, 5, '5', 'Стратегик устунликлар ва ички потенциал', 'Транспорт, туризм, савдо ва меҳнат ресурсларининг мажмуавий салоҳияти', 'Жами: 4 та стратегик устунлик | 1-устунлик: Стратегик транспорт жойлашуви | 2-устунлик: Туризм ва ҳунармандчилик бренди кучли | 3-устунлик: Савдо ва хизмат кўрсатиш соҳаси юқори фаол | 4-устунлик: Меҳнат ресурслари ва ёш аҳоли улуши катта', TRUE, 'Хокимият', 'Тўрт устунликни бир-бири билан боғлаш зарур: ёш аҳолини ҳунармандчилик ва туризм хизматларига йўналтириш орқали меҳнат бозорини фаоллаштириш, транспорт устунлигидан фойдаланиб транзит савдо ва логистика марказини ривожлантириш мумкин. Савдо ва хизмат кўрсатиш соҳасида 24/7 иш режимини кенгайтириш — кечки бозорлар, доимий хизмат нуқталари ва рақамли буюртма тизимларини жорий этиш орқали соҳа фаоллигини янада ошириш лозим. Бренд капиталини рақамли маркетинг орқали кучайтириш тавсия этилади.', NULL, NULL, 1, TRUE, '2026-04-28 12:00:00+05'::TIMESTAMPTZ);
INSERT INTO indicators (indicator_id, district_id, no, slide, slide_no, name, description, value, found, source_org, ai_insight, kpi_count, kpi_pct, load_no, final_flag, date_modify) VALUES (127, 3, 38, 5, '5', 'Туризм инфратузилмасига давлат инвестицияси', '2027 йилга мўлжалланган маҳаллалар туризм инфратузилмасини ривожлантириш дастури', 'Жами: 42 млрд сўм режалаштирилган инвестиция (2027 йил) | Молиялаштириш: давлат бюджети | Муддат: 2027 йил | Қамров: маҳаллалар туризм инфратузилмаси', TRUE, 'Хокимият', '42 млрд сўмлик инвестициядан максимал фойда олиш учун маблағларни тарихий ерлар ва туризм йўналишлари имкониятлари билан уйғунлаштириш — устувор йўналтириш керак. Хусусий инвесторларни жалб қилиш учун давлат маблағини катализатор сифатида ишлатиш ва ПЧШ (давлат-хусусий шериклик) механизмини қўллаш мақсадга мувофиқ.', NULL, NULL, 1, TRUE, '2026-04-28 12:00:00+05'::TIMESTAMPTZ);
INSERT INTO indicators (indicator_id, district_id, no, slide, slide_no, name, description, value, found, source_org, ai_insight, kpi_count, kpi_pct, load_no, final_flag, date_modify) VALUES (128, 3, 39, 6, '6', 'Маҳалла иқтисодиёти драйверлари', 'Қўқонда маҳалла ихтисослашуви аниқ шаклланган, энди мақсад — юқори самарали маҳаллалар моделини бошқаларига кўчириш', 'Жами: Маҳалла иқтисодиёти хулосаси | Савдо ва хизмат: 37 та МФЙ | Саноат - Ишлаб чиқариш: 20 та МФЙ | Ҳунармандчилик: 7 та МФЙ | Туризм: 4 та МФЙ | Оғир тоифа: 2 та (Янги чорсув, Мўйимуборак)', TRUE, 'SQB', 'Қўқонда маҳалла ихтисослашуви аниқ шакллангани — асосий устунлик. Энди вазифа — бу моделни самарали масштаблаш: 37 та савдо-хизмат маҳаллаларида айланма ва рақамли хизматлар ўсади, 20 та ишлаб чиқариш маҳаллаларида кооперация орқали қўшимча қиймат ошади. Ҳунармандчилик ва туризм маҳаллаларида брендлаш ва экспорт салоҳияти кучаяди. «Оғир тоифа»даги 2 маҳалла учун эса 3 ойлик тезкор бандлик дастури ва манзилли молиялаштириш жорий этилса, қисқа муддатда ижобий динамика кузатилади ва уларни барқарор ўсишга олиб чиқиш мумкин.', NULL, NULL, 1, TRUE, '2026-04-28 12:00:00+05'::TIMESTAMPTZ);
INSERT INTO indicators (indicator_id, district_id, no, slide, slide_no, name, description, value, found, source_org, ai_insight, kpi_count, kpi_pct, load_no, final_flag, date_modify) VALUES (129, 3, 40, 6, '6', 'SQB стратегик ҳамкорлик ва лойиҳалар фабрикаси', 'Комплекс пакет: халқаро кредит (JICA) + Хорижий молия институтлари линиялари + лойиҳалар фабрикаси + СИ таҳлили асосида қўшимча лойиҳалар портфели', 'Жами: SQB ва ҳамкор банклар стратегик пакети | Лойиҳа фабрикаси: Ғоя → Баҳолаш → Бизнес-режа → Молиялаштириш | Иштирокчи банклар: SQB ва бошқа тижорат банклари | СИ таҳлили асосида қўшимча: ~152 та лойиҳа, 127 млрд сўм, 1584 иш ўрни | Йирик қўшимча лойиҳалар: 15 та, 108 млрд сўм, 348 иш ўрни | Микролойиҳалар: ~137 та, 19 млрд сўм, 286 иш ўрни | Саноат йўналиши: 49 та лойиҳа, 82,5 млрд сўм, 415 иш ўрни | Савдо - Хизмат йўналиши: 103 та лойиҳа, 44,5 млрд сўм, 1169 иш ўрни', TRUE, 'SQB', 'Бандлик ва янги лойиҳалар режаси (Қисқача):

1. Бандлик: Жорий йилда 16,9 минг аҳоли (шундан 2,8 минг мигрант ва 4,2 минг ёшлар) бандлигини таъминлаш бўйича ойма-ой таҳлил ва тавсиялар тайёрланди.
2. Янги лойиҳалар: СИ таҳлили ва маҳаллалар ихтисослашуви асосида қўшимча 152 та лойиҳа (49 та саноат, 103 та хизмат) шакллантирилди.
3. Натижа: Ушбу лойиҳалар 634 та янги имконият яратади ва жорий йилда молиялаштирилиб, ишга туширилади.', NULL, NULL, 1, TRUE, '2026-04-28 12:00:00+05'::TIMESTAMPTZ);
INSERT INTO indicators (indicator_id, district_id, no, slide, slide_no, name, description, value, found, source_org, ai_insight, kpi_count, kpi_pct, load_no, final_flag, date_modify) VALUES (130, 3, 41, 6, '6', 'Савдо - Сотиқ инфратузилмаси', 'Қўқон шаҳри савдо соҳасига ихтисослашган бўлиб, бозорлар ва дўконлар тармоғи кенг ривожланган ҳамда 2026 йилда янги савдо нуқталарини очиш учун юқори салоҳият мавжуд.', 'Жами: Савдо инфратузилмаси хулосаси | Мавжуд: 10 та бозор, 7 000+ савдо дўкони | Девелоперлар лойиҳаси (2026): (35 ихтисослашган МФЙ)
350 та дўкон, 350 та иш ўрни | «Kokand Maroqand Mall Centre» (Яланғочота МФЙ): 300 та дўкон, 300 та иш ўрни | «Ретина Мед» заргарлик мажмуаси (Ҳунармандлар шаҳарчаси): 200 та дўкон, 300 та иш ўрни | Жами 2026 потенциал: 850 та янги савдо нуқтаси, 950 та иш ўрни', TRUE, 'Хокимият', 'Қўқон шаҳри савдо инфратузилмаси бўйича кучли позицияга эга: 10 та бозор ва 7 000+ дўкон асосида шаклланган тизим 2026 йилда янада кенгаяди. Йирик лойиҳалар ҳисобига 850 та янги савдо нуқтаси ва қарийб 950 та иш ўрни яратилиши кутилмоқда, бу эса шаҳарнинг савдо маркази сифатидаги ролини мустаҳкамлайди. Ушбу ташаббуслар 37 та ихтисослаштирилган маҳаллаларда босқичма-босқич амалга оширилиб, уларнинг иқтисодий фаоллиги сезиларли оширилади. Асосий эътибор — янги мажмуаларни самарали ишга тушириш, ягона савдо стандартлари ва рақамли тўловларни жорий этиш орқали айланмани ошириш ҳамда қўшимча бандликни кенгайтиришга қаратилиши керак.', NULL, NULL, 1, TRUE, '2026-04-28 12:00:00+05'::TIMESTAMPTZ);
INSERT INTO indicators (indicator_id, district_id, no, slide, slide_no, name, description, value, found, source_org, ai_insight, kpi_count, kpi_pct, load_no, final_flag, date_modify) VALUES (131, 3, 42, 6, '6', 'Жаҳон ҳунармандчилик шаҳри — глобал бренд', 'Қўқон — Марказий Осиёда «Жаҳон ҳунармандлари шаҳри» мақомини олган илк шаҳар', 'Жами: 320 минг аҳоли учун янги имкониятлар | Статус: World Craft City (2019 йилдан) | Маршрутлар: 3 та янги йўналиш (2027–2028) | Логистика: Темир йўл вокзали марказдан 1,1 км масофада | Лойиҳалар: (7 ихтисослашган МФЙ)
27 та янги лойиҳа, 1,2 млрд сўм, 50 иш ўрни', TRUE, 'Хокимият', 'Қўқонни «Тўхтаб ўтиш пункти»дан «Манзил шаҳар»га (Destination City) айлантириш керак. 2027 йилгача сайёҳлар оқимини кескин ошириш учун: ҳунармандчилик маҳсулотларини онлайн сотиш (E-commerce) марказини очиш; темир йўл яқинлигидан фойдаланиб, «Тошкент–Қўқон» махсус туристик поездини йўлга қўйиш; шаҳар ичидаги 683 км йўлларни «Смарт-навигация» тизими билан жиҳозлаш тавсия этилади.', NULL, NULL, 1, TRUE, '2026-04-28 12:00:00+05'::TIMESTAMPTZ);
INSERT INTO indicators (indicator_id, district_id, no, slide, slide_no, name, description, value, found, source_org, ai_insight, kpi_count, kpi_pct, load_no, final_flag, date_modify) VALUES (132, 3, 43, 6, '6', 'Инфратузилма ва ресурс тақчиллиги', 'Аҳоли зичлиги жуда юқори (3 733 киши/км²) — муҳандислик тармоқларига юклама ортган', 'Жами: 4 та асосий чеклов | Энергия: электр ва газ таъминотидаги танқислик | Ер ресурси: янги саноат объектлари учун бўш ер камлиги (0,8% саноат зонаси) | NPL хатари: оилавий тадбиркорликда муаммоли кредитлар — 32% | Кадрлар: юқори малакали мутахассислар етишмаслиги', TRUE, 'Хокимият', 'Инфратузилмавий чекловларни ечиш учун «Ақлли шаҳар» (Smart City) концепциясини жорий этиш ва энергия тежамкор технологияларга имтиёзли кредитлар ажратиш керак.', NULL, NULL, 1, TRUE, '2026-04-28 12:00:00+05'::TIMESTAMPTZ);
INSERT INTO districts (district_id, region_id, slug, name_uz, name_ru, name_en, district_name, json_file, has_data, type, year, total_cards, load_no, final_flag, date_modify) VALUES (4, 2, 'qoshtepa', 'Қўштепа', 'Куштепа', 'Qoshtepa', '', 'qoshtepa.json', TRUE, NULL, NULL, 36, 1, TRUE, '2026-04-28 12:00:00+05'::TIMESTAMPTZ);
INSERT INTO hero_kpis (hero_kpi_id, district_id, metric_name, metric_value, metric_unit, load_no, final_flag, date_modify) VALUES (5, 4, 'Аҳоли', 217.8, 'минг киши', 1, TRUE, '2026-04-28 12:00:00+05'::TIMESTAMPTZ);
INSERT INTO hero_kpis (hero_kpi_id, district_id, metric_name, metric_value, metric_unit, load_no, final_flag, date_modify) VALUES (6, 4, 'Маҳалла', 49, 'та', 1, TRUE, '2026-04-28 12:00:00+05'::TIMESTAMPTZ);
INSERT INTO hero_kpis (hero_kpi_id, district_id, metric_name, metric_value, metric_unit, load_no, final_flag, date_modify) VALUES (7, 4, 'Оила', 60586, 'та', 1, TRUE, '2026-04-28 12:00:00+05'::TIMESTAMPTZ);
INSERT INTO hero_kpis (hero_kpi_id, district_id, metric_name, metric_value, metric_unit, load_no, final_flag, date_modify) VALUES (8, 4, 'Хонадон', 40306, 'та', 1, TRUE, '2026-04-28 12:00:00+05'::TIMESTAMPTZ);
INSERT INTO indicators (indicator_id, district_id, no, slide, slide_no, name, description, value, found, source_org, ai_insight, kpi_count, kpi_pct, load_no, final_flag, date_modify) VALUES (133, 4, 1, 1, '1', 'Туманнинг макроиқтисодий кўрсаткичлари', 'Саноат, хизматлар ва бюджет даромадларининг 5 йиллик динамикаси', 'Жами: 2025 йил кўрсаткичлари | Саноат ҳажми: 3 074,0 млрд сўм (+301,0%) | Бозор хизматлари: 1 494,2 млрд сўм (+237%) | Маҳаллий бюджет: 154,3 млрд сўм (+66,1%) | Тармоқлар улуши: Қ/х 41,2%, Саноат 33,9%, Хизматлар 14,8%', TRUE, 'stat.uz', 'Туман иқтисодиёти сўнгги 5 йилда жуда кескин ўсиш кўрсатган — саноат 3 баробардан кўп (+301%), бозор хизматлари 2,4 баробар (+237%) ўсган. Саноат улуши 33,9% га етгани туман иқтисодиётининг диверсификация қилинаётганини кўрсатади. Қишлоқ хўжалиги улуши (41,2%) ҳамон етакчи, лекин фарқ камайиб бормоқда. Кейинги босқичда саноат ва хизматлар улушини янада ошириш, қишлоқ хўжалигида қайта ишлаш занжирини чуқурлаштириш лозим.', NULL, NULL, 1, TRUE, '2026-04-28 12:00:00+05'::TIMESTAMPTZ);
INSERT INTO indicators (indicator_id, district_id, no, slide, slide_no, name, description, value, found, source_org, ai_insight, kpi_count, kpi_pct, load_no, final_flag, date_modify) VALUES (134, 4, 2, 1, '1', 'Устувор соҳалар ва саноат индекси', 'Ривожланиш драйверлари ва ўсиш суръатлари', 'Жами: Саноат ривожланиши таҳлили | Саноат ишлаб чиқариш индекси: 128,3 → 168,9 (2021–2025) | 1-устувор: Тўқимачилик (кластер тизими) | 2-устувор: Чарм-пойабзал (локализация) | 3-устувор: Қишлоқ хўжалиги (қайта ишлаш) | Бандлик: Қ/х 8,6 минг, Хизмат 5,2 минг, Саноат 3,4 минг киши', TRUE, 'stat.uz', 'Саноат индекси 168,9 га етгани ишлаб чиқариш қувватлари кенгаяётганини кўрсатади. Тўқимачилик ва чарм-пойабзал тармоқларида тайёр маҳсулот занжирини яратиш орқали қишлоқ хўжалигидаги ортиқча ишчи кучини (8,6 минг киши) юқори даромадли саноат соҳасига трансформация қилиш стратегик вазифа ҳисобланади.', NULL, NULL, 1, TRUE, '2026-04-28 12:00:00+05'::TIMESTAMPTZ);
INSERT INTO indicators (indicator_id, district_id, no, slide, slide_no, name, description, value, found, source_org, ai_insight, kpi_count, kpi_pct, load_no, final_flag, date_modify) VALUES (135, 4, 3, 1, '1', 'Саноат маҳсулотлари ишлаб чиқариш динамикаси', 'Йирик корхоналар ва кичик бизнес таҳлили (млрд сўм)', 'Жами: Саноат ишлаб чиқариш таҳлили | Йирик корхоналар: 2 236,5 млрд сўм (2021: 395,4 → 2025: 2 236,5) | Кичик бизнес: 837,2 млрд сўм (2021: 625,0 → 2025: 837,2) | Кичик бизнес улуши: 38% | Очилган корхоналар (2025): 234 та | Ёпилган корхоналар (2025): 152 та', TRUE, 'stat.uz', 'Саноатнинг 38% қисми кичик бизнес ҳиссасига тўғри келмоқда. Кичик бизнеснинг мослашувчанлиги яхши, лекин ёпилиш кўрсаткичининг юқорилиги (152 та) хавотирли. Саноат барқарорлиги учун кичик корхоналарни йирик корхоналар билан кооперация қилиш ва "саноат ипотекаси" орқали уларга бино-иншоотлар ажратиш самара беради.', NULL, NULL, 1, TRUE, '2026-04-28 12:00:00+05'::TIMESTAMPTZ);
INSERT INTO indicators (indicator_id, district_id, no, slide, slide_no, name, description, value, found, source_org, ai_insight, kpi_count, kpi_pct, load_no, final_flag, date_modify) VALUES (136, 4, 4, 1, '1', 'Маҳаллий бюджет ва молиявий ҳолат', 'Прогноз ва контингент даромадлар (млрд сўм)', 'Жами: Молиявий таҳлил | Маҳаллий бюджет (2025): 154,3 млрд сўм (+66,1%) | Контингент бюджет (2025): 228,5 млрд сўм (+18,4%) | Бюджет ўсиши: 2021: 37,2 → 2025: 154,3 (4 баробар) | Контингент ўсиши: 2021: 109,4 → 2025: 228,5 | Экспорт (2025): 88,9 минг $ (−16,0%)', TRUE, 'Туман молия бўлими', 'Бюджет даромадларининг 4 баробар ўсиши солиқ йиғилувчанлиги яхшиланганини кўрсатади. Бироқ экспортнинг пасайиши (105,8 дан 88,9 га) маҳаллий ишлаб чиқарувчиларнинг ташқи бозорга чиқишда қийналаётганидан далолат беради. Бюджетнинг ошириб бажарилган қисмини экспортёр корхоналарни транспорт харажатларини қоплаш ёки халқаро кўргазмаларда қатнашишига субсидия беришга йўналтириш тавсия этилади.', NULL, NULL, 1, TRUE, '2026-04-28 12:00:00+05'::TIMESTAMPTZ);
INSERT INTO indicators (indicator_id, district_id, no, slide, slide_no, name, description, value, found, source_org, ai_insight, kpi_count, kpi_pct, load_no, final_flag, date_modify) VALUES (137, 4, 5, 1, '1', 'Ажратилган кредитлар ва ижтимоий индикаторлар', 'NPL динамикаси ва аҳоли кутишлари', 'Жами: Кредит ва ижтимоий таҳлил | NPL (2025): 1,5% (2021: 5,4% → 2025: 1,5%) | Юк айланмаси: 1 662 минг тонна | Йўловчи ташиш: 12 807,3 минг киши | Аҳоли кутишлари: Ижобий 71%, Салбий 14%, Нейтрал 15%', TRUE, 'SQB', 'NPL даражасининг 5,4% дан 1,5% гача пасайиши банк секторининг соғломлашганини англатади. 71% тадбиркор ва аҳоли ижобий кутишга эга эканлиги — туманда инвестиция киритиш учун энг қулай пайт келганини билдиради. Юқори юк айланмасини инобатга олиб, туманда "қўруқ" логистика хабларини ташкил этиш ва транспорт хизматларини рақамлаштириш орқали иқтисодий фаолликни янада ошириш мумкин.', NULL, NULL, 1, TRUE, '2026-04-28 12:00:00+05'::TIMESTAMPTZ);
INSERT INTO indicators (indicator_id, district_id, no, slide, slide_no, name, description, value, found, source_org, ai_insight, kpi_count, kpi_pct, load_no, final_flag, date_modify) VALUES (138, 4, 6, 1, '1', 'Туман иқтисодий фаоллиги Google Trends орқали', 'Аҳоли ва бизнеснинг рақамли қидирув сўровлари асосида 0-100 балл шкаласи бўйича иқтисодий қизиқиш', 'Жами: Google Trends таҳлили | 2025 йил кўрсаткичи: 27,3 балл (100 дан) — ўртачадан паст фаоллик | 2024 йил ўртача: 21,8 балл | 2025 йил ўртача: 27,3 балл (+25% ўсиш) | Тренд: Рақамли фаоллик паст базадан жуда тез суръатда ўсмоқда | Мавсумийлик: Қишлоқ хўжалиги мавсумида (баҳор-куз) энг юқори нуқта', TRUE, 'Google Trends', 'Қўштепа туманида рақамли иқтисодий фаоллик паст базадан (27,3 балл) бошланган бўлса-да, ўсиш суръати жуда юқори (+25%). Бу аҳолининг рақамли хизматларга тез мослашаётганини кўрсатади. Тавсия: туманнинг инвестициявий жозибадорлигини ошириш учун интернетдаги маҳаллий контентни кўпайтириш, тадбиркорларни "E-auksion" ва онлайн платформаларда фаолроқ бўлишга ўргатиш лозим. Ушбу паст индекс туманда рақамли иқтисодиётни ривожлантириш учун ҳали фойдаланилмаган катта имконият борлигидан далолат беради.', NULL, NULL, 1, TRUE, '2026-04-28 12:00:00+05'::TIMESTAMPTZ);
INSERT INTO indicators (indicator_id, district_id, no, slide, slide_no, name, description, value, found, source_org, ai_insight, kpi_count, kpi_pct, load_no, final_flag, date_modify) VALUES (139, 4, 7, 2, '2', 'Ичимлик суви билан таъминланганлик', 'Аҳолининг тоза ичимлик суви билан таъминланиш динамикаси (%)', '2021: 42,5 | 2022: 48,3 | 2023: 51,6 | 2024: 83,1 | 2025: 84,0 (%)', TRUE, 'Сув хўжалиги бошқармаси', 'Туманда охирги икки йилда (2024-2025) сув таъминотида кескин сакраш (42% дан 84% га) кузатилган. Бу йирик давлат дастурлари амалга оширилганидан далолат беради. Эндиги асосий эътиборни мавжуд тармоқларнинг техник ҳолатини сақлаш ва сув йўқотишларини камайтириш учун рақамли ҳисоблагичлар (smart meters) ўрнатишга қаратиш лозим.', NULL, NULL, 1, TRUE, '2026-04-28 12:00:00+05'::TIMESTAMPTZ);
INSERT INTO indicators (indicator_id, district_id, no, slide, slide_no, name, description, value, found, source_org, ai_insight, kpi_count, kpi_pct, load_no, final_flag, date_modify) VALUES (140, 4, 8, 2, '2', 'Ички йўллар таъмирланиш даражаси', 'Автомобил йўллари узунлиги ва сифат кўрсаткичлари', 'Жами: Йўл инфратузилмаси | Умумий йўллар узунлиги: 981 км | Асфальтланган йўллар улуши: 82% | Вилоят марказигача масофа: 24,9 км', TRUE, 'Йўл хўжалиги бўлими', 'Йўлларнинг 82 фоизи асфальтлангани ижобий кўрсаткич ва бу вилоят марказига яқинлик билан биргаликда туманнинг логистика жозибадорлигини оширади. Қолган 18 фоиз йўлларни таъмирлашда асосий урғуни саноат зоналарига (КСЗ ва ЭИЗ) олиб борувчи йўналишларга бериш, юк ташиш ҳажми юқори бўлган нуқталарда бетон қопламали йўлларни жорий этиш тавсия этилади.', NULL, NULL, 1, TRUE, '2026-04-28 12:00:00+05'::TIMESTAMPTZ);
INSERT INTO indicators (indicator_id, district_id, no, slide, slide_no, name, description, value, found, source_org, ai_insight, kpi_count, kpi_pct, load_no, final_flag, date_modify) VALUES (141, 4, 9, 2, '2', 'Электр таъминоти сифат даражаси', 'Тармоқлар ҳолати ва модернизация эҳтиёжи', 'Жами: Электр инфратузилмаси | Электр узилишлари: ойига ўртача 1–1,3 марта | Трансформаторлар: 30% модернизация талаб қилади | Электр линиялари: 21% алмаштирилиши керак', TRUE, 'Электр тармоқлари корхонаси', 'Узилишлар сони кам (1-1,3 марта) бўлса-да, инфратузилманинг 18-21% қисми эскиргани келажакда хавф туғдириши мумкин. Саноат зоналари ва йирик корхоналарнинг узлуксиз ишлашини таъминлаш учун давлат-хусусий шериклик асосида муқобил энергия манбаларини (қуёш панеллари) жорий этишни рағбатлантириш ва тармоқларни босқичма-босқич янгилаш зарур.', NULL, NULL, 1, TRUE, '2026-04-28 12:00:00+05'::TIMESTAMPTZ);
INSERT INTO indicators (indicator_id, district_id, no, slide, slide_no, name, description, value, found, source_org, ai_insight, kpi_count, kpi_pct, load_no, final_flag, date_modify) VALUES (142, 4, 10, 2, '2', 'Ер тоифалари ва саноат ерларидан фойдаланиш', 'Ҳудудий тақсимот ва ер ресурсларининг самарадорлиги (га)', 'Жами: Ер ресурслари таҳлили | Умумий майдон: 37 000 гектар | Суғориладиган ерлар: 32 652 гектар (88%) | Саноат зоналарида ердан фойдаланиш: 77% | Аҳоли зичлиги: 586 киши/км²', TRUE, 'Кадастр агентлиги', 'Туман ҳудудининг катта қисми (88%) суғориладиган ерлар бўлгани учун саноатни ривожлантиришда "тик йўналиш" (вертикал) тамойилидан фойдаланиш, яъни мавжуд саноат зоналарида (ердан фойдаланиш 77%) бўш турган биноларда кўп қаватли кичик ишлаб чиқариш мажмуаларини қуриш мақсадга мувофиқ. Бу аҳоли зич жойлашган ҳудудда қишлоқ хўжалиги ерларини сақлаб қолишга ёрдам беради.', NULL, NULL, 1, TRUE, '2026-04-28 12:00:00+05'::TIMESTAMPTZ);
INSERT INTO indicators (indicator_id, district_id, no, slide, slide_no, name, description, value, found, source_org, ai_insight, kpi_count, kpi_pct, load_no, final_flag, date_modify) VALUES (143, 4, 11, 2, '2', 'Жамоат транспорти ва мобиллик', 'Транспорт инфратузилмаси ва алоқа сифати', 'Жами: Транспорт ва алоқа | Темир йўл станциясига масофа: 16 км | Йўловчи айланмаси: 12 807,3 минг киши | Интернет қоплами: 100% / 128 Мбит/с | Газ билан таъминланганлик: 10,1%', TRUE, 'stat.uz', 'Йўловчи айланмасининг юқорилиги ва аҳоли зичлиги (586 киши/км²) жамоат транспортига бўлган талаб катталигини кўрсатади. Газ таъминоти пастлигини (10,1%) инобатга олиб, жамоат транспорти ва юк ташувчиларни электр қувватида ишловчи транспорт воситаларига (электробуслар) ўтказиш ва ҳудудда қувватлаш станцияларини кўпайтириш иқтисодий ва экологик жиҳатдан энг тўғри йўлдир.', NULL, NULL, 1, TRUE, '2026-04-28 12:00:00+05'::TIMESTAMPTZ);
INSERT INTO indicators (indicator_id, district_id, no, slide, slide_no, name, description, value, found, source_org, ai_insight, kpi_count, kpi_pct, load_no, final_flag, date_modify) VALUES (144, 4, 12, 3, '3', 'Меҳнат ресурслари', 'Меҳнат ресурсларининг 5 йиллик динамикаси (минг киши)', '2021: 104,6 | 2022: 105,8 | 2023: 108,7 | 2024: 109,9 | 2025: 111,7 (минг киши)', TRUE, 'stat.uz', '2021 йилдаги 104,6 минг кишидан 2025 йилда 111,7 минг кишигача ўсиш (+6,8%, йиллик ўртача +1,7%) меҳнат бозорининг кенгайишини кўрсатади. Бу ҳолат янги иш ўринлари яратишни талаб қилади.', NULL, NULL, 1, TRUE, '2026-04-28 12:00:00+05'::TIMESTAMPTZ);
INSERT INTO indicators (indicator_id, district_id, no, slide, slide_no, name, description, value, found, source_org, ai_insight, kpi_count, kpi_pct, load_no, final_flag, date_modify) VALUES (145, 4, 13, 3, '3', 'Бандликни ошириш имкониятлари', 'КСЗ, ЭИЗ, инвестиция лойиҳалари ва касб-ҳунар дастурлари', 'Жами: Бандлик имкониятлари | КСЗ ва ЭИЗ: инфратузилмани тўлиқ яратиш | Инвестиция: янги лойиҳаларни жойлаштириш | Экспорт: салоҳиятини ошириш | Ёшлар ва аёллар: касб-ҳунар имкониятларини кенгайтириш', TRUE, 'stat.uz', 'Қўштепа туманида меҳнат ресурслари ўсиши ва саноат зоналари мавжудлиги иш ўринлари яратиш учун асосий имкониятдир. Шунинг учун: инфратузилмани тез яратиш ва газ тармоқларига уланишни таъминлаш; янги саноат ва агрозоналарда йилига камида 1 000–1 200 иш ўрни яратиш; ёшлар ва аёллар учун касб-ҳунар дастурларини кенгайтириш; норасмий секторни расмийлаштириш орқали солиқ базасини кучайтириш лозим.', NULL, NULL, 1, TRUE, '2026-04-28 12:00:00+05'::TIMESTAMPTZ);
INSERT INTO indicators (indicator_id, district_id, no, slide, slide_no, name, description, value, found, source_org, ai_insight, kpi_count, kpi_pct, load_no, final_flag, date_modify) VALUES (146, 4, 14, 3, '3', 'Ишсизлик кўрсаткичлари', 'Расмий ишсизлик 4 341 нафар', '2021: 10,3 | 2022: 9,5 | 2023: 7,2 | 2024: 6,0 | 2025: 5,1 (%)', TRUE, 'stat.uz', 'Қўштепа туманида ишсизлик даражаси пасайиб бормоқда, лекин меҳнат ресурслари ўсиши янги иш ўринларини талаб қилади. Шунинг учун: янги саноат ва агрозоналарда иш ўринлари яратишни тезлаштириш; ёшлар ва аёллар учун касб-ҳунар дастурларини кенгайтириш; норасмий секторни расмийлаштириш орқали ишсизликни янада камайтириш лозим.', 4341, 5.1, 1, TRUE, '2026-04-28 12:00:00+05'::TIMESTAMPTZ);
INSERT INTO indicators (indicator_id, district_id, no, slide, slide_no, name, description, value, found, source_org, ai_insight, kpi_count, kpi_pct, load_no, final_flag, date_modify) VALUES (147, 4, 15, 3, '3', 'Камбағаллик кўрсаткичлари', 'Камбағаллик даражаси ва камбағал оилалар сони', 'Жами: Камбағаллик таҳлили (2025) | Камбағаллик даражаси: 5,2% | Камбағал оилалар сони: 3 319 та | Туман ўртачаси: 6,3% | Оғир тоифа (10%+): 5 та маҳалла | Енгил тоифа (3% ва паст): 6 та маҳалла', TRUE, 'Статистика / МФЙ', 'Қўштепа туманида камбағаллик даражаси 5,2% ни ташкил этади. 5 та маҳаллада камбағаллик 10% дан юқори (Кичик бешкапа 13,3%, Қорақушчи 10,8%) — улар учун алоҳида «интенсив ёрдам» режаси тузилиши керак. Камбағал оилаларни ижтимоий ёрдам ва микрокредитлар билан қўллаб-қувватлаш лозим.', 3319, 5.2, 1, TRUE, '2026-04-28 12:00:00+05'::TIMESTAMPTZ);
INSERT INTO indicators (indicator_id, district_id, no, slide, slide_no, name, description, value, found, source_org, ai_insight, kpi_count, kpi_pct, load_no, final_flag, date_modify) VALUES (148, 4, 16, 3, '3', '«Барқарор келажак» — ёшлар даромадини ошириш', '2026 йил режаси: ёшларни бандликка жалб қилиш йўналишлари', 'Жами: 2 221 нафар ёшлар даромади ошириладиган (2026 режа) | Доимий ишга жойлаштириш: 1 366 нафар | Тадбиркорликка жалб қилиш: 327 нафар | Кредит ажратиш ҳисобига: 297 нафар | Қайта касбга ўқитиш: 231 нафар', TRUE, 'Хокимият', 'Ёшлар даромадини ошириш учун асосий йўналишлар: дуал таълим ва қайта тайёрлаш дастурларини кучайтириш; биринчи иш ўрнига субсидия бериш; ёш тадбиркорларни микрокредит ва грантлар билан қўллаб-қувватлаш лозим.', NULL, NULL, 1, TRUE, '2026-04-28 12:00:00+05'::TIMESTAMPTZ);
INSERT INTO indicators (indicator_id, district_id, no, slide, slide_no, name, description, value, found, source_org, ai_insight, kpi_count, kpi_pct, load_no, final_flag, date_modify) VALUES (149, 4, 17, 3, '3', 'Аёллар бандлиги ва даромадини ошириш', '2026 йил режаси: аёлларни бандликка жалб қилиш йўналишлари', 'Жами: 2 120 нафар аёллар даромади ошириладиган (2026 режа) | Доимий ишга жойлаштириш: 949 нафар | Тадбиркорликка жалб қилиш: 230 нафар | Кредит ажратиш ҳисобига: 350 нафар | Қайта касбга ўқитиш: 591 нафар', TRUE, 'Хокимият', 'Аёллар даромадини ошириш учун: саноат ва хизмат кўрсатиш соҳаларида иш ўринларини яратиш; аёллар тадбиркорлигини микрокредит ва грантлар билан қўллаб-қувватлаш; қайта касбга ўқитиш дастурларини кенгайтириш лозим.', NULL, NULL, 1, TRUE, '2026-04-28 12:00:00+05'::TIMESTAMPTZ);
INSERT INTO indicators (indicator_id, district_id, no, slide, slide_no, name, description, value, found, source_org, ai_insight, kpi_count, kpi_pct, load_no, final_flag, date_modify) VALUES (150, 4, 18, 4, '4', 'Маҳаллаларда сунъий интеллект ва таълим орқали бизнесни ривожлантириш', '11 000 нафар аҳоли «Беш миллион сунъий интеллект етакчилари» дастури доирасида сертификат олган', 'Жами: 2026 режалари | «Беш миллион СИ етакчилари» таълими: 25 000 нафар аҳолини қамраб олиш | Маҳалла еттилигини ўқитиш: 350 та / 49 та маҳалла | СИ лойиҳа: SQB AI advisor | AIда тайёрланган бизнес-режалар: 100 та', TRUE, 'SQB', 'Қўштепа туманида 11 000 нафар аҳолининг сунъий интеллект бўйича сертификат олгани юқори натижа бўлиб, 2026 йилгача бу кўрсаткични 25 000 нафарга етказиш режалаштирилган. Шу асосда SQB AI advisor орқали AIда тайёрланган 100 та бизнес-режани ишлаб чиқиш ва молиялаштириш, 350 та маҳалла еттилиги орқали сунъий интеллектни амалиётга кенг жорий этиш натижасида камида 100 та янги бизнесни йўлга қўйиш ва янги иш ўринларини яратиш таъминланади.', NULL, NULL, 1, TRUE, '2026-04-28 12:00:00+05'::TIMESTAMPTZ);
INSERT INTO indicators (indicator_id, district_id, no, slide, slide_no, name, description, value, found, source_org, ai_insight, kpi_count, kpi_pct, load_no, final_flag, date_modify) VALUES (151, 4, 19, 4, '4', 'Сунъий интеллект куни ва СИ ўқитиш дастури', 'Ҳоким, банк раҳбарлари, маҳалла банкирлари ва аҳолини босқичма-босқич СИ га ўқитиш тизими', 'Жами: 5 босқичли СИ ўқитиш дастури | 1-босқич: Ўқув маркази очиш | 2-босқич: Ҳоким ва ҳоким ўринбосарлари — СИ стратегия ва қарор қабул қилиш | 3-босқич: Банк филиал раҳбарлари — СИ скоринг ва риск таҳлили | 4-босқич: Маҳалла банкирлари — СИ платформа орқали мижоз хизмати | 5-босқич: МФЙ раислари — СИ маълумотлар таҳлили ва ҳисобот', TRUE, 'SQB', 'Дастур «юқоридан пастга» тамойилида: ҳоким даражасида стратегик СИ қарорлари, банк раҳбарларига скоринг, маҳалла банкирларига мижоз хизмати, МФЙ раисларига маълумотлар таҳлили ва ниҳоят 49 маҳалладаги аҳолини СИ платформаси орқали ўқитиш. Ҳар босқич 2–4 ҳафта. 5-босқичда ҳар бир фуқаро индивидуал баҳоланади — кўникмалилар ишга, тадбиркорлик қобилияти борлар бизнесга йўналтирилади. Мақсад: 80% иштирокчи 3 ой ичида даромадли фаолиятга ўтади, СИ скоринг натижалари маҳалла банкирларига кредит қарорида қўшимча маълумот сифатида тақдим этилади.', NULL, NULL, 1, TRUE, '2026-04-28 12:00:00+05'::TIMESTAMPTZ);
INSERT INTO indicators (indicator_id, district_id, no, slide, slide_no, name, description, value, found, source_org, ai_insight, kpi_count, kpi_pct, load_no, final_flag, date_modify) VALUES (152, 4, 20, 4, '4', '«SQB AI Advisor» — ақлли ёрдамчи платформа', 'Маҳалла банкирлари ва тадбиркорларга СИ ёрдами берувчи платформа', 'Жами: SQB AI Advisor функциялари | СИ маслаҳатчи чат-боти: тадбиркорлик, ҳуқуқий, молиявий саволларга жавоб | Бизнес-режа генератори: автоматик бизнес-режа тузиш | Кредит мослаштириш: мижозга мос кредит маҳсулотини танлаш | Маҳалла агенти самарадорлиги: онлайн KPI мониторинг | Прогноз: даромадни ошириш тавсиялари, мавсумий хавфлар', TRUE, 'SQB', '«SQB AI Advisor» платформаси Қўштепа туманидаги маҳалла банкири ва тадбиркорларга кундалик ишларда СИ ёрдамини беради: мижозларга автоматик маслаҳат, бизнес-режа генератори, кредит мослаштириш ва самарадорлик мониторинги. 2026 йил якунигача барча 49 маҳаллада жорий этиш режалаштирилган.', NULL, NULL, 1, TRUE, '2026-04-28 12:00:00+05'::TIMESTAMPTZ);
INSERT INTO indicators (indicator_id, district_id, no, slide, slide_no, name, description, value, found, source_org, ai_insight, kpi_count, kpi_pct, load_no, final_flag, date_modify) VALUES (153, 4, 21, 4, '4', 'Маҳалла ихтисослашуви', 'Маҳаллаларнинг иқтисодий фаолият йўналишлари (2026 режа)', 'Жами: Маҳалла ихтисослашуви | Узумчилик: 38 та МФЙ (78%) | Деҳқончилик: 6 та МФЙ (12%) | Ишлаб чиқариш: 5 та МФЙ (10%)', TRUE, 'Хокимият', 'Қўштепа туманида 49 маҳалланинг 38 таси (78%) узумчиликка ихтисослашган — бу моноконцентрация хавфини туғдиради. Тавсия: узумчиликда қайта ишлаш занжирини (қуритиш, шарбат, экспорт) кучайтириш; деҳқончилик маҳаллаларида сабзавот қайта ишлаш кластерларини ташкил этиш; ишлаб чиқариш маҳаллаларида ёшлар учун касб-ҳунар ўқитиш ва иш ўринлари яратиш лозим.', NULL, NULL, 1, TRUE, '2026-04-28 12:00:00+05'::TIMESTAMPTZ);
INSERT INTO indicators (indicator_id, district_id, no, slide, slide_no, name, description, value, found, source_org, ai_insight, kpi_count, kpi_pct, load_no, final_flag, date_modify) VALUES (154, 4, 22, 4, '4', 'Маҳалла драйвер секторлари', 'Маҳаллаларда ўсишни таъминлайдиган асосий тармоқлар (2026 режа)', 'Жами: Драйвер секторлар | Савдо: маҳаллий бозорлар ва чакана савдо тармоқлари | Енгил саноат: тикиш-бичиш, озиқ-овқат ва маиший маҳсулот ишлаб чиқариш | Чарм-пойабзал: чарм маҳсулотлари ва пойабзал ишлаб чиқариш | Ҳунармандчилик: миллий ҳунарлар, оилавий ишлаб чиқариш ва номланиш', TRUE, 'Хокимият', 'Қўштепа туманида драйвер секторларни самарали ривожлантириш учун: секторларни алоҳида эмас, «ишлаб чиқариш + савдо + хизмат» занжирида боғлаш; чарм-пойабзал ва ҳунармандчиликда тайёр маҳсулотни бозорга чиқариш; маҳаллий номланишларни ривожлантириш ва онлайн сотув каналларини кенгайтириш; савдо ва хизмат соҳасида рақамли ечимларни жорий қилиш лозим.', NULL, NULL, 1, TRUE, '2026-04-28 12:00:00+05'::TIMESTAMPTZ);
INSERT INTO indicators (indicator_id, district_id, no, slide, slide_no, name, description, value, found, source_org, ai_insight, kpi_count, kpi_pct, load_no, final_flag, date_modify) VALUES (155, 4, 23, 4, '4', 'Микролойиҳалар сони ва иш ўринлари', 'Йиллик кредит режа, иш ўринлари ва банклар бўйича маҳалла тақсимоти (2026 йил)', 'Жами: 490 та лойиҳа / 940 иш ўрни (2026 режа) | Маҳаллалар: 49 та лойиҳа | SQB: 31 та лойиҳа | Агро банк: 9 та лойиҳа | Халқ банки: 9 та лойиҳа | Умумий қиймат: 58,8 млрд сўм | Банк кредити: 17,8 млрд сўм', TRUE, 'SQB', 'Қўштепа туманида микролойиҳаларни самарали амалга ошириш учун: лойиҳаларни танлашда СИ асосида скоринг жорий қилиш; кредит расмийлаштириш жараёнини соддалаштириш; лойиҳаларни амалга оширишни мунтазам мониторинг қилиш; тадбиркорларга молиявий маслаҳат ва бизнес режа тайёрлашда ёрдам бериш лозим.', NULL, NULL, 1, TRUE, '2026-04-28 12:00:00+05'::TIMESTAMPTZ);
INSERT INTO indicators (indicator_id, district_id, no, slide, slide_no, name, description, value, found, source_org, ai_insight, kpi_count, kpi_pct, load_no, final_flag, date_modify) VALUES (156, 4, 24, 4, '4', 'Ишсизлик юқори маҳаллалар', 'Оғир тоифадаги маҳаллалар бўйича манзилли иш режаси (2026 йил)', 'Жами: 3 та оғир тоифадаги маҳалла | 1-маҳалла: Кичик бешкапа | 2-маҳалла: Коракушча | 3-маҳалла: Намуна | Фокус: манзилли бандлик ва микролойиҳа дастурлари', TRUE, 'Хокимият', 'Қўштепа туманида ишсизлик юқори бўлган маҳаллаларда: «Бир маҳалла — бир драйвер йўналиш» тамойили асосида тезкор бандлик режаси ишга тушириш; ишсиз аҳолини кўникма ва қизиқишлар бўйича сегментация қилиш; 3 ойлик қисқа циклда ишга жойлаштириш ва микролойиҳаларга улаш механизмларини жорий қилиш; ҳар ой KPI мониторинг (иш ўрни, даромад, қайтмаслик) юритиш лозим.', NULL, NULL, 1, TRUE, '2026-04-28 12:00:00+05'::TIMESTAMPTZ);
INSERT INTO indicators (indicator_id, district_id, no, slide, slide_no, name, description, value, found, source_org, ai_insight, kpi_count, kpi_pct, load_no, final_flag, date_modify) VALUES (157, 4, 25, 5, '5', 'Кичик саноат зоналари ва инвестиция', 'КСЗ ва ЭИЗ ҳудудларида саноат инфратузилмасини кенгайтириш', 'Жами: 49,9 га саноат учун ажратилган ер | КСЗ майдони: 25,5 га | ЭИЗ майдони: 24,4 га | Фаол лойиҳалар: 11 та (6,1 га) | Яратилган иш ўрни: 1 380 та | Бюджетга қўшимча: 24,0 млрд сўм | Фаолият кўрсатувчи КСЗ/ЁСТЗ: 5 та', TRUE, 'Хокимият', '49,9 гектарлик саноат зоналарида газ тармоқлари уланмагани — бу асосий тўсиқ. «Оқтепа» КСЗда ягона корхона орқали 1 700 та иш ўрни яратилган — бу потенциал модели. Газ инфратузилмасини қуриб, э-аукционга чиқарилмаган ерларни иқтисодий айланмага киритиш ва янги чарм-пойабзал КСЗни ишга тушириш (1–3 йил режасида) тавсия этилади.', NULL, NULL, 1, TRUE, '2026-04-28 12:00:00+05'::TIMESTAMPTZ);
INSERT INTO indicators (indicator_id, district_id, no, slide, slide_no, name, description, value, found, source_org, ai_insight, kpi_count, kpi_pct, load_no, final_flag, date_modify) VALUES (158, 4, 26, 5, '5', 'Боғдорчилик ва узумчилик кластери', 'Туманнинг асосий ихтисослашуви — 38 маҳалла боғдорчиликка ихтисослашган', 'Жами: 38 та маҳалла боғдорчиликка ихтисослашган | Узум майдони: 288 га | Узум ҳосили: 461 тонна | Фермер кластерлари: 457 та | Сабзавот қайта ишлаш: 15% | Гўшт қайта ишлаш: 12% | Қ/х ҳажми (2025): 3 736,2 млрд сўм', TRUE, 'МФЙ агентлиги / Қ/х бўлими', '38 маҳалла боғдорчилик, 6 деҳқончилик, 5 кичик ишлаб чиқаришга ихтисослашган. Қайта ишлаш даражаси (15% ва 12%) жуда паст — экспортга йўналтирилган қайта ишлаш заводлари ва совуқ сақлаш иншоотлари қурилиши туманнинг энг устувор имконияти. Россия ва Қозоғистон бозорлари асосий экспорт йўналиши сифатида белгиланган.', NULL, NULL, 1, TRUE, '2026-04-28 12:00:00+05'::TIMESTAMPTZ);
INSERT INTO indicators (indicator_id, district_id, no, slide, slide_no, name, description, value, found, source_org, ai_insight, kpi_count, kpi_pct, load_no, final_flag, date_modify) VALUES (159, 4, 27, 5, '5', 'Жаҳон банки ва халқаро молиялаштириш', 'ХМИ маблағлари ҳисобидан молиялаштириладиган лойиҳалар (13.04.2026 ҳолати)', 'Жами: $11 545 минг — 8 лойиҳа тасдиқланган (13.04.2026) | Тасдиқланган лойиҳалар: 8 та | Тасдиқланган сумма: $11 545 минг | Ҳужжат топширилган: 25 та лойиҳа / $20 143 минг | Режа (жами): 36 та лойиҳа, $9 млн (ЖБ) | Ҳужжат кутилаётган: 17 та / $8 598 минг', TRUE, 'SQB / Халқаро молия институтлари', 'Ҳужжат топширилмаган 17 та лойиҳа ($8 598 минг) бўйича ишлар кечикмоқда. Ушбу лойиҳалар бўйича тижорат банкларга ҳужжат топшириш жадаллаштирилиши керак. ХМИ молиялашуви — энг арзон ва узоқ муддатли манба; 2026 йил учун устувор вазифа.', NULL, NULL, 1, TRUE, '2026-04-28 12:00:00+05'::TIMESTAMPTZ);
INSERT INTO indicators (indicator_id, district_id, no, slide, slide_no, name, description, value, found, source_org, ai_insight, kpi_count, kpi_pct, load_no, final_flag, date_modify) VALUES (160, 4, 28, 5, '5', 'Иш ўрни яратиш дастури 2026–2027', 'Барча секторлар бўйича янги иш ўринлари яратиш режаси', 'Жами: 2 605 дан ортиқ янги иш ўрни (2026 режа, 33 лойиҳа, $108,8 млн) | Саноат (2026): 2 826 та | Саноат (2027): 3 200 та | Туризм (15 лойиҳа): 241 та | Ишсизлик даражаси (2025): 5,1% | Динамика: 2021: 10,3% (8 708 киши) → 2023: 7,2% (6 279) → 2025: 5,1% (4 341)', TRUE, 'Хокимият', 'Ишсизлик 2021 йилдан буён доимий камаймоқда (10,3% → 5,1%). Ёшлар ишсизлиги 1 302 киши, аёллар 1 519 киши — улар учун маҳалла ихтисослашуви дастурлари (чарм, тикувчилик, боғдорчилик) устувор йўналиш.', NULL, NULL, 1, TRUE, '2026-04-28 12:00:00+05'::TIMESTAMPTZ);
INSERT INTO indicators (indicator_id, district_id, no, slide, slide_no, name, description, value, found, source_org, ai_insight, kpi_count, kpi_pct, load_no, final_flag, date_modify) VALUES (161, 4, 29, 5, '5', 'Инвестиция жалб қилиш режаси 2026–2031', '6 йиллик инвестиция дастури — ўсувчи динамика', '[2026–2031 инвестиция режаси] 2026: 180 | 2027: 210 | 2028: 235 | 2029: 265 | 2030: 300 | 2031: 340 (млн $)', TRUE, 'Хокимият', 'Инвестиция жалб қилиш 2021–2024 йилларда 72,9%–113% оралиғида бажарилган (2022 йил энг юқори — 111%). Саноат зоналарига газ уланиши ва э-аукционга ер чиқариш — инвесторлар учун энг муҳим шартлар. Халқаро консалтинг баҳоси: «Тўғри бошқарув ва инвестиция билан Фарғона вилоятида етакчи иқтисодий нуқтага айланиши мумкин.»', NULL, NULL, 1, TRUE, '2026-04-28 12:00:00+05'::TIMESTAMPTZ);
INSERT INTO indicators (indicator_id, district_id, no, slide, slide_no, name, description, value, found, source_org, ai_insight, kpi_count, kpi_pct, load_no, final_flag, date_modify) VALUES (162, 4, 30, 5, '5', 'Газ инфратузилмаси — устувор муаммо', 'Туманнинг энг катта инфратузилма тўсиғи ва инвестиция имконияти', 'Жами: 10,1% ҳозирги газ таъминоти даражаси (критик паст) | Газ таъминоти: 10,1% | Газ уланган саноат зоналари: 0 та (49,9 га) | Асфальтланган йўллар: 82% | Интернет қоплами: 100%, 128 Мбит/с | Ичимлик сув (2025): 84% | Канализация: 2,5%', TRUE, 'Хокимият', '10,1% газ таъминоти — вилоятда энг паст кўрсаткичлардан бири. 49,9 гектарлик саноат зоналарида газ йўқлиги энергия талаб қилувчи ишлаб чиқаришни чеклайди ва инвесторлар учун рақобатбардошликни камайтиради. Газ тармоғини саноат зоналарига улаш — 0–12 ойлик энг устувор вазифа.', NULL, NULL, 1, TRUE, '2026-04-28 12:00:00+05'::TIMESTAMPTZ);
INSERT INTO indicators (indicator_id, district_id, no, slide, slide_no, name, description, value, found, source_org, ai_insight, kpi_count, kpi_pct, load_no, final_flag, date_modify) VALUES (163, 4, 31, 5, '5', 'Урбанизация ва туман маркази', 'Туман марказини шакллантириш — узоқ муддатли ўсиш нуқтаси', 'Жами: 3 000+ янги иш ўрни (3–5 йиллик режа) | Туман маркази: мавжуд эмас | Тадбиркорлик субъектлари (режа): 200+ | Аҳоли (2025): 217 800 киши | Маҳаллалар сони: 49 та МФЙ | Мактаб (1 смена): 852 та синф | Мактаб (2 смена): 490 та синф', TRUE, 'Хокимият', 'Туман марказининг мавжуд эмаслиги — узоқ муддатли ривожланиш учун энг катта хавф ва энг катта имконият. Туман марказида урбанизация ишларини амалга ошириш орқали 200 дан ортиқ тадбиркорлик субъектлари ва 3 000+ юқори даромадли иш ўринлари яратиш режаси мавжуд (3–5 йил).', NULL, NULL, 1, TRUE, '2026-04-28 12:00:00+05'::TIMESTAMPTZ);
INSERT INTO indicators (indicator_id, district_id, no, slide, slide_no, name, description, value, found, source_org, ai_insight, kpi_count, kpi_pct, load_no, final_flag, date_modify) VALUES (164, 4, 32, 6, '6', 'Бандлик — норасмий сектор', 'Расмий ишсизлик 5,1%, лекин 36 746 киши норасмий секторда ҳисобга олинмаган', 'Жами: 36 746 киши норасмий секторда — солиқ йўқотиш 0,7 млрд сўм/йил | Расмий ишсизлик (2025): 5,1% / 4 341 киши | Ёшлар ишсизлиги (16–30): 1 302 киши | Аёллар ишсизлиги: 1 519 киши | Ногиронлар (ишламайди): 3 728 / 4 199 киши | Динамика: 2021: 10,3% → 2023: 7,2% → 2025: 5,1%', TRUE, 'Бандлик маркази', 'Расмийлаштириш орқали йилига 3 000+ киши қамраб олиниши мумкин. Маҳалла ихтисослашуви дастурлари (чарм, тикувчилик, боғдорчилик) ёшлар ва аёллар учун энг аниқ йўналиш.', NULL, NULL, 1, TRUE, '2026-04-28 12:00:00+05'::TIMESTAMPTZ);
INSERT INTO indicators (indicator_id, district_id, no, slide, slide_no, name, description, value, found, source_org, ai_insight, kpi_count, kpi_pct, load_no, final_flag, date_modify) VALUES (165, 4, 33, 6, '6', 'Инфратузилма — саноатни тўхтатаётган 2 та тўсиқ', 'Газ ва канализация — инвестиция жозибадорлигига энг катта тўсиқ', 'Жами: 10,1% газ таъминоти — Фарғона вилоятида энг паст кўрсаткичлардан | Газ таъминоти: 10,1% (критик) | Канализация: 2,5% (критик) | Ичимлик сув: 84% (ўртача) | Асфальт йўллар: 82% (ўртача) | Интернет: 100%, 128 Мбит/с (яхши) | Саноат зонаси газ уланган: 0 та (49,9 га дан) (критик)', TRUE, 'Газ / Коммунал / Хокимият', 'Ичимлик сув модели — муваффақият намунаси: 42,5% (2021) → 84% (2025). Худди шу ёндашувни газ ва канализацияга қўллаш лозим. Газ улашсиз 49,9 га саноат майдони тўлиқ салоҳиятини бермайди.', NULL, NULL, 1, TRUE, '2026-04-28 12:00:00+05'::TIMESTAMPTZ);
INSERT INTO indicators (indicator_id, district_id, no, slide, slide_no, name, description, value, found, source_org, ai_insight, kpi_count, kpi_pct, load_no, final_flag, date_modify) VALUES (166, 4, 34, 6, '6', 'SQB стратегик ҳамкорлик ва лойиҳалар фабрикаси', 'Комплекс пакет: халқаро кредит (JICA) + Хорижий молия институтлари линиялари + лойиҳалар фабрикаси + СИ таҳлили асосида қўшимча лойиҳалар портфели', 'Жами: SQB ва ҳамкор банклар стратегик пакети | Лойиҳа фабрикаси: Ғоя → Баҳолаш → Бизнес-режа → Молиялаштириш | Иштирокчи банклар: SQB ва бошқа тижорат банклари | СИ таҳлили асосида қўшимча: 91 та лойиҳа, 100,5 млрд сўм, 425 иш ўрни | Йирик қўшимча лойиҳалар: 13 та, 98 млрд сўм, 290 иш ўрни | Микролойиҳалар: 78 та, 2,5 млрд сўм, 135 иш ўрни | Қишлоқ хўжалиги (узумчилик): 78 та лойиҳа, 7,5 млрд сўм, 135 иш ўрни', TRUE, 'SQB', 'Бандлик ва янги лойиҳалар (қисқача): СИ таҳлил ва маҳалла ихтисослашуви асосида 91 та лойиҳа (100,5 млрд сўм, 425 иш ўрни) шакллантирилди: 13 та йирик (98 млрд, 290 иш ўрни) ва 78 та микролойиҳа (2,5 млрд, 135 иш ўрни). Микролойиҳалар асосан узумчиликка таянади, йириклари эса саноат-хизмат сегментига қаратилган. Уларни амалга ошириш натижасида 425 та янги иш ўрни яратилиб, иқтисодиёт қишлоқ хўжалиги–қайта ишлаш–хизмат занжирида диверсификация қилинади.', NULL, NULL, 1, TRUE, '2026-04-28 12:00:00+05'::TIMESTAMPTZ);
INSERT INTO indicators (indicator_id, district_id, no, slide, slide_no, name, description, value, found, source_org, ai_insight, kpi_count, kpi_pct, load_no, final_flag, date_modify) VALUES (167, 4, 35, 6, '6', 'Қ/х — ўсиш бор, лекин қайта ишлаш бўғини йўқ', '3 736 млрд сўмлик Қ/х, лекин қайта ишлаш 12–15% — қўшилган қиймат тумандан чиқиб кетмоқда', 'Жами: 3 736,2 млрд сўм — Қ/х ҳажми (2025), ўсиш +49,5% (2021 дан) | Қ/х ўсиши: 2 499,6 → 3 736,2 млрд (+49,5%) | Сабзавот қайта ишлаш: 15% | Гўшт қайта ишлаш: 12% | Узум: 288 га / 461 тонна | Фермер кластерлари: 457 та | Дон экини майдони: 7 800 га | Дефицит товарлар: гўшт, сут маҳсулотлари, қурилиш материаллари, дори-дармон', TRUE, 'Қ/х бўлими / МФЙ', 'Қ/х +49,5% ўсган, лекин қайта ишлаш атиги 12–15% — хом-ашёнинг 85% и қўшилган қиймат яратмасдан тумандан чиқиб кетмоқда. 457 та фермер кластери базаси бор, аммо қайта ишлаш занжирига боғланмаган. Тавсия: (1) кластерлар ёнида кичик консерва ва гўшт-сут цехларини «саноат ипотекаси» орқали қуриб, қайта ишлашни 3 йилда 35–40% га етказиш; (2) дефицит товарлар (гўшт, сут, қурилиш, дори) — тайёр ички бозор, импорт ўрнини босувчи лойиҳаларга имтиёзли кредит ва ер устувор берилсин.', NULL, NULL, 1, TRUE, '2026-04-28 12:00:00+05'::TIMESTAMPTZ);
INSERT INTO indicators (indicator_id, district_id, no, slide, slide_no, name, description, value, found, source_org, ai_insight, kpi_count, kpi_pct, load_no, final_flag, date_modify) VALUES (168, 4, 36, 6, '6', '3 босқичли ҳаракат режаси — 2026–2031', 'Қисқа муддатдан узоқ муддатгача аниқ вазифалар ва инвестиция жадвали', 'Жами: $180 млн — 2026 йили инвестиция режаси, 2031 гача $340 млн | 0–12 ой: Саноат зоналарига газ улаш; 17 ХМИ лойиҳасини расмийлаштириш; 5 оғир маҳаллада тезкор дастур | 1–3 йил: 4 КСЗ тўлиқ қувватда; Чарм-пойабзал КСЗ ишга тушириш; э-аукционга ер чиқариш | 3–5 йил: Туман маркази (200+ корхона, 3 000+ иш ўрни); Қайта ишлаш кластерлари — экспорт', TRUE, 'Хокимият', 'Инвестиция жалб қилиш 2021–2024 йилларида 72,9%–113% оралиғида бажарилган. Газ улаш ва саноат зоналарини тўлиқ ишга тушириш — инвесторлар учун энг муҳим сигнал. Бу икки қарор туманнинг бутун 2026–2031 йиллар режасини белгилайди.', NULL, NULL, 1, TRUE, '2026-04-28 12:00:00+05'::TIMESTAMPTZ);

-- districts for region: surkhandarya
INSERT INTO districts (district_id, region_id, slug, name_uz, name_ru, name_en, district_name, json_file, has_data, type, year, total_cards, load_no, final_flag, date_modify) VALUES (5, 3, 'surkhandarya_vil', 'Сурхондарё вилояти', 'Сурхандарьинская область', 'Surkhandarya Region', '', 'boysun.json', TRUE, 'viloyat', NULL, 40, 1, TRUE, '2026-04-28 12:00:00+05'::TIMESTAMPTZ);
INSERT INTO hero_kpis (hero_kpi_id, district_id, metric_name, metric_value, metric_unit, load_no, final_flag, date_modify) VALUES (9, 5, 'Аҳоли', 3.01, 'млн киши', 1, TRUE, '2026-04-28 12:00:00+05'::TIMESTAMPTZ);
INSERT INTO hero_kpis (hero_kpi_id, district_id, metric_name, metric_value, metric_unit, load_no, final_flag, date_modify) VALUES (10, 5, 'Маҳалла', 723, 'та', 1, TRUE, '2026-04-28 12:00:00+05'::TIMESTAMPTZ);
INSERT INTO hero_kpis (hero_kpi_id, district_id, metric_name, metric_value, metric_unit, load_no, final_flag, date_modify) VALUES (11, 5, 'Оила', 740005, 'та', 1, TRUE, '2026-04-28 12:00:00+05'::TIMESTAMPTZ);
INSERT INTO hero_kpis (hero_kpi_id, district_id, metric_name, metric_value, metric_unit, load_no, final_flag, date_modify) VALUES (12, 5, 'Хонадон', 549117, 'та', 1, TRUE, '2026-04-28 12:00:00+05'::TIMESTAMPTZ);
INSERT INTO indicators (indicator_id, district_id, no, slide, slide_no, name, description, value, found, source_org, ai_insight, kpi_count, kpi_pct, load_no, final_flag, date_modify) VALUES (169, 5, 1, 1, '1', 'Макроиқтисодий кўрсаткичлар', 'Саноат, хизматлар, ЯҲМ ва ташқи савдо (2025 йил)', 'Жами: 2025 йил макроиқтисодий кўрсаткичлар | ЯҲМ ўсиши: 54,6 млрд сўм (106,6%) | Саноат: 18,8 трлн сўм (+36,3%) | Хизматлар: 35,5 трлн сўм (+24,1%) | Тармоқлар улуши: Хизматлар 43,4%, Қ/х 37,4%, Саноат 9,9%, Қурилиш 9,3% | Экспорт: $507,5 млн (+86,2%) | Импорт: $283,4 млн', TRUE, 'Статистика бошқармаси / Молия бошқармаси', 'Саноат улуши пастлиги (9,9%) сабабли қишлоқ хўжалиги маҳсулотларини қайта ишлаш қувватларини ошириш керак. Саноат индустриаллашуви учун маҳаллий хом ашё базасида янги корхоналарни ишга тушириш лозим.', NULL, NULL, 1, TRUE, '2026-04-28 12:00:00+05'::TIMESTAMPTZ);
INSERT INTO indicators (indicator_id, district_id, no, slide, slide_no, name, description, value, found, source_org, ai_insight, kpi_count, kpi_pct, load_no, final_flag, date_modify) VALUES (170, 5, 2, 1, '1', 'Саноат маҳсулотлари ишлаб чиқариш динамикаси', '5 йиллик вақт қатори: ҳажм, ўсиш ва тузилма', 'Саноат ҳажми (млрд сўм): 2021: 6675,3 | 2022: 7229,8 | 2023: 10882,3 | 2024: 13819,8 | 2025: 18833,2', TRUE, 'Статистика бошқармаси', 'Йирик корхоналар улуши камайгани сабабли 2026 йилги 93 та йирик саноат лойиҳасини биринчи навбатда молиялаштириш керак. Саноат ерларидан фойдаланиш коэффициентини 90 фоизга етказиш лозим.', NULL, NULL, 1, TRUE, '2026-04-28 12:00:00+05'::TIMESTAMPTZ);
INSERT INTO indicators (indicator_id, district_id, no, slide, slide_no, name, description, value, found, source_org, ai_insight, kpi_count, kpi_pct, load_no, final_flag, date_modify) VALUES (171, 5, 3, 1, '1', 'Маҳаллий бюджет ва солиқ тушумлари динамикаси', 'Бюджет даромади, солиқ тушумлари, иш ҳақи фонди', 'Маҳаллий бюджет (млрд сўм): 2021: 1993,3 | 2022: 2670,6 | 2023: 3043,0 | 2024: 2989,1 | 2025: 3534,7 | Солиқ даромадлари (млрд сўм): 2021: 1934,4 | 2022: 2445,0 | 2023: 2829,5 | 2024: 3188,3 | 2025: 3779,1', TRUE, 'Молия бошқармаси / Давлат солиқ қўмитаси', 'Маҳаллий бюджет тушумлари тебраниши сабабли солиқ базасини диверсификация қилиш керак. Бюджет барқарорлигини таъминлаш учун кичик бизнес улушини янада кенгайтириш чораларини кўриш лозим.', NULL, NULL, 1, TRUE, '2026-04-28 12:00:00+05'::TIMESTAMPTZ);
INSERT INTO indicators (indicator_id, district_id, no, slide, slide_no, name, description, value, found, source_org, ai_insight, kpi_count, kpi_pct, load_no, final_flag, date_modify) VALUES (172, 5, 4, 1, '1', 'Ажратилган кредитлар сифати', 'Кредит ҳажми, кичик бизнес ва оилавий тадбиркорлик кредитлари', 'Умумий кредит (трлн сўм): 2021: 5,2 | 2022: 6,0 | 2023: 6,6 | 2024: 8,6 | 2025: 11,3 | Кичик бизнес кредитлари (трлн сўм): 2021: 2,5 | 2022: 3,1 | 2023: 3,2 | 2024: 3,8 | 2025: 6,5 | Оилавий тадбиркорлик кредитлари: 274 млрд сўм | Жон бошига кредит: 7 641 минг сўм | Банк инфратузилмаси: 15 филиал, 786 банкомат, 2 543 ходим', TRUE, 'Марказий банк', 'Кредит ҳажми ва кичик бизнес молиялаштириши жадал ўсгани вилоятда молиявий фаоллик юқори эканини кўрсатади; эндиликда устувор вазифа — ушбу ўсишни сифатли қайтимга айлантириш. Бунинг учун кредитни “скоринг + бизнес-режа + бозорга чиқиш” бирлашган моделида бериш ва маҳалла даражасида кейинги кузатувни кучайтириш энг юқори самара бериши мумкин.', NULL, NULL, 1, TRUE, '2026-04-28 12:00:00+05'::TIMESTAMPTZ);
INSERT INTO indicators (indicator_id, district_id, no, slide, slide_no, name, description, value, found, source_org, ai_insight, kpi_count, kpi_pct, load_no, final_flag, date_modify) VALUES (173, 5, 5, 1, '1', 'Google Trends иқтисодий фаоллик', 'Вилоят иқтисодий фаоллиги Google Trends орқали — аҳоли қидирув сўровлари асосида 0-100 балл шкаласи', 'Жами: 55 балл (100 дан) — ўрта-юқори фаоллик | 2024 йил ўртача: 48 балл | 2025 йил ўртача: 55 балл (+14,5% ўсиш) | Энг фаол ой: Июнь 2025 — 72 балл | Энг суст ой: Январь 2025 — 30 балл | Интернет қоплами: 99%, тезлик 600 Гбит/с | Аҳоли кутишлари: Ижобий 59%, Нейтрал 15%, Салбий 26%', TRUE, 'Google', 'Интернет қамрови (99%) жуда юқори эканлигини ҳисобга олиб, рақамли иқтисодий фаолликни 55 баллдан 70 баллгача ошириш имконияти мавжуд. Аҳолининг салбий кутишларини (26%) камайтириш учун Сурхондарёнинг туризм ва агро-экспорт салоҳиятини рақамли платформалар (Google, ижтимоий тармоқлар) орқали манзилли тарғиб қилиш, шунингдек, онлайн банк хизматларидан фойдаланиш даражасини ошириш тавсия этилади.', NULL, NULL, 1, TRUE, '2026-04-28 12:00:00+05'::TIMESTAMPTZ);
INSERT INTO indicators (indicator_id, district_id, no, slide, slide_no, name, description, value, found, source_org, ai_insight, kpi_count, kpi_pct, load_no, final_flag, date_modify) VALUES (174, 5, 6, 2, '2', 'Ичимлик суви таъминоти динамикаси', 'Марказлаштирилган ичимлик суви таъминоти даражаси', 'Таъминланганлик (%): 2021: 42,7 | 2022: 60,8 | 2023: 62,9 | 2024: 64,7 | 2025: 67,5 (%) | Канализация тармоғи қамрови: 26,5% | Ташиш орқали сув истеъмол қилувчилар: 487 765 киши | Энг яхши: Термиз ш. (98,9%), Шўрчи (82,0%), Қумқўрғон (76,6%) | Энг заиф: Шеробод (45,3%), Ангор (47,1%), Бандихон (47,6%), Бойсун (51,8%)', TRUE, '«Сувоқа» ДУК / Коммунал хизмат бошқармаси', 'Ичимлик суви таъминоти паст Шеробод ва Бойсунга инвестициянинг 60 фоизини йўналтириш керак. Ташиб ичиладиган ҳудудларда қуёш насосли модулларни ўрнатиш тизимини жорий этиш лозим.', NULL, NULL, 1, TRUE, '2026-04-28 12:00:00+05'::TIMESTAMPTZ);
INSERT INTO indicators (indicator_id, district_id, no, slide, slide_no, name, description, value, found, source_org, ai_insight, kpi_count, kpi_pct, load_no, final_flag, date_modify) VALUES (175, 5, 7, 2, '2', 'Йўл инфратузилмаси ва таъмирланиш даражаси', 'Қопламасига кўра йўллар тузилиши ва таъмир талаби', 'Жами: 16 526 км йўллар тармоғи | Таъмир талаб: 5 572 км (33,7%) | Асфальтланганлик: 30,8% | Шағал қоплама: 8 030 км (58,9%) | Асфальт-бетон: 4 015,8 км (29,5%) | Тупроқ йўллар: 1 403,7 км (10,3%) | Цемент-бетон: 180,8 км (1,3%) | Энг оғир туманлар: Бандихон (89,5%), Қумқўрғон (81,3%), Қизириқ (74,3%), Олтинсой (62,1%)', TRUE, 'Йўл бошқармаси', 'Асфальтланмаган йўллар улуши (69,2%) юқорилиги сабабли Бандихон ва Қумқўрғонда йўлларни бетонлаштириш керак. Маҳаллий цемент хом ашёсидан фойдаланиб, йўл инфратузилмасини стратегик кенгайтириш лозим.', NULL, NULL, 1, TRUE, '2026-04-28 12:00:00+05'::TIMESTAMPTZ);
INSERT INTO indicators (indicator_id, district_id, no, slide, slide_no, name, description, value, found, source_org, ai_insight, kpi_count, kpi_pct, load_no, final_flag, date_modify) VALUES (176, 5, 8, 2, '2', 'Электр таъминоти сифати ва модернизация', 'Узилишлар, модернизация даражаси ва инфратузилма', 'Жами: Электр тизими таҳлили | Электр узилишлари: Ойига ўртача 3,2 марта | Истеъмолчилар: 613 421 (Аҳоли 94,2%, Юридик 5,8%) | Тармоқ узунлиги: 18 970,6 км | ТП: 6 705 тадан 2 030 таси (30,3%) таъмир талаб | Линиялар: 18 970,6 км дан 758,8 км (4,0%) эскирган | Энг оғир туманлар: Денов (305), Жарқўрғон (219), Қумқўрғон (202), Музработ (151)', TRUE, 'Ҳудудий электр тармоқлари корхонаси', 'Электр узилишларини (ойига 3,2 марта) камайтириш учун таъмирталаб 2030 та трансформаторни алмаштириш керак. Саноат зоналарида марказий тармоқ юкламасини пасайтириш учун қуёш панелларини ўрнатиш лозим.', NULL, NULL, 1, TRUE, '2026-04-28 12:00:00+05'::TIMESTAMPTZ);
INSERT INTO indicators (indicator_id, district_id, no, slide, slide_no, name, description, value, found, source_org, ai_insight, kpi_count, kpi_pct, load_no, final_flag, date_modify) VALUES (177, 5, 9, 2, '2', 'Ер ресурслари ва қазилма бойликлар таҳлили', 'Ер фонди тузилмаси ва ресурслар захиралари', 'Жами: Ер ресурслари таҳлили | Умумий майдон: 2 009 911 га | Суғориладиган ерлар: 326 000 га | Аҳоли зичлиги: 149,8 киши/км² | Яйловлар: 809 557 га (40,3%) | Экин ерлари: 260 056 га (12,9%) | Дон экинлари: 98,3 минг га | Узумзорлар: 17,7 минг га | Фойдали қазилмалар: 104 та кон (ғишт 43, қум-шағал 24, гипс 9, цемент 7, оҳактош 3)', TRUE, 'Қишлоқ хўжалиги бошқармаси / Геология қўмитаси', 'Яйловлар (40%) салоҳиятини ошириш учун чорвачиликни интенсив ривожлантириш керак. 50 минг гектар ғалла майдонини даромадли писта ва анор боғларига айлантириш лозим.', NULL, NULL, 1, TRUE, '2026-04-28 12:00:00+05'::TIMESTAMPTZ);
INSERT INTO indicators (indicator_id, district_id, no, slide, slide_no, name, description, value, found, source_org, ai_insight, kpi_count, kpi_pct, load_no, final_flag, date_modify) VALUES (178, 5, 10, 2, '2', 'Жамоат транспорти ва юк ташиш таҳлили', 'Автобус ва микроавтобус инфратузилмаси, йўловчи ва юк ташиш', 'Жами: 84 та йўналиш (66,7% ички) | Йиллик йўловчи ташиш: 318,9 млн киши | Юк айланмаси: 84,3 млн тонна | Дамас: 878 та (77,6%) | Автобуслар: 223 та (19,7%) | Такси ва бошқалар: 31 та (2,7%) | Юқори қамров: Термиз ш., Денов, Термиз тумани | Тизим йўқ: Бандихон, Қизириқ (0 та), Олтинсой (1 та)', TRUE, 'Транспорт бошқармаси / Статистика бошқармаси', 'Жамоат транспортида Дамаслар (77,6%) улушини камайтириб, автобуслар сонини 300 тага етказиш керак. Олтинсой ва Қизириқда ДҲШ асосида электрик микроавтобуслар хизматини ташкил этиш лозим.', NULL, NULL, 1, TRUE, '2026-04-28 12:00:00+05'::TIMESTAMPTZ);
INSERT INTO indicators (indicator_id, district_id, no, slide, slide_no, name, description, value, found, source_org, ai_insight, kpi_count, kpi_pct, load_no, final_flag, date_modify) VALUES (179, 5, 11, 2, '2', 'Мактабгача таълим қамрови ва тармоғи', 'МТТ шакллари, қамраб олинган болалар ва ёш гуруҳлари', 'Қамров (%): 2021: 55,2 | 2022: 60,6 | 2023: 62,7 | 2024: 67,8 | 2025: 68,4 (%) | Жами МТТлар: 3 367 та | Оилавий МТТ: 2 653 та (78,8%) | Давлат МТТ: 506 та (15,0%) | ДХШ асосидаги: 196 та (5,8%) | Хусусий МТТ: 12 та (0,4%) | Энг заиф ҳудудлар: Бандихон, Термиз тумани, Бойсун', TRUE, 'Мактабгача ва мактаб таълими бўлими', 'Мактабгача таълим қамровини (68,4%) ошириш учун Бандихон ва Бойсунда янги МТТлар қуриш керак. Оилавий боғчалар учун йиллик мажбурий сертификация тизимини жорий этиш лозим.', NULL, NULL, 1, TRUE, '2026-04-28 12:00:00+05'::TIMESTAMPTZ);
INSERT INTO indicators (indicator_id, district_id, no, slide, slide_no, name, description, value, found, source_org, ai_insight, kpi_count, kpi_pct, load_no, final_flag, date_modify) VALUES (180, 5, 12, 3, '3', 'Меҳнат ресурслари', 'Меҳнат ресурсларининг 5 йиллик динамикаси (минг киши)', 'Меҳнат ресурслари (минг киши): 2021: 1463,5 | 2022: 1468,9 | 2023: 1489,6 | 2024: 1509,6 | 2025: 1531,4', TRUE, 'Бандлик бошқармаси', 'Меҳнат ресурслари кўпайиши (1,4%) фонида саноат зоналарида иш ўринлари яратишни жадаллаштириш керак. Янги қишлоқ хўжалиги кластерлари орқали аҳоли бандлигини тизимли таъминлаш лозим.', NULL, NULL, 1, TRUE, '2026-04-28 12:00:00+05'::TIMESTAMPTZ);
INSERT INTO indicators (indicator_id, district_id, no, slide, slide_no, name, description, value, found, source_org, ai_insight, kpi_count, kpi_pct, load_no, final_flag, date_modify) VALUES (181, 5, 13, 3, '3', 'Ишсизлик кўрсаткичлари', 'Расмий ишсизлик даражаси: 4,9% (2025 йил)', 'Ишсизлар сони (минг киши): 2021: 113,9 | 2022: 102,7 | 2023: 80,6 | 2024: 64,3 | 2025: 54,6 | Ишсизлик даражаси (2025): 4,9% | Мақсад (2027): 4,0%', TRUE, 'Бандлик бошқармаси', 'Ишсизликни 4 фоизга тушириш учун ёшлар ва аёллар учун қисқа муддатли касбий курсларни кенгайтириш керак. Ҳар бир маҳаллада манзилли ишга жойлаштириш механизмини кучайтириш лозим.', 54641, 4.9, 1, TRUE, '2026-04-28 12:00:00+05'::TIMESTAMPTZ);
INSERT INTO indicators (indicator_id, district_id, no, slide, slide_no, name, description, value, found, source_org, ai_insight, kpi_count, kpi_pct, load_no, final_flag, date_modify) VALUES (182, 5, 14, 3, '3', 'Камбағаллик кўрсаткичлари', 'Камбағаллик даражаси: 6,1% (2025 йил)', 'Камбағал оилалар: 2021: 92214 | 2022: 82462 | 2023: 73612 | 2024: 61764 | 2025: 54142 (оила) | Ижтимоий ҳимояга муҳтож: 98 906 оила', TRUE, 'Бандлик бошқармаси / МФЙ / Ижтимоий ҳимоя', 'Камбағалликни қисқартириш (6,1%) учун ҳар бир оилага мақсадли микрокредит пакетини шакллантириш керак. Ижтимоий ёрдамни барқарор даромад манбаи яратиш лойиҳалари билан боғлаш лозим.', 54142, 6.1, 1, TRUE, '2026-04-28 12:00:00+05'::TIMESTAMPTZ);
INSERT INTO indicators (indicator_id, district_id, no, slide, slide_no, name, description, value, found, source_org, ai_insight, kpi_count, kpi_pct, load_no, final_flag, date_modify) VALUES (183, 5, 15, 3, '3', 'Ёшлар ва аёллар бандлиги', 'Ишсизликнинг ижтимоий таркиби ва манзилли чоралар', 'Жами: 54,6 минг ишсиз (100% ёшлар ва аёллар) | Ёшлар ишсизлиги (16–30 ёш): 28,4 минг киши (52%) | Аёллар ишсизлиги: 26,2 минг киши (48%)', TRUE, 'Бандлик бошқармаси', 'Ишсиз ёшлар ва аёлларни (54,6 минг) маҳаллабай тизим орқали банд қилиш керак. Уларга касаначилик ва микролойиҳалар учун имтиёзли кредитлар ажратишни кенгайтириш лозим.', NULL, NULL, 1, TRUE, '2026-04-28 12:00:00+05'::TIMESTAMPTZ);
INSERT INTO indicators (indicator_id, district_id, no, slide, slide_no, name, description, value, found, source_org, ai_insight, kpi_count, kpi_pct, load_no, final_flag, date_modify) VALUES (184, 5, 16, 3, '3', 'Миграция динамикаси', 'Хорижий меҳнат миграцияси ва қайтиш оқими таҳлили', 'Жами: Миграция таҳлили | Хорижга кетганлар (2025): 71,7 минг киши (−29,6%) | Қайтган мигрантлар: 42,8 минг киши | 2023 йилдаги оқим: 129,2 минг киши | Камайиш: 57,5 минг кишига (−44,5%)', TRUE, 'Бандлик бошқармаси / ИИВ миграция', 'Хориждан қайтган мигрантларнинг (42,8 минг) тажрибасидан маҳаллий тадбиркорликда фойдаланиш керак. Уларни касбий мослаштириш ва лойиҳаларини молиялаштириш дастурларини тақдим этиш лозим.', NULL, NULL, 1, TRUE, '2026-04-28 12:00:00+05'::TIMESTAMPTZ);
INSERT INTO indicators (indicator_id, district_id, no, slide, slide_no, name, description, value, found, source_org, ai_insight, kpi_count, kpi_pct, load_no, final_flag, date_modify) VALUES (185, 5, 17, 4, '4', 'Сунъий интеллект куни ва СИ ўқитиш дастури', 'Ҳафталик СИ куни ва 4 босқичли ўқитиш тизими', 'Жами: СИ малака ошириш дастури | «Сунъий интеллект куни» — ҳар ҳафтанинг жума куни СИ ўқитишга бағишланади | 1-босқич: Ҳар ҳафта жума куни СИ ўқитиш куни | 2-босқич: Туман ҳокимлари ва ҳоким ўринбосарлари — СИ ўқитиш ва СИ қўллашни жорий қилиш | 3-босқич: Банк филиал раҳбарлари ва маҳалла банкирлари — СИ скоринг, риск таҳлили ва мижоз хизмати | 4-босқич: Маҳалла раислари ва ҳоким ёрдамчилари — СИ маълумотлар таҳлили ва ҳисобот', TRUE, 'SQB', '4 босқичли СИ ўқитиш дастури: жума куни СИ куни, ҳокимлар стратегик СИ қўллаш, банк ходимлари скоринг ва мижоз хизмати, маҳалла раислари маълумотлар таҳлили. Ҳар бир босқичга аниқ КПИ жорий этиш ва натижаларни ҳар чоракда баҳолаш лозим.', NULL, NULL, 1, TRUE, '2026-04-28 12:00:00+05'::TIMESTAMPTZ);
INSERT INTO indicators (indicator_id, district_id, no, slide, slide_no, name, description, value, found, source_org, ai_insight, kpi_count, kpi_pct, load_no, final_flag, date_modify) VALUES (186, 5, 18, 4, '4', '«SQB AI Advisor» — ақлли ёрдамчи платформа', 'Банкнинг сунъий интеллект асосидаги маслаҳат платформаси', 'Жами: SQB AI Advisor функциялари | СИ маслаҳатчи чат-боти: тадбиркорлик, ҳуқуқий, молиявий саволларга жавоб | Бизнес-режа генератори: автоматик бизнес-режа тузиш | Кредит бўйича мос ечимлар: мижозга мос кредит маҳсулотини танлаш | Маҳалла агенти самарадорлиги: онлайн KPI мониторинг | Прогноз: даромадни ошириш тавсиялари, мавсумий хавфлар', TRUE, 'SQB', '«SQB AI Advisor» платформасини йил якунигача барча 723 маҳаллада тўлиқ ишга тушириш керак. Тадбиркорларга СИ орқали бизнес-режалар тузиш ва молиявай маслаҳат беришни кенгайтириш лозим.', NULL, NULL, 1, TRUE, '2026-04-28 12:00:00+05'::TIMESTAMPTZ);
INSERT INTO indicators (indicator_id, district_id, no, slide, slide_no, name, description, value, found, source_org, ai_insight, kpi_count, kpi_pct, load_no, final_flag, date_modify) VALUES (187, 5, 19, 4, '4', 'Маҳалла драйвер секторлари', '723 та маҳалланинг асосий иқтисодий йўналишлари', 'Жами: 723 та маҳалла, 4 та драйвер сектор | 1-сектор Деҳқончилик: асосий меҳнат ресурсларини қамраб олувчи тармоқ | 2-сектор Чорвачилик: озиқ-овқат хавфсизлиги ва аҳоли даромади | 3-сектор Қурилиш: инфратузилма ва янги иш ўринлари драйвери | 4-сектор Хизматлар: турмуш даражасини ошириш ва тадбиркорлик', TRUE, 'Бандлик бошқармаси / SQB', 'Драйвер секторларни (деҳқончилик, чорвачилик, қурилиш, хизматлар) кластер тизимида бирлаштириш керак. Мева-сабзавот ва тоғ-кон захираларини ўзлаштириш даражасини кескин ошириш лозим.', NULL, NULL, 1, TRUE, '2026-04-28 12:00:00+05'::TIMESTAMPTZ);
INSERT INTO indicators (indicator_id, district_id, no, slide, slide_no, name, description, value, found, source_org, ai_insight, kpi_count, kpi_pct, load_no, final_flag, date_modify) VALUES (188, 5, 20, 4, '4', 'Ишсизлик юқори маҳаллалар', '723 та маҳалланинг тоифалаштириши ва оғир ҳудудлар таҳлили', 'Жами: 723 та маҳалла | Қизил тоифа: 114 та маҳалла | Сариқ тоифа: 217 та маҳалла | Яшил тоифа: 393 та маҳалла | Манзилли режа: 114 та қизил тоифадаги маҳалла бўйича алоҳида бандлик дастури | Фокус: манзилли бандлик ва микролойиҳа дастурлари', TRUE, 'Бандлик бошқармаси / МФЙ агентлиги', 'Қизил тоифадаги 114 та маҳаллада «бир маҳалла — бир драйвер» тамойилини жорий этиш керак. Ишсиз аҳолини кўникма бўйича сегментация қилиб, 3 ойлик қисқа циклда микролойиҳаларга жалб қилиш ва бандликни таъминлаш лозим.', NULL, NULL, 1, TRUE, '2026-04-28 12:00:00+05'::TIMESTAMPTZ);
INSERT INTO indicators (indicator_id, district_id, no, slide, slide_no, name, description, value, found, source_org, ai_insight, kpi_count, kpi_pct, load_no, final_flag, date_modify) VALUES (189, 5, 21, 4, '4', 'Микролойиҳалар сони ва иш ўринлари', 'Лойиҳалар, иш ўринлари ва банк инфратузилмаси', 'Жами: 7 240 та лойиҳа | Иш ўринлари: 14 480 та | Жами маҳаллалар: 723 та | Банк филиаллари: 15 та', TRUE, 'Марказий банк', 'Микролойиҳалар орқали яратилган иш ўринлари барқарорлигини таъминлаш учун банкирлар мониторингини кучайтириш керак. Кредит скорингида рақамли платформалардан кенг фойдаланиш лозим.', NULL, NULL, 1, TRUE, '2026-04-28 12:00:00+05'::TIMESTAMPTZ);
INSERT INTO indicators (indicator_id, district_id, no, slide, slide_no, name, description, value, found, source_org, ai_insight, kpi_count, kpi_pct, load_no, final_flag, date_modify) VALUES (190, 5, 22, 4, '4', 'SQB рақамли хизматлари', 'Банкнинг рақамли платформалари ва хизматлари', 'Жами: 3 та рақамли платформа | SQB Mobile: жисмоний шахслар учун мобил банк — тўловлар, ўтказмалар, онлайн кредит | SQB Business: юридик шахслар учун онлайн бухгалтерия, тўлов, ҳисоб-китоб | SQB AI Advisor: сунъий интеллект асосидаги молиявий маслаҳатчи — кредит скоринг, инвестиция таҳлили | Банк инфратузилмаси: 15 филиал, 786 банкомат, маҳалла банкирлари 2 543 та (941 аёл, 1 602 эркак)', TRUE, 'SQB / Марказий банк', 'Мижозларни «Mobile» ва «Business» платформаларига фаол ўтказиш орқали рақамли хизматлар улушини ошириш керак. Банк ходимларининг масофавий хизмат кўрсатиш кўникмаларини такомиллаштириш лозим.', NULL, NULL, 1, TRUE, '2026-04-28 12:00:00+05'::TIMESTAMPTZ);
INSERT INTO indicators (indicator_id, district_id, no, slide, slide_no, name, description, value, found, source_org, ai_insight, kpi_count, kpi_pct, load_no, final_flag, date_modify) VALUES (191, 5, 23, 4, '4', '«Ҳар бир оила — тадбиркор» дастури', 'Оилавий тадбиркорлик учун имтиёзли кредит дастури', 'Жами: Оилавий тадбиркорлик дастури | Иштирокчи банклар: Халқ банки, Микрокредит банк | Фоиз ставкаси: 18% | Максимал сумма: 300 млн сўм | Муддат: 3 йилгача | Имтиёзли давр: 3–6 ой', TRUE, 'Марказий банк', 'Оилавий тадбиркорликни кенгайтириш учун AI Advisor платформасида кредит скоринг тизимини қўллаш керак. Имтиёзли кредитлардан самарали фойдаланиш бўйича маҳаллабай маслаҳатларни кучайтириш лозим.', NULL, NULL, 1, TRUE, '2026-04-28 12:00:00+05'::TIMESTAMPTZ);
INSERT INTO indicators (indicator_id, district_id, no, slide, slide_no, name, description, value, found, source_org, ai_insight, kpi_count, kpi_pct, load_no, final_flag, date_modify) VALUES (192, 5, 24, 4, '4', '«HAMROH» хотин-қизлар тадбиркорлиги', 'Хотин-қизлар учун махсус молиявий дастур', 'Жами: HAMROH дастури | Иштирокчи банклар: SQB, Халқ банки, Микрокредит банк, Агро банк | Гаровсиз кредит: 100 млн сўмгача | Компания кафиллиги: 70%', TRUE, 'Марказий банк', '«HAMROH» дастури доирасида хотин-қизларни тадбиркорликка жалб қилиш кўламини ошириш керак. Улар учун махсус бизнес тренинглар ва гаровсиз кредитлаш тизимини кенгайтириш лозим.', NULL, NULL, 1, TRUE, '2026-04-28 12:00:00+05'::TIMESTAMPTZ);
INSERT INTO indicators (indicator_id, district_id, no, slide, slide_no, name, description, value, found, source_org, ai_insight, kpi_count, kpi_pct, load_no, final_flag, date_modify) VALUES (193, 5, 25, 4, '4', 'Ишсизлик юқори маҳаллаларни ҳоли ҳудудга айлантириш режаси', 'Оғир тоифадаги маҳаллалар учун манзилли бандлик va кредит дастурлари', 'Жами: 114 та маҳалла, оғир тоифа | Ишсизлар (2025): 54 641 киши | Ёшлар (16–30): 28 413 киши | Аёллар: 26 228 киши | Кредит маҳсулотлари: 1) Микрокредит 2) Оилавий тадбиркорлик 3) Давлат субсидияси 4) Лизинг | Мақсад: 2027 йилгача 4% га тушириш', TRUE, 'SQB / Бандлик бошқармаси', 'Оғир маҳаллаларда ипакчилик ва мева қайта ишлаш бўйича кичик лойиҳаларни молиялаштириш керак. 2027 йилгача ишсизликни 4 фоизга тушириш учун манзилли кредитлар ажратиш лозим.', NULL, NULL, 1, TRUE, '2026-04-28 12:00:00+05'::TIMESTAMPTZ);
INSERT INTO indicators (indicator_id, district_id, no, slide, slide_no, name, description, value, found, source_org, ai_insight, kpi_count, kpi_pct, load_no, final_flag, date_modify) VALUES (194, 5, 26, 5, '5', 'Қуёш энергетикаси ва субтропик иқлим', 'Арзон электр манбаи ва қайта тикланувчи энергия салоҳияти', 'Жами: 300+ қуёшли кун/йил | Йўналиш: Қуёш электр станциялари (СЭС) ва гибрид панеллар | Имконият: 52 та саноат зонасини арзон энергия билан таъминлаш | Инвестиция: $10–40 млн/лойиҳа', TRUE, 'Энергетика вазирлиги', 'Сурхондарёнинг юқори қуёш радиациясидан фойдаланиб, нафақат йирик СЭСлар, балки тоғли ҳудудлардаги (Бойсун, Сариосиё) тадбиркорлар учун кичик мобил қуёш агрегатларини жорий этиш керак. Бу маҳсулот таннархини 15-20% га тушириш имконини беради.', NULL, NULL, 1, TRUE, '2026-04-28 12:00:00+05'::TIMESTAMPTZ);
INSERT INTO indicators (indicator_id, district_id, no, slide, slide_no, name, description, value, found, source_org, ai_insight, kpi_count, kpi_pct, load_no, final_flag, date_modify) VALUES (195, 5, 27, 5, '5', 'Жанубий «Қуруқ порт» ва логистика маркази', 'Афғонистон ва Тожикистон билан чегарадош стратегик нуқта', 'Жами: Жанубий логистика маркази | Темир йўл станциясигача: 1 км | Умумий йўллар тармоғи: 16 526 км | Реконструкция: М-41 (159 км) ва А-164 (4,5 км) халқаро йўллар', TRUE, 'Транспорт бошқармаси', 'Сурхондарёни Ўзбекистоннинг жанубий дарвозаси сифатида «Dry Port» (Қуруқ порт) концепцияси асосида ривожлантириш лозим. Термиз эркин иқтисодий зонасини Жанубий Осиё (Покистон, Ҳиндистон) бозорларига чиқувчи асосий дистрибьюторлик марказига айлантириш имконияти мавжуд.', NULL, NULL, 1, TRUE, '2026-04-28 12:00:00+05'::TIMESTAMPTZ);
INSERT INTO indicators (indicator_id, district_id, no, slide, slide_no, name, description, value, found, source_org, ai_insight, kpi_count, kpi_pct, load_no, final_flag, date_modify) VALUES (196, 5, 28, 5, '5', 'Тоғ-кон ва қурилиш материаллари кластери', 'Хомашё захираларининг атиги 34 фоизи ўзлаштирилган', 'Жами: 103 та фойдали қазилма кони (12 хил хомашё) | Оҳактош: 308 млн тонна | Гилла (Керамика хомашёси): 133 млн тонна | Гипс ва цемент конлари | Кластер: 31 та корхона, 1,5 трлн сўм/йил | Ўзлаштирилган: атиги 34%', TRUE, 'Геология қўмитаси', 'Захираларнинг 66% ҳали фойдаланилмасдан ётибди. Вилоятда қурилиш материаллари (айниқса пардозлаш тошлари ва тайёр гипс маҳсулотлари) бўйича экспорт хабини яратиш ва Термиз орқали Афғонистон қайта қурилиши бозорига кириш стратегик аҳамиятга эга.', NULL, NULL, 1, TRUE, '2026-04-28 12:00:00+05'::TIMESTAMPTZ);
INSERT INTO indicators (indicator_id, district_id, no, slide, slide_no, name, description, value, found, source_org, ai_insight, kpi_count, kpi_pct, load_no, final_flag, date_modify) VALUES (197, 5, 29, 5, '5', 'Туризм ва курорт шаҳар — Бойсун ҳамда Сангардак', 'UNESCO мероси «Boysun Bahori», Сангардак табиий зонаси — халқаро туризм салоҳияти', 'Жами: Туризм потенциали | 265 000 йиллик сайёҳлар (Сангардак, 2025) — режа x2 ошади | Бойсун курорт шаҳри: 172 млрд сўм инвестиция (2026–2028) | Туризм иш ўринлари: 2026: 750 → 2027: 835 | Йўналишлар: экотуризм, этнография (Бойсун), археологик мерос (Далварзинтепа, Фаёзтепа)', TRUE, 'Туризм бошқармаси / Инвестиция бошқармаси', 'Бойсун ва Сангардакнинг туризм салоҳиятини ошириш учун «Жанубий йўналиш» ягона брендини яратиш керак. Инфратузилмага киритиладиган инвестицияларни бутик меҳмонхоналар ва сервисга йўналтириш лозим.', NULL, NULL, 1, TRUE, '2026-04-28 12:00:00+05'::TIMESTAMPTZ);
INSERT INTO indicators (indicator_id, district_id, no, slide, slide_no, name, description, value, found, source_org, ai_insight, kpi_count, kpi_pct, load_no, final_flag, date_modify) VALUES (198, 5, 30, 5, '5', 'Писта, узум ва юқори маржали боғдорчилик', 'Интенсив боғлар ва субтропик мевалар — экспорт потенциали $500+ млн', 'Жами: Боғдорчилик потенциали | 8 000 гектар янги писта боғлари (2026–2028 режа) | Узум майдони: 17 700 га, ҳосил 94 400 т, қайта ишлаш 11% (GAP 89%) | Қ/х ҳажми: 42,2 млрд сўм (2025) — 2021 га нисбатан х1,8 | Ер фонди: 260 056 га экин ери, 326 000 га суғориладиган', TRUE, 'Қ/х бошқармаси / Инвестиция бошқармаси', 'Субтропик иқлимдан фойдаланиб, 8 минг гектарда янги писта боғларини ташкил этиш керак. Узумчиликда қайта ишлаш даражасини ошириш орқали экспорт тушумини кўпайтириш лозим.', NULL, NULL, 1, TRUE, '2026-04-28 12:00:00+05'::TIMESTAMPTZ);
INSERT INTO indicators (indicator_id, district_id, no, slide, slide_no, name, description, value, found, source_org, ai_insight, kpi_count, kpi_pct, load_no, final_flag, date_modify) VALUES (199, 5, 31, 5, '5', 'Қишлоқ хўжалик маҳсулотларини қайта ишлаш', 'Хомашёнинг 87% хом ҳолда сотилмоқда — қўшимча қиймат имконияти', 'Жами: 87% хомашё ҳолда сотилмоқда | Гўшт қайта ишлаш: атиги 1,1% (республикадан ~20× паст) | Сабзавот қайта ишлаш: 13,1% | Узум қайта ишлаш: 11%', TRUE, 'Қ/х бошқармаси / Статистика бошқармаси', 'Қишлоқ хўжалиги маҳсулотларининг 87% хом ҳолда сотилмоқда — бу катта йўқотиш. Янги консерва, гўшт ва сут заводларини қуриш орқали қайта ишлаш занжирини яратиб, қўшимча қийматни ошириш лозим.', NULL, NULL, 1, TRUE, '2026-04-28 12:00:00+05'::TIMESTAMPTZ);
INSERT INTO indicators (indicator_id, district_id, no, slide, slide_no, name, description, value, found, source_org, ai_insight, kpi_count, kpi_pct, load_no, final_flag, date_modify) VALUES (200, 5, 32, 5, '5', 'Демографик дивиденд ва меҳнат ресурслари', '3 млн аҳоли, ёш ва ўсаётган меҳнат бозори — Ўзбекистон ўртачасидан устун динамика', 'Жами: Демографик таҳлил | 3 011 минг киши (2025) — 2021 дан +268 минг ўсиш | Меҳнат ресурслари: 1 531 минг киши | Ишсизлик: 10,2% → 4,9% (2021→2025) | Камбағаллик: 13,3% → 6,1% — 4 йилда 2 баравар пасайди | Қайтган мигрантлар: 2025: 42 893 киши (ички меҳнат бозорига импулс)', TRUE, 'Статистика бошқармаси / Бандлик бошқармаси', 'Ёш меҳнат ресурсларини (1,5 млн) замонавий тармоқларга жалб қилиш учун IT-Park филиалларини кенгайтириш керак. Қайтган мигрантлар тажрибасидан маҳаллий лойиҳаларда фойдаланиш тизимини яратиш лозим.', NULL, NULL, 1, TRUE, '2026-04-28 12:00:00+05'::TIMESTAMPTZ);
INSERT INTO indicators (indicator_id, district_id, no, slide, slide_no, name, description, value, found, source_org, ai_insight, kpi_count, kpi_pct, load_no, final_flag, date_modify) VALUES (201, 5, 33, 5, '5', 'Бойсун ва Сангардак: Халқаро Эко-Этно туризм', 'UNESCO мероси ва табиий шаршаралар салоҳияти', 'Жами: 265 000 йиллик сайёҳ (Сангардак, 2025) | Бойсун курорт шаҳри инвестициялари: 172 млрд сўм | UNESCO мероси: «Бойсун баҳори» фестивали | Археологик обидалар: Далварзинтепа, Фаёзтепа | Зиёрат: Ал-Ҳаким ат-Термизий', TRUE, 'Туризм бошқармаси', 'Бойсун ва Сангардакни «Жанубий Швейцария» бренди остида дунёга танитиш керак. Фақат мавсумий фестиваллар билан чекланмай, йил бўйи ишловчи бутик-меҳмонхоналар ва Глампинг тизимини ривожлантириш орқали туристларнинг қолиш вақтини 3-4 кунгача узайтириш мумкин.', NULL, NULL, 1, TRUE, '2026-04-28 12:00:00+05'::TIMESTAMPTZ);
INSERT INTO indicators (indicator_id, district_id, no, slide, slide_no, name, description, value, found, source_org, ai_insight, kpi_count, kpi_pct, load_no, final_flag, date_modify) VALUES (202, 5, 34, 5, '5', 'Экспортбоп боғдорчилик ва пистачилик', 'Юқори маржали мевалар ва субтропик экинлар', 'Жами: $500 млн+ экспорт потенциали | Писта боғлари режаси (2026–2028): 8 000 га | Узумзорлар майдони: 17 700 га | Узум қайта ишлаш: атиги 11% | Субтропик мевалар: лимон, анор, хурмо', TRUE, 'Қишлоқ хўжалиги бошқармаси', 'Вилоятнинг иқлими Ўзбекистонда ягона бўлиб, лимон, анор ва хурмо етиштиришда рақобатсиз. Бироқ қайта ишлаш даражаси жуда паст (узумда атиги 11%). Тавсия: маҳсулотни хом ҳолда эмас, балки сублимация (музлатиб қуритиш) технологияси орқали экспорт қилиш занжирини яратиш.', NULL, NULL, 1, TRUE, '2026-04-28 12:00:00+05'::TIMESTAMPTZ);
INSERT INTO indicators (indicator_id, district_id, no, slide, slide_no, name, description, value, found, source_org, ai_insight, kpi_count, kpi_pct, load_no, final_flag, date_modify) VALUES (203, 5, 35, 5, '5', 'Аҳоли бандлигини таъминлаш ва даромадини ошириш', '2026 йил режаси: доимий иш ўрни яратиш ва аҳоли даромадини ошириш', 'Жами: 67 327 нафар (2026 йил режаси) | Инвестиция лойиҳалари: 7 832 нафар | Ёшлар ва битирувчилар: 8 705 нафар | Қишлоқ хўжалиги соҳаси: 5 192 нафар | Қайтган мигрантлар: 27 812 нафар | Хизмат кўрсатиш ва сервис лойиҳалари: 17 786 нафар', TRUE, 'Бандлик бошқармаси / Ҳокимият / SQB', '67 327 нафар ишсизларни банд қилиш учун асосий эътиборни хизмат кўрсатиш (17 786) ва инвестиция лойиҳалари (7 832) орқали тез ва барқарор иш ўринлари яратишга қаратиш, 27 812 нафар қайтган мигрантларни тадбиркорликка йўналтириш, 8 705 нафар ёшларни касбга ўқитиш ва 5 192 нафарни қишлоқ хўжалигида банд қилиш зарур. Бу ёндашув даромадларни барқарор оширишга хизмат қилади.', NULL, NULL, 1, TRUE, '2026-04-28 12:00:00+05'::TIMESTAMPTZ);
INSERT INTO indicators (indicator_id, district_id, no, slide, slide_no, name, description, value, found, source_org, ai_insight, kpi_count, kpi_pct, load_no, final_flag, date_modify) VALUES (204, 5, 36, 6, '6', 'Стратегик устунликлар — 4 та таянч нуқта', 'SWOT асосида шакллантирилган вилоятнинг ички потенциали', 'Жами: 4 та стратегик устунлик | 1-устунлик: Субтропик иқлим ва 300+ қуёшли кун/йил (қайта тикланувчи энергетика) | 2-устунлик: Табиий ресурсларга бойлик — 103 та кон, 12 хил хомашё | 3-устунлик: Жанубий транспорт дарвозаси — темир йўлга 1 км, Афғонистон чегараси | 4-устунлик: Демографик дивиденд — 3 011 минг аҳоли, 1 531 минг меҳнат ресурси', TRUE, 'Вилоят ҳокимияти', 'Вилоятнинг 4 та стратегик устунлигини бирлаштирган саноат хабларини ташкил этиш керак. Саноатда рақобатдош маҳсулотлар ишлаб чиқариш учун инвестицион ТТИ оқимини кўпайтириш лозим.', NULL, NULL, 1, TRUE, '2026-04-28 12:00:00+05'::TIMESTAMPTZ);
INSERT INTO indicators (indicator_id, district_id, no, slide, slide_no, name, description, value, found, source_org, ai_insight, kpi_count, kpi_pct, load_no, final_flag, date_modify) VALUES (205, 5, 37, 6, '6', 'Лойиҳа фабрикаси — 402 лойиҳалик портфель', 'Тармоқлар бўйича диверсификацияланган инвестицион қамров', 'Жами: 402 та лойиҳа — 131 млрд сўм — 15 163 иш ўрни | Хизмат кўрсатиш: 219 та лойиҳа, 2026: 3 703 млрд сўм | Саноат: 110 та лойиҳа, 2026: 5 000 млрд сўм, 93 та катта саноат лойиҳаси | Қишлоқ хўжалиги: 73 та лойиҳа, писта 8 000 га, узум қайта ишлаш', TRUE, 'Инвестиция бошқармаси / Вилоят ҳокимияти', 'Инвестиция портфелидаги саноат ва хизмат кўрсатиш лойиҳаларини ўз вақтида ишга тушириш керак. 15 минг янги иш ўрни яратиш учун молиялаштириш занжирини узлуксиз таъминлаш лозим.', NULL, NULL, 1, TRUE, '2026-04-28 12:00:00+05'::TIMESTAMPTZ);
INSERT INTO indicators (indicator_id, district_id, no, slide, slide_no, name, description, value, found, source_org, ai_insight, kpi_count, kpi_pct, load_no, final_flag, date_modify) VALUES (206, 5, 38, 6, '6', 'Молиялаштириш архитектураси (0–5 йил)', 'Қисқа, ўрта ва узоқ муддатли маблағ манбалари — мувозанатли капитал оқими', 'Жами: Молиялаштириш режаси | 7,2 трлн сўм — 2026 йил кредитлаш режаси | Қисқа (0–12 ой): Кредит 7,2 трлн + Оғир тоифа маҳаллалар 892 млрд | Ўрта (1–3 йил): Саноат кредитлари 2,2 млрд + ЭИЗ 328 млрд + КСЗ 70 млрд | Узоқ (3–5 йил): Кредит 14,2 трлн + ЭИЗ 716 млрд + КСЗ 150 млрд | Халқаро: ЕБРР 6 лойиҳа ($7,5 млн) + АБР 19 лойиҳа ($16,5 млн) + Жаҳон банки 23 лойиҳа ($14,5 млн)', TRUE, 'Марказий банк / SQB / Инвестиция бошқармаси', 'Банк тизимини соғломлаштириш учун саноат инфратузилмасини ривожлантириш ва янги молиявий инструментларни қўллаш лозим.', NULL, NULL, 1, TRUE, '2026-04-28 12:00:00+05'::TIMESTAMPTZ);
INSERT INTO indicators (indicator_id, district_id, no, slide, slide_no, name, description, value, found, source_org, ai_insight, kpi_count, kpi_pct, load_no, final_flag, date_modify) VALUES (207, 5, 39, 6, '6', 'Инвестиция жалб қилиш йўл харитаси 2026–2031', '6 йиллик ўсиш траекторияси — режа х1,5 бажарилиш тренди', 'Инвестиция режаси (млрд сўм): 2026: 640 | 2027: 705 | 2028: 780 | 2029: 830 | 2030: 890 | 2031: 950 | Бажарилиш тарихи: 2021: 103% → 2025: 114%', TRUE, 'Инвестиция бошқармаси', 'Инвестиция режасини бажариш учун юқори технологияли саноат улушини 15 фоизгача етказиш керак. Давлат-хусусий шериклик асосида йирик инфратузилма лойиҳаларини молиялаштиришни жадаллаштириш лозим.', NULL, NULL, 1, TRUE, '2026-04-28 12:00:00+05'::TIMESTAMPTZ);
INSERT INTO indicators (indicator_id, district_id, no, slide, slide_no, name, description, value, found, source_org, ai_insight, kpi_count, kpi_pct, load_no, final_flag, date_modify) VALUES (208, 5, 40, 6, '6', '2030 йил мақсадлари — 9 та стратегик КПИ', 'Сурхондарёни ТОП-5 вилоятга олиб чиқадиган маёқлар', 'Жами: 9 та стратегик КПИ (2030 мақсад) | Янги иш ўринлари: 67 327 та/йил | Янги тадбиркорлар: 5 250 та/йил | Аҳоли даромади ўсиши: +12%/йил | Импорт ўрнини босиш: 60% | Кредит қайтариш: 87,7% → 97%+ | Камбағаллик: 6,1% → 2% | Ишсизлик: 4,9% → 2,5% | Туризм экспорти: $20+ млн | Рейтинг: 10-ўрин → ТОП-5', TRUE, 'Вилоят ҳокимияти / Статистика бошқармаси', '2030 йил стратегик мақсадларига эришиш учун ҳар бир КПИ бўйича чораклик мониторинг тизимини жорий этиш керак. Сурхондарёни республика рейтингида ТОП-5 вилоят қаторига олиб чиқиш лозим.', NULL, NULL, 1, TRUE, '2026-04-28 12:00:00+05'::TIMESTAMPTZ);
INSERT INTO districts (district_id, region_id, slug, name_uz, name_ru, name_en, district_name, json_file, has_data, type, year, total_cards, load_no, final_flag, date_modify) VALUES (6, 3, 'boysun', 'Бойсун', 'Байсун', 'Boysun', '', 'boysun_tuman.json', TRUE, NULL, NULL, 40, 1, TRUE, '2026-04-28 12:00:00+05'::TIMESTAMPTZ);
INSERT INTO hero_kpis (hero_kpi_id, district_id, metric_name, metric_value, metric_unit, load_no, final_flag, date_modify) VALUES (13, 6, 'Аҳоли', 129.9, 'минг киши', 1, TRUE, '2026-04-28 12:00:00+05'::TIMESTAMPTZ);
INSERT INTO hero_kpis (hero_kpi_id, district_id, metric_name, metric_value, metric_unit, load_no, final_flag, date_modify) VALUES (14, 6, 'Маҳалла', 39, 'та', 1, TRUE, '2026-04-28 12:00:00+05'::TIMESTAMPTZ);
INSERT INTO hero_kpis (hero_kpi_id, district_id, metric_name, metric_value, metric_unit, load_no, final_flag, date_modify) VALUES (15, 6, 'Оила', 30776, 'та', 1, TRUE, '2026-04-28 12:00:00+05'::TIMESTAMPTZ);
INSERT INTO hero_kpis (hero_kpi_id, district_id, metric_name, metric_value, metric_unit, load_no, final_flag, date_modify) VALUES (16, 6, 'Хонадон', 23851, 'та', 1, TRUE, '2026-04-28 12:00:00+05'::TIMESTAMPTZ);
INSERT INTO indicators (indicator_id, district_id, no, slide, slide_no, name, description, value, found, source_org, ai_insight, kpi_count, kpi_pct, load_no, final_flag, date_modify) VALUES (209, 6, 1, 1, '1', 'Туманнинг макроиқтисодий кўрсаткичлари', 'Саноат, хизматлар ва экспортнинг ўсиш динамикаси', 'Саноат ҳажми (млрд сўм): 2021: 100,6 | 2022: 108,7 | 2023: 150,7 | 2024: 223,7 | 2025: 300,6 | Хизматлар ҳажми (млрд сўм): 2021: 330,0 | 2022: 403,4 | 2023: 483,2 | 2024: 580,8 | 2025: 761,5 | Экспорт ҳажми (минг $): 2021: 5 611 | 2022: 8 981 | 2023: 7 059 | 2024: 9 175 | 2025: 16 339 | Маҳаллий бюджет (млрд сўм): 2021: 58,1 | 2022: 76,0 | 2023: 52,8 | 2024: 60,7 | 2025: 86,8', TRUE, 'Статистика бўлими', 'Туман иқтисодиётида саноат ҳажми 5 йилда 3 баробар, хизматлар эса 2,3 баробар ўсган. Энг катта ютуқ экспортнинг 16 млн доллардан ошишидир. Стратегия: ЯҲМ республика ўртачасининг 23% ни ташкил этиши ҳудудда ҳали ишга солинмаган улкан имкониятлар борлигини англатади. Саноатда кичик бизнес улуши юқорилигини (92%) инобатга олиб, кластер тизимини ривожлантириш лозим.', NULL, NULL, 1, TRUE, '2026-04-28 12:00:00+05'::TIMESTAMPTZ);
INSERT INTO indicators (indicator_id, district_id, no, slide, slide_no, name, description, value, found, source_org, ai_insight, kpi_count, kpi_pct, load_no, final_flag, date_modify) VALUES (210, 6, 2, 1, '1', 'Туман иқтисодиётининг 4 та драйвери', 'Туман иқтисодиётининг асосий ҳаракатлантирувчи кучлари', 'Қишлоқ хўжалиги (64,9%): 2025 йилда 21,6 трлн сўм прогноз | Хизматлар ва савдо (25,1%): Юк айланмаси йилига 3,3 млн тоннадан ошган | Саноат ва қурилиш материаллари (10%): Кичик тадбиркорлик маҳсулоти 277,5 млрд сўм | Капитал қўйилмалар: 107 та янги корхона очилган', TRUE, 'Туман ҳокимияти / Статистика', 'Иқтисодиётнинг 65%и қишлоқ хўжалигига боғлиқлиги "моно-драйвер" хавфини туғдиради. Стратегия: Хизмат кўрсатиш ва саноат драйверларини СИ технологиялари (ақлли агро-сервис) ва қурилиш материаллари кластери орқали кучайтириш, драйверлар мувозанатини таъминлаш зарур.', NULL, NULL, 1, TRUE, '2026-04-28 12:00:00+05'::TIMESTAMPTZ);
INSERT INTO indicators (indicator_id, district_id, no, slide, slide_no, name, description, value, found, source_org, ai_insight, kpi_count, kpi_pct, load_no, final_flag, date_modify) VALUES (211, 6, 3, 1, '1', 'Саноат маҳсулотлари ишлаб чиқариш динамикаси', 'Саноат ишлаб чиқариш индекси ва ҳажми', '2021: 100,6 млрд сўм (109,6%) | 2022: 108,7 млрд сўм (103,3%) | 2023: 150,7 млрд сўм (110,3%) | 2024: 223,7 млрд сўм (108,3%) | 2025: 300,6 млрд сўм (110,2%)', TRUE, 'Статистика бўлими', 'Саноатда ўсиш суръати барқарор (ўртача 108-110%). Диққатга сазовор жиҳати — йирик корхоналар ишлаб чиқариши 2024 йилда 5,5 млрддан 20,1 млрдга (4 баробар) сакраган. Стратегия: Ушбу "йирик саноат драйвери"ни қўллаб-қувватлаш ва кичик корхоналарни (95 млрддан 277 млрдга ўсган) уларга кооперация асосида боғлаш керак.', NULL, NULL, 1, TRUE, '2026-04-28 12:00:00+05'::TIMESTAMPTZ);
INSERT INTO indicators (indicator_id, district_id, no, slide, slide_no, name, description, value, found, source_org, ai_insight, kpi_count, kpi_pct, load_no, final_flag, date_modify) VALUES (212, 6, 4, 1, '1', 'Маҳаллий бюджет', 'Маҳаллий бюджет даромадлари динамикаси', 'Даромадлар (млрд сўм): 2021: 58,1 | 2022: 76,0 | 2023: 72,4 | 2024: 60,7 | 2025: 86,8', TRUE, 'Туман молия бўлими', 'Маҳаллий бюджет даромадлари 2025 йилда 86,8 млрд сўмга етиб, 2023 йилга нисбатан 64% га ўсиши прогноз қилинмоқда. Контингент бюджет режасининг 30,3 млрдгача оширилиши туманда солиқ базаси кенгаётганини кўрсатади. Тавсия: бюджет тушумларининг ошишини ижтимоий инфратузилма ва бизнес учун "soft power" лойиҳаларига йўналтириш лозим.', NULL, NULL, 1, TRUE, '2026-04-28 12:00:00+05'::TIMESTAMPTZ);
INSERT INTO indicators (indicator_id, district_id, no, slide, slide_no, name, description, value, found, source_org, ai_insight, kpi_count, kpi_pct, load_no, final_flag, date_modify) VALUES (213, 6, 5, 1, '1', 'Ажратилган кредитлар', 'Кичик тадбиркорликка ажратилган кредитлар динамикаси (млрд сўм)', '2021: 67,4 | 2022: 92,6 | 2023: 117,9 | 2024: 135,3 | 2025: 163,7 (млрд сўм)', TRUE, 'Марказий банк', 'Кредитлаш ҳажмининг 67,4 млрддан 163,7 млрдгача ошиши ҳудудда тадбиркорлик субъектларининг молиявий ресурсларга бўлган талаби ортаётганини кўрсатади. Раҳбарият учун таклиф: кредитларнинг асосий қисмини тумандаги «драйвер» соҳалар — чорвачилик ва мева-сабзавотни қайта ишлаш лойиҳаларига йўналтириш орқали янги иш ўринлари сонини кўпайтириш ва бюджет тушумларини 2025 йилги прогноз (27,8 млрд сўм) даражасига чиқариш мумкин.', NULL, NULL, 1, TRUE, '2026-04-28 12:00:00+05'::TIMESTAMPTZ);
INSERT INTO indicators (indicator_id, district_id, no, slide, slide_no, name, description, value, found, source_org, ai_insight, kpi_count, kpi_pct, load_no, final_flag, date_modify) VALUES (214, 6, 6, 1, '1', 'Google Trends иқтисодий фаоллик', 'Аҳоли ва бизнеснинг рақамли қизиқиши (0-100 шкаласи)', 'Умумий балл: 48/100 (ўртача фаоллик) | 2024 йил ўртача: 42 балл | 2025 йил ўртача: 48 балл (+14% ўсиш) | Энг фаол ой: Май 2025 — 72 балл | Энг суст ой: Декабр 2024 — 28 балл | Мавсумийлик: Баҳор-Ёз юқори, Қиш суст', TRUE, 'Google Trends таҳлили', 'Google Trends 48/100 балл — Бойсун учун ўсиш салоҳияти мавжудлигини англатади. Туманнинг 42% аҳоли ва бизнесида ижобий кутишлар мавжудлиги рақамли фаолликни оширишга замин яратади. Тавсия: "Бойсун — экотуризм маркази" брендини рақамли маконда тарғиб қилиш ва инвестиция лойиҳалари ҳақида интернетда маълумотларни кўпайтириш орқали индексни 60+ баллга чиқариш мумкин.', NULL, NULL, 1, TRUE, '2026-04-28 12:00:00+05'::TIMESTAMPTZ);
INSERT INTO indicators (indicator_id, district_id, no, slide, slide_no, name, description, value, found, source_org, ai_insight, kpi_count, kpi_pct, load_no, final_flag, date_modify) VALUES (215, 6, 7, 2, '2', 'Ичимлик суви билан таъминланганлик (%)', 'Ичимлик суви таъминоти динамикаси (%)', '2021: 62.3 | 2022: 62.8 | 2023: 63.5 | 2024: 64.2 | 2025: 72.1 (%)', TRUE, 'Сув хўжалиги бўлими', 'Сув таъминотида барқарор ўсиш кузатилмоқда (5 йилда +4,8%). Бироқ, аҳолининг 32% дан ортиғи ҳали ҳам тоза ичимлик суви билан таъминланмаган. Стратегия: Қурилиш материаллари саноатидан тушадиган маҳаллий бюджет даромадларини сув қувурларини ётқизиш лойиҳаларига йўналтириш орқали қамровни тезлаштириш мумкин.', NULL, NULL, 1, TRUE, '2026-04-28 12:00:00+05'::TIMESTAMPTZ);
INSERT INTO indicators (indicator_id, district_id, no, slide, slide_no, name, description, value, found, source_org, ai_insight, kpi_count, kpi_pct, load_no, final_flag, date_modify) VALUES (216, 6, 8, 2, '2', 'Ички йўллар таъмирланиш даражаси (%)', 'Йўл инфратузилмаси ҳолати', 'Умумий йўллар узунлиги: 1 224 км | Асфальтланган йўллар улуши: 71,1% | Вилоят марказигача масофа: 145 км | Темир йўл станциясигача масофа: 12 км', TRUE, 'Йўл хўжалиги бўлими', 'Туман йўлларининг 71 фоизи асфальтлангани логистика учун ижобий кўрсаткич. Лекин Бойсуннинг тоғли ҳудуд эканини инобатга олсак, йўлларнинг сифати юк ташиш ҳажмига (йилига 3,3 млн тонна) тўғри келиши керак. Тавсия: "Мустақиллик" КСЗ атрофидаги йўлларни биринчи навбатда модернизация қилиш юк айланмаси ва инвестиция жозибадорлигини оширади.', NULL, NULL, 1, TRUE, '2026-04-28 12:00:00+05'::TIMESTAMPTZ);
INSERT INTO indicators (indicator_id, district_id, no, slide, slide_no, name, description, value, found, source_org, ai_insight, kpi_count, kpi_pct, load_no, final_flag, date_modify) VALUES (217, 6, 9, 2, '2', 'Электр таъминоти сифат даражаси (%)', 'Электр тармоқлари ҳолати ва муаммолар', 'Электр узилишлари: Ойига ўртача 4,2 марта | Трансформаторлар ҳолати: 38% модернизацияга муҳтож (эскирган) | Линиялар ҳолати: 35% қисмини алмаштириш зарур', TRUE, 'Электр тармоқлари корхонаси', 'Трансформаторларнинг деярли учдан бир қисми эскиргани саноат ўсиши (йиллик 110%) учун асосий тўсиқдир. Тавсия: Саноат зонасида ердан фойдаланиш 79% га етганини ҳисобга олиб, ушбу ҳудудда алоҳида "Ақлли тармоқ" (Smart Grid) тизимини жорий этиш ва трансформаторларни янгилаш бўйича мақсадли дастур ишлаб чиқиш зарур.', NULL, NULL, 1, TRUE, '2026-04-28 12:00:00+05'::TIMESTAMPTZ);
INSERT INTO indicators (indicator_id, district_id, no, slide, slide_no, name, description, value, found, source_org, ai_insight, kpi_count, kpi_pct, load_no, final_flag, date_modify) VALUES (218, 6, 10, 2, '2', 'Ер тоифалари бўйича рўйхат (га)', 'Ҳудудий тақсимот ва ер ресурслари', 'Туман умумий майдони: 320 577 гектар | Суғориладиган ер майдони: 4558 гектар (умумий майдоннинг 2%) | Каналларнинг бетонлашиш даражаси: 17% | Аҳоли зичлиги: 40,3 киши/км²', TRUE, 'Кадастр агентлиги', 'Суғориладиган ерлар ҳажми жуда камлиги Бойсун иқтисодиётида нега чорвачилик ва тоғ-кон саноати муҳимлигини тушунтиради. Тавсия: Каналларнинг бетонлашиш даражаси (17%) жуда паст. Сув исрофини камайтириш учун бетонлаштириш даражасини камида 40-50% га чиқариш лозим, бу мавжуд 6,5 минг гектар ернинг маҳсулдорлигини оширади.', NULL, NULL, 1, TRUE, '2026-04-28 12:00:00+05'::TIMESTAMPTZ);
INSERT INTO indicators (indicator_id, district_id, no, slide, slide_no, name, description, value, found, source_org, ai_insight, kpi_count, kpi_pct, load_no, final_flag, date_modify) VALUES (219, 6, 11, 2, '2', 'Жамоат транспортидан фойдаланиш (%)', 'Мобиллик кўрсаткичлари ва динамика', 'Йўловчи ташиш ҳажми (2025 прогноз): 5 782,4 минг киши/йил | Юк ташиш ҳажми: 3 357 минг тонна | Динамика: 2021 йилга (4,6 млн) нисбатан 25% га ошган', TRUE, 'Туман статистика бўлими', 'Йўловчи оқимининг йиллик 5,7 млн кишига етиши жамоат транспортига бўлган талаб юқорилигини кўрсатади. Тавсия: Вилоят марказигача бўлган 145 км масофани инобатга олиб, шаҳарлараро транспорт йўналишларини кўпайтириш ва рақамли йўналиш хариталарини (GPS мониторинг) жорий этиш лозим.', NULL, NULL, 1, TRUE, '2026-04-28 12:00:00+05'::TIMESTAMPTZ);
INSERT INTO indicators (indicator_id, district_id, no, slide, slide_no, name, description, value, found, source_org, ai_insight, kpi_count, kpi_pct, load_no, final_flag, date_modify) VALUES (220, 6, 12, 2, '2', 'Мактабгача таълим қамрови', 'Болаларни боғчаларга қамраб олиш ҳолати ва инфратузилма', 'Жами: МТТ таҳлили (2025) | 3–7 ёшли болалар: 12 050 нафар | Қамраб олинган: 8 375 нафар (69,5%) | Жами МТТ сони: 116 та | Давлат МТТ: 25 та | Давлат-хусусий шерикчилик: 12 та | Оилавий нодавлат МТТ: 79 та', TRUE, 'Мактабгача ва мактаб таълими бўлими', 'Бойсун туманида мактабгача таълим қамрови 69,5% ни ташкил этмоқда. Бу кўрсаткич шуни англатадики, тумандаги 3 675 нафар (30,5%) бола ҳали таълим билан қамраб олинмаган. Диққатга сазовор жиҳати — инфратузилманинг асосий қисми (68%) оилавий боғчалар ҳисобига тўғри келмоқда.', NULL, NULL, 1, TRUE, '2026-04-28 12:00:00+05'::TIMESTAMPTZ);
INSERT INTO indicators (indicator_id, district_id, no, slide, slide_no, name, description, value, found, source_org, ai_insight, kpi_count, kpi_pct, load_no, final_flag, date_modify) VALUES (221, 6, 13, 3, '3', 'Меҳнат ресурслари', 'Меҳнат ресурсларининг 5 йиллик динамикаси', '2021: 61432 | 2022: 62712 | 2023: 63645 | 2024: 64825 | 2025: 65596 (киши)', TRUE, 'Бандлик маркази', 'Меҳнат ресурслари барқарор ўсиб бормоқда. Аммо ўсиш суръати секин (йилига ~1,2%). Янги иш ўринлари яратишни, айниқса ёшлар ва аёлларни расмий бандликка жалб қилишни кучайтириш зарур.', NULL, NULL, 1, TRUE, '2026-04-28 12:00:00+05'::TIMESTAMPTZ);
INSERT INTO indicators (indicator_id, district_id, no, slide, slide_no, name, description, value, found, source_org, ai_insight, kpi_count, kpi_pct, load_no, final_flag, date_modify) VALUES (222, 6, 14, 3, '3', 'Бандликни ошириш имкониятлари', 'Меҳнат бозори резервлари ва миграция таҳлили', 'Жами: Меҳнат бозори резервлари | Банд аҳоли (2025): 44 365 киши (+1,9%) | Норасмий секторда банд: 19 241 киши | Хорижга кетганлар (2025): 2 618 киши | Қайтган мигрантлар (2025): 4 952 киши', TRUE, 'Бандлик маркази / ИИВ миграция', '2025 йилда 4 952 та мигрант қайтиши кескин ошган. Қайтган кадрларнинг кўникмаларини маҳаллий иқтисодиётга йўналтириш ва норасмий секторни (19 241 киши) расмийлаштириш орқали бандликни сезиларли ошириш мумкин.', NULL, NULL, 1, TRUE, '2026-04-28 12:00:00+05'::TIMESTAMPTZ);
INSERT INTO indicators (indicator_id, district_id, no, slide, slide_no, name, description, value, found, source_org, ai_insight, kpi_count, kpi_pct, load_no, final_flag, date_modify) VALUES (223, 6, 15, 3, '3', 'Ишсизлик кўрсаткичлари', '2 607 нафар ишсиз (2025 йил)', '2021: 6741 | 2022: 5923 | 2023: 4584 | 2024: 3892 | 2025: 2607 (киши)', TRUE, 'Бандлик маркази', 'Ишсизлик 9,7% дан 5,6% га тушган, ишсизлар сони 6 741 дан 2 607 га камайган — 5 йилда 2,6 баробар қисқарган. 2027 йилгача 3% мақсадига эришиш учун ёшлар ва аёлларга йўналтирилган касб-ҳунар курслари ва микролойиҳалар учун имтиёзли кредитларни кучайтириш зарур.', 2607, 5.6, 1, TRUE, '2026-04-28 12:00:00+05'::TIMESTAMPTZ);
INSERT INTO indicators (indicator_id, district_id, no, slide, slide_no, name, description, value, found, source_org, ai_insight, kpi_count, kpi_pct, load_no, final_flag, date_modify) VALUES (224, 6, 16, 3, '3', 'Камбағаллик кўрсаткичлари', '3 024 нафар камбағал оила (2025 йил)', '2021: 16,4 | 2022: 15,7 | 2023: 14,5 | 2024: 12,8 | 2025: 5,7 (%)', TRUE, 'Бандлик, МФЙ, Статистика бўлими', 'Камбағаллик 5 йилда 16,4% дан 5,7% га тушган — жуда кучли натижа. 2026 йил охиригача 3% гача тушириш учун 23 851 та хонадон кесимида ҳар бир камбағал оилага (жами 954 нафар) мақсадли микрокредит ва субсидия пакети шакллантирилиши лозим. Ижтимоий ёрдамни нафақа билан эмас, иш ўрни яратиш ва микрокредит пакетлари билан боғлаш орқали доимий даромад манбаи шакллантириш тавсия этилади.', 3024, 5.7, 1, TRUE, '2026-04-28 12:00:00+05'::TIMESTAMPTZ);
INSERT INTO indicators (indicator_id, district_id, no, slide, slide_no, name, description, value, found, source_org, ai_insight, kpi_count, kpi_pct, load_no, final_flag, date_modify) VALUES (225, 6, 17, 3, '3', '«Барқарор келажак» — ёшлар даромадини ошириш', 'Ёшлар ишсизлиги, маош динамикаси ва миграция', 'Жами: Ёшлар бандлиги | Ёшлар ишсизлиги (16-30): 437 киши | Ўртача маош (2025): 4 351 минг сўм (+29,2%) | Хорижга кетганлар (2025): 2 618 киши | Қайтган мигрантлар (2025): 4 952 киши', TRUE, 'Бандлик маркази / ИИВ миграция', '2025 йилда қайтган мигрантлар (4 952) кетганлардан (2 618) икки баробар кўп. Бу кадрларни ёшларга мўлжалланган дуал таълим ва касбий қайта тайёрлаш дастурлари орқали маҳаллий иқтисодиётга жалб қилиш зарур.', NULL, NULL, 1, TRUE, '2026-04-28 12:00:00+05'::TIMESTAMPTZ);
INSERT INTO indicators (indicator_id, district_id, no, slide, slide_no, name, description, value, found, source_org, ai_insight, kpi_count, kpi_pct, load_no, final_flag, date_modify) VALUES (226, 6, 18, 3, '3', 'Аёллар бандлиги ва даромадини ошириш', 'Аёллар ишсизлиги ва ижтимоий ҳимоя', 'Жами: Аёллар бандлиги | Аёллар ишсизлиги: 1 342 киши | Маҳалла банкирлари (аёл): 1 нафар | Ўртача маош (2025): 4 351 минг сўм (+29,2%)', TRUE, 'Бандлик маркази / Ижтимоий ҳимоя', '1 342 ишсиз аёлга қарши атиги 1 та аёл маҳалла банкири мавжуд. Аёл банкирлар сонини кўпайтириш, маҳалла кесимида касбга йўналтириш дастурлари ва имтиёзли молиялаштиришни кенгайтириш зарур.', NULL, NULL, 1, TRUE, '2026-04-28 12:00:00+05'::TIMESTAMPTZ);
INSERT INTO indicators (indicator_id, district_id, no, slide, slide_no, name, description, value, found, source_org, ai_insight, kpi_count, kpi_pct, load_no, final_flag, date_modify) VALUES (227, 6, 19, 3, '3', 'Бойсун туманидаги техникумлар', 'Профессионал таълим муассасалари ва қувватдан фойдаланиш', 'Жами: 3 та техникум, 1 338 нафар ўқувчи | Умумий қувват: 2 085 ўрин | Бўш ўринлар: 747 та | 1-сон: 488 ўқувчи (қувват 600, 81% банд) | 2-сон: 409 ўқувчи (қувват 900, 45% банд) | 3-сон: 441 ўқувчи (қувват 585, 75% банд)', TRUE, 'Олий таълим, фан ва инновациялар бўлими', 'Бойсун туманидаги техникумлар ҳозирда 64% қувват билан ишламоқда, бу эса мавжуд таълим инфратузилмасининг 36% (747 та ўрин) бекор турганини англатади. Айниқса, 2-сон техникумнинг потенциалидан фойдаланиш даражаси жуда паст (45%). Бу ҳолат туманнинг ишсизлик кўрсаткичлари ва миграция оқими билан мутаносиб эмас.', NULL, NULL, 1, TRUE, '2026-04-28 12:00:00+05'::TIMESTAMPTZ);
INSERT INTO indicators (indicator_id, district_id, no, slide, slide_no, name, description, value, found, source_org, ai_insight, kpi_count, kpi_pct, load_no, final_flag, date_modify) VALUES (228, 6, 20, 4, '4', 'Сунъий интеллект куни ва ходимлар малакасини ошириш', 'Банкда СИ кўникмаларини мунтазам ошириш дастури', 'Жами: СИ малака ошириш дастури | СҚБ Бойсун филиали ходимлари учун | «Сунъий интеллект куни»: Ҳар чоршанба — амалий кейслар таҳлили | Онлайн таълим: Ходимларнинг 90% дан ортиғи СИ модулларини якунлади | Маҳалла банкирлари: СИ асбобларидан (chatbot, data analysis) фойдаланиш кўникмаси шакллантирилди', TRUE, 'SQB', 'Бойсун каби тоғли ва чекка ҳудудларда банк хизматларини тезлаштиришда СИ муҳим рол ўйнайди. Ходимларнинг СИ саводхонлиги мижозларга хизмат кўрсатиш вақтини 30% га қисқартириш имконини беради. Тавсия: СҚБ мобил иловаси орқали масофавий хизматларни кенгайтиришда ходимларнинг СИ бўйича эгаллаган билимларини амалиётда қўллаш.', NULL, NULL, 1, TRUE, '2026-04-28 12:00:00+05'::TIMESTAMPTZ);
INSERT INTO indicators (indicator_id, district_id, no, slide, slide_no, name, description, value, found, source_org, ai_insight, kpi_count, kpi_pct, load_no, final_flag, date_modify) VALUES (229, 6, 21, 4, '4', 'Раҳбарлар, МФЙ раислари ва банкирларни СИ га ўқитиш', 'Ҳоким ёрдамчилари, МФЙ раислари ва банкирлар учун 4 босқичли СИ ўқитиш дастури', 'Жами: 4 босқичли СИ ўқитиш | 1-босқич: Туман ҳокими ва ёрдамчилари — Бойсунни ривожлантиришда СИ ва Big Data (туризм ва чорвачилик таҳлили) | 2-босқич: Банк филиал раҳбарлари — Кредит скоринги ва иқлим рискларини прогноз қилиш | 3-босқич: Маҳалла банкирлари — СИ платформаси орқали маҳаллабай хизмат кўрсатиш | 4-босқич: МФЙ раислари — Маҳалланинг «рақамли паспорти», аҳоли эҳтиёжлари таҳлили ва маҳалла ривожланиш режасини СИ ёрдамида тузиш', TRUE, 'SQB', 'Ҳоким ёрдамчилари туман стратегиясини СИ асосида шакллантиради, МФЙ раислари эса маҳалла даражасида амалий қарорлар қабул қилишда СИ дан фойдаланади. Тавсия: МФЙ раисларига «рақамли паспорт» тизимини ўргатиш — ҳар бир маҳалланинг кучли ва заиф томонларини аниқлаб, мақсадли лойиҳалар режалаштиришга имкон беради. Ҳоким ёрдамчилари эса ушбу маълумотларни туман миқёсида умумлаштириб, ресурсларни тўғри тақсимлайди.', NULL, NULL, 1, TRUE, '2026-04-28 12:00:00+05'::TIMESTAMPTZ);
INSERT INTO indicators (indicator_id, district_id, no, slide, slide_no, name, description, value, found, source_org, ai_insight, kpi_count, kpi_pct, load_no, final_flag, date_modify) VALUES (230, 6, 22, 4, '4', 'Аҳолини СИ орқали тадбиркорликка ўқитиш', 'Фуқароларни СИ платформаси орқали касб танлаш ва тадбиркорликка тайёрлаш', 'Жами: 2026 йил режаси | Қамров: 1 450 нафар Бойсунлик ёшлар ва аёллар СИ платформасида ўқитилади | СИ таҳлили: Аҳолининг ҳунармандчилик (каштачилик) ва тоғ туризми бўйича кўникмаларини баҳолаш | Индивидуал дастур: СИ-ментор ёрдамида шахсий бизнес-трек яратиш | Натижа: Тайёр бизнес-режа ва банкдан имтиёзли кредит таклифи', TRUE, 'SQB', 'Бойсуннинг «Бойсун баҳори» каби туризм салоҳиятидан фойдаланган ҳолда аҳолини хизмат кўрсатиш соҳасига СИ орқали ўқитиш самаралидир. Тавсия: Платформа иштирокчиларининг камида 75% ини туризм ва қўшимча қийматли қишлоқ хўжалиги маҳсулотлари етиштиришга йўналтириш.', NULL, NULL, 1, TRUE, '2026-04-28 12:00:00+05'::TIMESTAMPTZ);
INSERT INTO indicators (indicator_id, district_id, no, slide, slide_no, name, description, value, found, source_org, ai_insight, kpi_count, kpi_pct, load_no, final_flag, date_modify) VALUES (231, 6, 23, 4, '4', '«SQB AI Advisor» — ақлли ёрдамчи платформа', 'Маҳалла банкирлари ва Бойсун тадбиркорларига СИ ёрдами берувчи тизим', 'Жами: SQB AI Advisor функциялари | СИ Маслаҳатчи: Бойсунда туризм ва чорвачиликни ривожлантириш бўйича ҳуқуқий-молиявий маслаҳатлар | Бизнес-режа генератори: Меҳмон уйлари ва иссиқхоналар учун автоматик бизнес-лойиҳалар | KPI мониторинг: Бойсундаги 40 та маҳалла банкирларининг фаоллигини онлайн кузатиш | Прогноз: Мавсумий туризм оқими ва яйловлар ҳолати бўйича тавсиялар', TRUE, 'SQB', '«SQB AI Advisor» Бойсундаги тадбиркорлар учун 24/7 маслаҳатчи бўла олади. Тавсия: Платформани маҳаллий лаҳжа ва атамаларни тушунадиган даражада соддалаштириш ва 2026 йил якунига қадар барча маҳаллаларда тўлиқ жорий этиш.', NULL, NULL, 1, TRUE, '2026-04-28 12:00:00+05'::TIMESTAMPTZ);
INSERT INTO indicators (indicator_id, district_id, no, slide, slide_no, name, description, value, found, source_org, ai_insight, kpi_count, kpi_pct, load_no, final_flag, date_modify) VALUES (232, 6, 24, 4, '4', 'Маҳалла драйвер секторлари', 'Ўсиш нуқталари ва иқтисодий локомотивлар', 'Жами: 3 та асосий драйвер | Чорвачилик: яйлов ресурсларидан (18 300 га) фойдаланиш | Боғдорчилик: олма стратегияси (600 га янги боғлар) | Туризм: экотуризм, тоғ туризми ва маданий мерос йўналишлари', TRUE, 'SQB / МФЙ агентлиги', 'Драйвер секторларга «Тоғ туризми»ни тўртинчи элемент сифатида қўшиш керак. Йиллик сайёҳлар сонини 300 мингга етказиш режаси чорвачилик ва ҳунармандчилик маҳсулотларига ички талабни автоматик оширади.', NULL, NULL, 1, TRUE, '2026-04-28 12:00:00+05'::TIMESTAMPTZ);
INSERT INTO indicators (indicator_id, district_id, no, slide, slide_no, name, description, value, found, source_org, ai_insight, kpi_count, kpi_pct, load_no, final_flag, date_modify) VALUES (233, 6, 25, 4, '4', 'Маҳалла ихтисослашуви', 'Маҳаллалар тоифаси ва ихтисослашув йўналишлари', 'Жами: 39 та маҳалла | Ихтисослашув: Чорвачилик, Томорқа деҳқончилиги, Сабзавот ва боғдорчилик | Ипакчилик маҳаллалари: 6 та | Картошка/карам маҳаллалари: 4 та | Оғир тоифа: 19 та | Ўрта тоифа: 16 та | Енгил тоифа: 4 та', TRUE, 'МФЙ агентлиги / Бандлик маркази', '39 та МФЙдан 19 таси оғир тоифада — бу умумий МФЙларнинг 49%. Оғир маҳаллаларга манзилли бандлик дастурлари ва микролойиҳаларни йўналтириш устувор бўлиши лозим.', NULL, NULL, 1, TRUE, '2026-04-28 12:00:00+05'::TIMESTAMPTZ);
INSERT INTO indicators (indicator_id, district_id, no, slide, slide_no, name, description, value, found, source_org, ai_insight, kpi_count, kpi_pct, load_no, final_flag, date_modify) VALUES (234, 6, 26, 4, '4', 'Маҳалла драйвер секторлари', 'Маҳаллаларда ўсишни таъминлайдиган асосий тармоқлар', 'Жами: 3 та драйвер сектор | 1-сектор: Чорвачилик | 2-сектор: Боғдорчилик | 3-сектор: Туризм', TRUE, 'МФЙ агентлиги / SQB', 'Драйвер секторларни «чорвачилик + боғдорчилик + хизмат» занжирида боғлаш керак. Тайёр маҳсулотни бозорга чиқариш ва брендлаш орқали маҳалла даражасида қўшимча қиймат яратиш мумкин.', NULL, NULL, 1, TRUE, '2026-04-28 12:00:00+05'::TIMESTAMPTZ);
INSERT INTO indicators (indicator_id, district_id, no, slide, slide_no, name, description, value, found, source_org, ai_insight, kpi_count, kpi_pct, load_no, final_flag, date_modify) VALUES (235, 6, 27, 4, '4', 'Микролойиҳалар сони ва иш ўринлари', 'Лойиҳалар ҳажми ва яратилган иш ўринлари', 'Жами: Микролойиҳалар таҳлили | Лойиҳалар сони: 390 та | Иш ўринлари: 980 та | Лойиҳалар умумий қиймати: 13,6 млрд сўм', TRUE, 'Туман бандлик / Марказий банк', '390 та микролойиҳа орқали 780 та иш ўрни яратилган. Лойиҳалар сонини ошириш, айниқса 19 та оғир тоифали маҳаллага мақсадли молиялаштиришни йўналтириш тавсия этилади.', NULL, NULL, 1, TRUE, '2026-04-28 12:00:00+05'::TIMESTAMPTZ);
INSERT INTO indicators (indicator_id, district_id, no, slide, slide_no, name, description, value, found, source_org, ai_insight, kpi_count, kpi_pct, load_no, final_flag, date_modify) VALUES (236, 6, 28, 4, '4', 'Ишсизлик юқори маҳаллалар', 'Қизил тоифадаги маҳаллалар бўйича манзилли иш режаси', 'Жами: 39 та МФЙ | Қизил тоифа: 19 та МФЙ | Сариқ тоифа: 16 та МФЙ | Яшил тоифа: 4 та МФЙ', TRUE, 'МФЙ агентлиги / Бандлик маркази', 'Қизил тоифадаги 19 та маҳаллада «бир маҳалла — бир драйвер йўналиш» тамойили асосида тезкор бандлик режаси ишга туширилиши керак. 3 ойлик қисқа циклда ишга жойлаштириш ва микролойиҳаларга улаш механизмлари қўлланиши лозим.', NULL, NULL, 1, TRUE, '2026-04-28 12:00:00+05'::TIMESTAMPTZ);
INSERT INTO indicators (indicator_id, district_id, no, slide, slide_no, name, description, value, found, source_org, ai_insight, kpi_count, kpi_pct, load_no, final_flag, date_modify) VALUES (237, 6, 29, 4, '4', 'SQB рақамли хизматлари', 'SQB банкнинг рақамли ва мобил молиявий хизматлар экотизими', 'Жами: 3 та рақамли платформа | SQB Mobile: жисмоний шахслар учун мобил банк — тўловлар, ўтказмалар, онлайн кредит | SQB Business: юридик шахслар учун онлайн бухгалтерия, тўлов, ҳисоб-китоб | SQB AI Advisor: сунъий интеллект асосидаги молиявий маслаҳатчи — кредит скоринг, инвестиция таҳлили', TRUE, 'SQB', 'Сунъий интеллектга асосланган «AI Advisor» мавжудлиги сабабли, кредит скоринги ва инвестиция таҳлилини тўлиқ автоматлаштириш керак. Масофавий молиявий амалиётларни кенгайтириш учун мижозларни «Mobile» ва «Business» платформаларига фаол ўтказиш лозим.', NULL, NULL, 1, TRUE, '2026-04-28 12:00:00+05'::TIMESTAMPTZ);
INSERT INTO indicators (indicator_id, district_id, no, slide, slide_no, name, description, value, found, source_org, ai_insight, kpi_count, kpi_pct, load_no, final_flag, date_modify) VALUES (238, 6, 30, 4, '4', '«Ҳар бир оила — тадбиркор» дастури', 'Оилавий тадбиркорлик учун имтиёзли кредит', 'Жами: Оилавий тадбиркорлик дастури | Иштирокчи банклар: SQB ва бошқа тижорат банклари (Халқ банки, Микрокредит банк, Агро банк, Ҳамкор банк) | Фоиз ставкаси: 12% | Максимал сумма: 300 млн сўм | Муддат: 3 йилгача | Имтиёзли давр: 3–6 ой', TRUE, 'Марказий банк', 'Дастурда SQB етакчи банк сифатида кредит скоринги ва СИ платформасини таъминлайди. Халқ банки ва Микрокредит банк оилавий тадбиркорлик кредитларини ажратади, Агро банк қишлоқ хўжалиги йўналишидаги лойиҳаларни молиялаштиради, Ҳамкор банк эса кичик бизнес сегментида иштирок этади. Маҳалла банкирлари ҳар бир оилани мос банк ва кредит маҳсулотига йўналтириш вазифасини бажаради.', NULL, NULL, 1, TRUE, '2026-04-28 12:00:00+05'::TIMESTAMPTZ);
INSERT INTO indicators (indicator_id, district_id, no, slide, slide_no, name, description, value, found, source_org, ai_insight, kpi_count, kpi_pct, load_no, final_flag, date_modify) VALUES (239, 6, 31, 4, '4', '«HAMROH» хотин-қизлар тадбиркорлиги', 'Хотин-қизлар учун махсус молиявий дастур', 'Жами: Хотин-қизлар учун махсус молиявий дастур | Иштирокчи банклар: SQB, Халқ банки, Микрокредит банк, Агро банк | Гаровсиз кредит: 100 млн сўмгача | Компания кафиллиги: 70%', TRUE, 'Марказий банк', 'HAMROH — хотин-қизлар тадбиркорлигини қўллаб-қувватлашнинг энг катта давлат дастури. Бойсунда аёллар тадбиркорлиги потенциали юқори (каштачилик, зардўзлик, меҳмон уйлари, боғдорчилик). Тавсия: маҳалла банкирлари орқали аёлларни актив жалб қилиш, бизнес тренинглар ташкил этиш ва муваффақиятли намуналарни кенг оммавий таништириш.', NULL, NULL, 1, TRUE, '2026-04-28 12:00:00+05'::TIMESTAMPTZ);
INSERT INTO indicators (indicator_id, district_id, no, slide, slide_no, name, description, value, found, source_org, ai_insight, kpi_count, kpi_pct, load_no, final_flag, date_modify) VALUES (240, 6, 32, 4, '4', 'Ишсизлик юқори маҳаллаларни ҳоли ҳудудга айлантириш режаси', 'Оғир тоифадаги маҳаллалар учун манзилли бандлик ва кредит дастурлари', 'Жами: 19 та маҳалла, оғир тоифа | Ишсизлар (2025): 2 607 киши | Ёшлар (16-30): 437 киши | Аёллар: 1 342 киши | Кредит маҳсулотлари: Ёшлар бизнесда, Ҳамроҳ (аёллар), Маҳалла лойиҳаси | Мақсад: 2027 йилгача 3% га тушириш', TRUE, 'SQB / МФЙ агентлиги / Бандлик маркази', '19 та оғир маҳаллада «бир маҳалла — бир драйвер йўналиш» модели жорий қилиниши мақсадга мувофиқ. Ишсиз аҳолини сегментация қилиб, 2-3 ойлик тезкор цикл орқали микролойиҳаларга жалб қилиш ва 2027 йилгача ишсизликни 3% га тушириш мумкин.', NULL, NULL, 1, TRUE, '2026-04-28 12:00:00+05'::TIMESTAMPTZ);
INSERT INTO indicators (indicator_id, district_id, no, slide, slide_no, name, description, value, found, source_org, ai_insight, kpi_count, kpi_pct, load_no, final_flag, date_modify) VALUES (241, 6, 33, 5, '5', 'Тоғ-кон ва қурилиш материаллари кластери', 'Гипс, цемент ва шиша хомашёсининг улкан захиралари', 'Жами: Тоғ-кон захиралари | Цемент хомашёси: 158 973 минг тонна | Гипс ва ангидрит: 22 912 минг тонна | Шиша хомашёси: 109 162 минг тонна | Инвестиция салоҳияти: $50–100 млн', TRUE, 'Геология қўмитаси', 'Бойсунда хомашёни шунчаки қазиб олиш эмас, балки тайёр қурилиш материаллари (қуруқ қоришмалар, гипсокартон, шиша буюмлар) ишлаб чиқаришни йўлга қўйиш керак. Тумандаги дефицит товарлар рўйхатида қурилиш материаллари борлигини ҳисобга олсак, бу лойиҳалар ҳам ички, ҳам ташқи бозор (Афғонистон) учун истиқболлидир.', NULL, NULL, 1, TRUE, '2026-04-28 12:00:00+05'::TIMESTAMPTZ);
INSERT INTO indicators (indicator_id, district_id, no, slide, slide_no, name, description, value, found, source_org, ai_insight, kpi_count, kpi_pct, load_no, final_flag, date_modify) VALUES (242, 6, 34, 5, '5', 'Этно-туризм ва «Бойсун курорт шаҳри»', 'ЮНЕСКО маданий мероси ва тоғли ҳудуднинг туристик жозибадорлиги', 'Жами: Туризм таҳлили | Сайёҳлар оқими: 180 минг (жорий) → 300 минг (режа) | Инвестиция (2026-2028): 350 млрд сўм | Машҳур масканлар: Омонхона, Хўжамайхона, Завбоши | Йўналиш: эко-туризм ва соғломлаштириш', TRUE, 'Ҳокимият / UNESCO', '«Омонхона» шифобахш суви ва «Бойсун баҳори» брендидан фойдаланиб, туманни йил давомида ишлайдиган туристик марказга айлантириш лозим. Оилавий меҳмон уйларини рақамлаштириш ва хорижий сайёҳлар учун махсус «Ethno-Village» тур-пакетларини яратиш орқали сайёҳларнинг қолиш вақтини 3 кунгача узайтириш мумкин.', NULL, NULL, 1, TRUE, '2026-04-28 12:00:00+05'::TIMESTAMPTZ);
INSERT INTO indicators (indicator_id, district_id, no, slide, slide_no, name, description, value, found, source_org, ai_insight, kpi_count, kpi_pct, load_no, final_flag, date_modify) VALUES (243, 6, 35, 5, '5', 'Транзит ва логистика устунлиги', 'М-39 халқаро йўли ва темир йўл тизимининг мавжудлиги', 'Жами: Логистика қуввати | М-39 ва 4Р-105 йўллари: туман ҳудудидан ўтган | Темир йўл станциясигача: 12 км | Юк айланмаси (2024): 3 109,7 минг тонна', TRUE, 'Транспорт вазирлиги', 'Бойсунни Сурхондарёнинг шимолий «логистика дарвозаси» сифатида ривожлантириш лозим. М-39 йўли бўйида замонавий сервис марказлари (кемпинг, хизмат кўрсатиш) ташкил этиш ва темир йўл яқинлигидан фойдаланиб, тоғ-кон маҳсулотларини экспорт қилиш учун йирик юк терминалини қуриш тавсия этилади.', NULL, NULL, 1, TRUE, '2026-04-28 12:00:00+05'::TIMESTAMPTZ);
INSERT INTO indicators (indicator_id, district_id, no, slide, slide_no, name, description, value, found, source_org, ai_insight, kpi_count, kpi_pct, load_no, final_flag, date_modify) VALUES (244, 6, 36, 5, '5', 'Чорвачилик ва гўштни қайта ишлаш', 'Тоғли яйловлар ва аҳоли ихтисослашуви', 'Жами: Чорвачилик салоҳияти | Ихтисослашув: қорамолчилик ва қоракўлчилик | Дефицит товар №1: гўшт маҳсулотлари | Имконият: табиий тоғ гўшти бренди', TRUE, 'Қишлоқ хўжалиги бўлими', 'Туманда гўшт маҳсулотлари дефицит эканлиги аниқланган. Бу имкониятдан фойдаланиб, «Бойсун тоғ гўшти» бренди остида ярим тайёр маҳсулотлар ва консерва ишлаб чиқаришни ташкил этиш керак. Бу нафақат туман эҳтиёжини қоплайди, балки Термиз ва Тошкент бозорларига юқори қийматли маҳсулот чиқариш имконини беради.', NULL, NULL, 1, TRUE, '2026-04-28 12:00:00+05'::TIMESTAMPTZ);
INSERT INTO indicators (indicator_id, district_id, no, slide, slide_no, name, description, value, found, source_org, ai_insight, kpi_count, kpi_pct, load_no, final_flag, date_modify) VALUES (245, 6, 37, 5, '5', 'Муқобил энергия ва саноат харажатлари', 'Тоғли ҳудудларда қуёш ва шамол энергиясидан фойдаланиш', 'Жами: Энергия салоҳияти | Қуёшли кунлар: 280–300 кун | Талаб: саноат ҳажми 223 млрд (2024) → 300 млрд (2025) | Тўсиқ: электр таннархининг юқорилиги', TRUE, 'Минерал ресурслар / Энергетика', 'Янги ташкил этилаётган қурилиш материаллари корхоналарига қуёш панеллари ўрнатиш мажбуриятини юклаш ва давлат субсидияларини шу йўналишга қаратиш керак. Бу саноат маҳсулотлари таннархини 15-20% гача камайтиришга ёрдам беради.', NULL, NULL, 1, TRUE, '2026-04-28 12:00:00+05'::TIMESTAMPTZ);
INSERT INTO indicators (indicator_id, district_id, no, slide, slide_no, name, description, value, found, source_org, ai_insight, kpi_count, kpi_pct, load_no, final_flag, date_modify) VALUES (246, 6, 38, 6, '6', 'Стратегик мақсад — 2027', 'Саноат ва туризм драйверига айланиш', 'Жами: 2027 йил мақсадлари | Саноат ҳажми: 400+ млрд сўм | Янги иш ўринлари: 5 000+ (лойиҳалар ҳисобига) | Камбағалликни қисқартириш: оилалар сонини 1 950 тадан (2025) 1 000 тагача камайтириш', TRUE, 'Туман ҳокимияти', 'Бойсун иқтисодиётини «Тоғ-кон + Туризм + Чорвачилик» триадаси асосида ривожлантириш лозим. 2025 йилда асосий эътиборни инфратузилмани (сув ва йўл) яхшилашга қаратиш, бу эса йирик инвесторларнинг туманга келиши учун кафолат бўлади.', NULL, NULL, 1, TRUE, '2026-04-28 12:00:00+05'::TIMESTAMPTZ);
INSERT INTO indicators (indicator_id, district_id, no, slide, slide_no, name, description, value, found, source_org, ai_insight, kpi_count, kpi_pct, load_no, final_flag, date_modify) VALUES (247, 6, 39, 6, '6', 'Инвестиция портфели ва «Лойиҳа фабрикаси»', 'Устувор йўналишлар ва молиявий воситалар', 'Жами: Инвестиция режаси | Микролойиҳалар: 390 та (780 иш ўрни) | Банк кредитлари: 219,5 млрд сўм (умумий портфел 2025) | Фокус: экспорт (30%) ва импорт ўрнини босиш (50%)', TRUE, 'SQB / Туман ҳокимияти', '«Лойиҳа фабрикаси» механизми орқали тумандаги дефицит 5 та товар (гўшт, қурилиш моллари, мебел, пластик, сут) бўйича тайёр бизнес-пакетларни тадбиркорларга таклиф қилиш лозим. Айниқса, хотин-қизлар ва ёшлар бандлиги учун кичик тикувчилик ва ҳунармандчилик цехларига имтиёзли лизинг бериш тизимини кучайтириш керак.', NULL, NULL, 1, TRUE, '2026-04-28 12:00:00+05'::TIMESTAMPTZ);
INSERT INTO indicators (indicator_id, district_id, no, slide, slide_no, name, description, value, found, source_org, ai_insight, kpi_count, kpi_pct, load_no, final_flag, date_modify) VALUES (248, 6, 40, 6, '6', 'Инфратузилма ва ижтимоий ривожланиш', 'Яшаш шароитини яхшилаш — иқтисодий фаоллик гарови', 'Жами: Инфратузилма чора-тадбирлари | Сув ва электр: тоғли қишлоқларни барқарор энергия билан таъминлаш | Йўллар: М-39 дан туристик зоналаргача 1 224 км йўлни босқичма-босқич таъмирлаш | Таълим: чорвачилик ва туризм хизматлари бўйича касб-ҳунарга ўқитиш марказларини кўпайтириш', TRUE, 'Туман ҳокимияти', 'Аҳоли зичлиги паст (40 киши/км²) бўлган тоғли ҳудудларда «ихчам сервис марказлари»ни ташкил этиш лозим. Бунда маҳаллабай ишлаш тизими орқали ҳар бир оиланинг томорқасидан самарали фойдаланиш (ёнғоқ, доривор ўсимликлар етиштириш) бўйича консультациялар бериш керак.', NULL, NULL, 1, TRUE, '2026-04-28 12:00:00+05'::TIMESTAMPTZ);
INSERT INTO districts (district_id, region_id, slug, name_uz, name_ru, name_en, district_name, json_file, has_data, type, year, total_cards, load_no, final_flag, date_modify) VALUES (7, 3, 'sariosiyo', 'Сариосиё', 'Сариасия', 'Sariosiyo', 'Сариосиё тумани', 'sariosiyo.json', TRUE, NULL, 2026, 45, 1, TRUE, '2026-04-28 12:00:00+05'::TIMESTAMPTZ);
INSERT INTO hero_kpis (hero_kpi_id, district_id, metric_name, metric_value, metric_unit, load_no, final_flag, date_modify) VALUES (17, 7, 'Аҳоли', 239.1, 'минг киши', 1, TRUE, '2026-04-28 12:00:00+05'::TIMESTAMPTZ);
INSERT INTO hero_kpis (hero_kpi_id, district_id, metric_name, metric_value, metric_unit, load_no, final_flag, date_modify) VALUES (18, 7, 'Маҳалла', 61, 'та', 1, TRUE, '2026-04-28 12:00:00+05'::TIMESTAMPTZ);
INSERT INTO hero_kpis (hero_kpi_id, district_id, metric_name, metric_value, metric_unit, load_no, final_flag, date_modify) VALUES (19, 7, 'Оила', 56635, 'та', 1, TRUE, '2026-04-28 12:00:00+05'::TIMESTAMPTZ);
INSERT INTO hero_kpis (hero_kpi_id, district_id, metric_name, metric_value, metric_unit, load_no, final_flag, date_modify) VALUES (20, 7, 'Хонадон', 43872, 'та', 1, TRUE, '2026-04-28 12:00:00+05'::TIMESTAMPTZ);
INSERT INTO indicators (indicator_id, district_id, no, slide, slide_no, name, description, value, found, source_org, ai_insight, kpi_count, kpi_pct, load_no, final_flag, date_modify) VALUES (249, 7, 1, 1, '1', 'Туманнинг макроиқтисодий кўрсаткичлари', 'Саноат, хизматлар ва экспорт ҳажми динамикаси', 'Саноат ҳажми (млрд сўм): 2021: 266,2 | 2022: 783,2 | 2023: 460,1 | 2024: 953,9 | 2025: 1208,2 (%) | Хизматлар ҳажми (млрд сўм): 2021: 554,4 | 2022: 771,7 | 2023: 930,6 | 2024: 1104,3 | 2025: 1441,4 (%) | Экспорт ҳажми (минг $): 2021: 18,2 | 2022: 17278,9 | 2023: 11959,1 | 2024: 10262,0 | 2025: 13826,5 (%)', TRUE, 'Туман статистика бўлими', 'Саноат ҳажми 5 йил ичида 4,5 баробарга ўсиши прогноз қилинмоқда. Бироқ, 2023 йилда пасайиш кузатилган. Барқарор ўсишни таъминлаш учун экспорт таркибини фақат хомашё эмас, балки тайёр маҳсулотлар ҳисобига диверсификация қилиш лозим.', NULL, NULL, 1, TRUE, '2026-04-28 12:00:00+05'::TIMESTAMPTZ);
INSERT INTO indicators (indicator_id, district_id, no, slide, slide_no, name, description, value, found, source_org, ai_insight, kpi_count, kpi_pct, load_no, final_flag, date_modify) VALUES (250, 7, 2, 1, '1', 'Туман иқтисодиётининг 4 та драйвери', 'Иқтисодиёт таркиби ва йўналишлари', 'Жами: Тармоқлар улуши | Қишлоқ хўжалиги: 43,6% | Хизматлар: 22,5% | Саноат: 18,6% | Пудрат ишлари: 15,4%', TRUE, 'Туман статистика бўлими / Ҳокимият', 'Қишлоқ хўжалиги асосий драйвер бўлиб қолмоқда (43,6%). Иқтисодий самарадорликни ошириш учун қишлоқ хўжалиги маҳсулотларини қайта ишлайдиган кичик саноат зоналарини ёқилғи-энергетика имкониятлари билан интеграция қилиш зарур. Юк айланмасининг юқорилигидан (14,9 млн тонна) фойдаланиб, туманни «Агро-логистика маркази»га айлантириш қўшимча қиймат яратади.', NULL, NULL, 1, TRUE, '2026-04-28 12:00:00+05'::TIMESTAMPTZ);
INSERT INTO indicators (indicator_id, district_id, no, slide, slide_no, name, description, value, found, source_org, ai_insight, kpi_count, kpi_pct, load_no, final_flag, date_modify) VALUES (251, 7, 3, 1, '1', 'Саноат маҳсулотлари ишлаб чиқариш динамикаси', 'Ўсиш суръатлари ва ишлаб чиқариш таркиби', '2021: 117.8 | 2022: 98.5 | 2023: 106.6 | 2024: 112.1 | 2025: 109.3 (%)', TRUE, 'Туман статистика бўлими', 'Йирик корхоналар улуши юқори, лекин кичик бизнеснинг ўсиш динамикаси барқарор. Корхоналарнинг ёпилиш кўрсаткичи (356 та) хавотирли. Сабабларни таҳлил қилиб, янги очилган корхоналарга «инкубация» даврида солиқ ва ресурс имтиёзлари бериш тавсия этилади.', NULL, NULL, 1, TRUE, '2026-04-28 12:00:00+05'::TIMESTAMPTZ);
INSERT INTO indicators (indicator_id, district_id, no, slide, slide_no, name, description, value, found, source_org, ai_insight, kpi_count, kpi_pct, load_no, final_flag, date_modify) VALUES (252, 7, 4, 1, '1', 'Маҳаллий бюджет ва молия', 'Бюджет даромадлари динамикаси', 'Маҳаллий бюджет даромади (млрд сўм): 2021: 92,0 | 2022: 107,7 | 2023: 109,5 | 2024: 103,3 | 2025: 137,0 (%) | Контингент бюджет (млрд сўм): 2024: 48,4 | 2025: 59,2 | ЯҲМдаги улуши: Вилоят ўртача кўрсаткичига нисбатан 8%', TRUE, 'Туман молия бўлими', '2025 йилда бюджет даромадларининг 137 млрд сўм булган. Бюджет барқарорлигини ошириш учун хизматлар соҳасини (2025 йил прогнози 1441,4 млрд) рақамлаштириш орқали солиқ базасини кенгайтириш лозим.', NULL, NULL, 1, TRUE, '2026-04-28 12:00:00+05'::TIMESTAMPTZ);
INSERT INTO indicators (indicator_id, district_id, no, slide, slide_no, name, description, value, found, source_org, ai_insight, kpi_count, kpi_pct, load_no, final_flag, date_modify) VALUES (253, 7, 5, 1, '1', 'Ажратилган кредитлар', 'Кичик бизнесни молиявий қўллаб-қувватлаш динамикаси', 'Кредитлаш ҳажми (млрд сўм): 2021: 102,4 | 2022: 125,6 | 2023: 147,9 | 2024: 175,3 | 2025: 250,7 (%) | Ўсиш: 5 йилда 2,4 баробар | NPL: 2025 йилга 4,2% (2022 йилдаги 6,2% дан)', TRUE, 'Марказий банк', 'Кредитлаш ҳажмининг кескин ўсиши туманда тадбиркорлик фаоллиги ошаётганидан далолат беради. Молиявий ресурсларнинг самарадорлигини ошириш учун кредитларни асосан туманнинг драйвер соҳалари бўлган қурилиш материаллари ишлаб чиқариш ва қишлоқ хўжалиги маҳсулотларини қайта ишлаш лойиҳаларига йўналтириш лозим.', NULL, NULL, 1, TRUE, '2026-04-28 12:00:00+05'::TIMESTAMPTZ);
INSERT INTO indicators (indicator_id, district_id, no, slide, slide_no, name, description, value, found, source_org, ai_insight, kpi_count, kpi_pct, load_no, final_flag, date_modify) VALUES (254, 7, 6, 1, '1', 'Google Trends иқтисодий фаоллик', 'Туман иқтисодий фаоллиги Google Trends орқали (0-100 балл)', 'Жами: 62 балл (100 дан) — Барқарор ўсиш фаоллиги | 2024 йил ўртача: 54 балл | 2025 йил ўртача: 62 балл (+15% ўсиш) | Энг фаол давр: Март-Апрель 2025 — 78 балл | Мавсумийлик: Баҳор ва куз ойларида юқори', TRUE, 'Google Trends таҳлили', 'Google Trends индексининг 62 баллга кўтарилиши аҳолининг тадбиркорлик ва қишлоқ хўжалиги хизматларига бўлган рақамли қизиқиши ортиб бораётганини кўрсатади. «Сариосиё бренди» остида маҳсулотларни рақамли платформаларда тарғиб қилиш ва инвестициявий жозибадорликни оширувчи онлайн контентни кўпайтириш тавсия этилади.', NULL, NULL, 1, TRUE, '2026-04-28 12:00:00+05'::TIMESTAMPTZ);
INSERT INTO indicators (indicator_id, district_id, no, slide, slide_no, name, description, value, found, source_org, ai_insight, kpi_count, kpi_pct, load_no, final_flag, date_modify) VALUES (255, 7, 7, 2, '2', 'Ичимлик суви билан таъминланганлик', 'Аҳолини тоза ичимлик суви билан таъминлаш динамикаси (%)', 'Таъминланганлик (%): 2021: 61,0 | 2022: 61,8 | 2023: 61,9 | 2024: 64,4 | 2025: 66,7 (%)', TRUE, 'Сув хўжалиги', '5 йил ичида таъминланганлик даражаси 4,1% га ошган. Бироқ, ўсиш суръати паст. Инфратузилмани яхшилаш учун сув тармоқларини тортишда давлат-хусусий шериклик моделларини қўллаш ва сув йўқотишларини камайтириш учун рақамли ҳисоблагичлар ўрнатишни жадаллаштириш лозим.', NULL, NULL, 1, TRUE, '2026-04-28 12:00:00+05'::TIMESTAMPTZ);
INSERT INTO indicators (indicator_id, district_id, no, slide, slide_no, name, description, value, found, source_org, ai_insight, kpi_count, kpi_pct, load_no, final_flag, date_modify) VALUES (256, 7, 8, 2, '2', 'Ички йўллар ҳолати ва Логистика', 'Йўллар узунлиги ва таркиби', 'Жами: Йўллар таҳлили | Умумий йўллар узунлиги: 1 252 км | Асфальтланган (қаттиқ қопламали): 58,3% | Темир йўл станциясигача: 8 км | Вилоят марказигача: 170 км', TRUE, 'Йўл хўжалиги / Туман ҳокимияти', 'Йўлларнинг ярмидан кўпи (55,5%) ҳали асфальтланмаган. Темир йўл станциясининг яқинлиги (8 км) туманнинг логистика салоҳиятини оширади. Асосий эътиборни ички йўлларни таъмирлашга ва юк ташиш ҳажмини инобатга олиб, транспорт йўлакларини кенгайтиришга қаратиш зарур.', NULL, NULL, 1, TRUE, '2026-04-28 12:00:00+05'::TIMESTAMPTZ);
INSERT INTO indicators (indicator_id, district_id, no, slide, slide_no, name, description, value, found, source_org, ai_insight, kpi_count, kpi_pct, load_no, final_flag, date_modify) VALUES (257, 7, 9, 2, '2', 'Электр таъминоти сифати', 'Энергия инфратузилмаси ҳолати', 'Жами: Энергия таъминоти таҳлили | Электр узилишлари: Ўртача 4 марта/ой | Газ билан таъминланганлик 100,0% | Трансформаторлар: 29% алмаштиришга муҳтож | Электр линиялари: 35% модернизацияга муҳтож', TRUE, 'Электр ва Газ тармоқлари', 'Электр тармоқларининг эскирганлиги саноат ўсишига тўсиқ бўлиши мумкин. Тумандаги қуёш энергияси салоҳиятидан фойдаланиб, ижтимоий объектлар ва тадбиркорлик субъектларини муқобил энергияга ўтказиш орқали тармоқдаги юкламани камайтириш тавсия этилади.', NULL, NULL, 1, TRUE, '2026-04-28 12:00:00+05'::TIMESTAMPTZ);
INSERT INTO indicators (indicator_id, district_id, no, slide, slide_no, name, description, value, found, source_org, ai_insight, kpi_count, kpi_pct, load_no, final_flag, date_modify) VALUES (258, 7, 10, 2, '2', 'Ер тоифалари бўйича рўйхат', 'Ер фонди таркиби ва саноат зоналари', 'Жами: Ер ресурслари таҳлили | Умумий майдон: 384 638 гектар | Суғориладиган ерлар: 13 867 гектар | Аҳоли зичлиги: 62 киши/км² | «Анорзор» КСЗ: 17 та корхона, ердан фойдаланиш 98,2%', TRUE, 'Кадастр агентлиги / Туман ҳокимияти', 'Туман ҳудуди кенг, лекин аҳоли зичлиги паст. «Анорзор» КСЗдаги бўш турган 21,7% ер майдонларига фойдали қазилмаларни (оҳактош, гипс) қайта ишловчи янги инновацион лойиҳаларни жалб қилиш лозим.', NULL, NULL, 1, TRUE, '2026-04-28 12:00:00+05'::TIMESTAMPTZ);
INSERT INTO indicators (indicator_id, district_id, no, slide, slide_no, name, description, value, found, source_org, ai_insight, kpi_count, kpi_pct, load_no, final_flag, date_modify) VALUES (259, 7, 11, 2, '2', 'Жамоат транспортидан фойдаланиш', 'Транспорт ва йўловчи айланмаси таҳлили', 'Йиллик йўловчи ташиш: 17,5 млн киши | Йўлларнинг 58,3% асфальтланган | Вилоят марказигача: 170 км | Темир йўл станциясигача: 8 км', TRUE, 'Йўл хўжалиги / Статистика бўлими', 'Туманда йиллик 17,5 млн йўловчи ташиш ҳажми жамоат транспортига бўлган талаб юқорилигини кўрсатади. Темир йўл станцияси билан туман маркази ўртасида мунтазам автобус йўналишларини йўлга қўйиш ва тоғли ҳудудлар учун кичик сиғимли транспорт паркини янгилаш лозим.', NULL, NULL, 1, TRUE, '2026-04-28 12:00:00+05'::TIMESTAMPTZ);
INSERT INTO indicators (indicator_id, district_id, no, slide, slide_no, name, description, value, found, source_org, ai_insight, kpi_count, kpi_pct, load_no, final_flag, date_modify) VALUES (260, 7, 12, 2, '2', 'Мактабгача таълим қамрови', 'Болаларни мактабгача таълим муассасаларига қамраб олиш кўрсаткичлари', 'Қамров даражаси: 70,3% | 3-7 ёшли болалар: 22 400 нафар | Қамраб олинган: 15 750 нафар | МТТлар сони (жами): 233 та | Давлат МТТ: 37 та | Оилавий МТТ: 186 та | ДХШ: 10 та | Хусусий МТТ: 0 та', TRUE, 'Мактабгача ва мактаб таълими бўлими', 'Қамров даражасининг 70,3% га етказилгани ижобий кўрсаткич, асосан оилавий МТТлар (186 та) ҳисобига юқори натижа қайд этилган. Хусусий секторнинг (0 та) мавжуд эмаслиги соҳада фойдаланилмаган имкониятлар борлигини кўрсатади. Тадбиркорларга имтиёзли кредитлар орқали хусусий МТТлар ташкил этиш, ДХШ тармоғини кенгайтириш ва оилавий МТТларда таълим сифатини ошириш учун давлат МТТлари билан «методик ҳамкорлик» тизимини кучайтириш тавсия этилади.', NULL, NULL, 1, TRUE, '2026-04-28 12:00:00+05'::TIMESTAMPTZ);
INSERT INTO indicators (indicator_id, district_id, no, slide, slide_no, name, description, value, found, source_org, ai_insight, kpi_count, kpi_pct, load_no, final_flag, date_modify) VALUES (261, 7, 13, 2, '2', 'Соғлиқни сақлаш тизими', 'Туман аҳолисига тиббий хизмат кўрсатиш қуввати ва ресурс базаси', 'Тиббий ташкилотлар: 17 та | Стационар ўринлар (жами): 430 та | Бюджет ҳисобига: 385 та | Бюджетдан ташқари (пуллик): 45 та | Умумий штат бирлиги: 2 027,25 | Врачлар: 267 нафар | Ўрта тиббий ходимлар: 1 382 нафар | Кичик тиббий ходимлар: 454 нафар', TRUE, 'Соғлиқни сақлаш вазирлиги (Туман тиббиёт бирлашмаси)', 'Ўрта тиббий ходимлар ва врачлар нисбати (тахминан 5:1) стандарт талабларига мос. Стационар ўринларнинг атиги 10,4% бюджетдан ташқари (пуллик) — хусусий сектор ва қўшимча хизматларни ривожлантириш зарур. «Рақамли тиббиёт» лойиҳаларини кенгайтириш, тиббий туризм ва пуллик хизмат кўламини ошириш, олис ҳудудлар учун «Қишлоқ шифокори» дастурларини кучайтириш тавсия этилади.', NULL, NULL, 1, TRUE, '2026-04-28 12:00:00+05'::TIMESTAMPTZ);
INSERT INTO indicators (indicator_id, district_id, no, slide, slide_no, name, description, value, found, source_org, ai_insight, kpi_count, kpi_pct, load_no, final_flag, date_modify) VALUES (262, 7, 14, 3, '3', 'Меҳнат ресурслари', 'Инсон капитали ва меҳнат салоҳияти динамикаси', 'Меҳнат ресурслари (минг киши): 2021: 111,8 | 2022: 112,9 | 2023: 113,1 | 2024: 113,4 | 2025: 113,6 | Ўртача маош (минг сўм): 2021: 2286 | 2022: 2776 | 2023: 3255 | 2024: 3849 | 2025: 4289', TRUE, 'Статистика бўлими / Бандлик маркази', 'Сўнгги 5 йилда ўртача ойлик иш ҳақининг 87% га ўсиши (2,2 млн дан 4,2 млн гача) аҳолининг сотиб олиш қобилияти ошаётганини кўрсатади. Меҳнат ресурсларининг бироз қисқариши фонида бандликнинг барқарор қолиши — меҳнат самарадорлиги ошаётганидан далолатдир.', NULL, NULL, 1, TRUE, '2026-04-28 12:00:00+05'::TIMESTAMPTZ);
INSERT INTO indicators (indicator_id, district_id, no, slide, slide_no, name, description, value, found, source_org, ai_insight, kpi_count, kpi_pct, load_no, final_flag, date_modify) VALUES (263, 7, 15, 3, '3', 'Бандликни ошириш имкониятлари', 'Меҳнат бозори резервлари ва инклюзив бандлик', 'Меҳнат ресурслари: 113 100 киши | Норасмий сектордаги бандлик: 28 109 киши | Ногиронлиги бўлган шахслар: 10 024 нафар (ишлайди: 1 952, ишламайди: 8 072) | Расмий рўйхатдаги ишчилар: 79 200 киши', TRUE, 'Бандлик маркази / Давлат солиқ қўмитаси', 'Бандликни оширишнинг асосий нуқтаси — норасмий сектордаги 28 минг нафар аҳолини легаллаштиришдир. Ногиронлиги бўлган 8 072 нафар ишсиз фуқарони ижтимоий тадбиркорлик ва уй меҳнати (касаначилик) орқали банд қилиш туман иқтисодиётига ижобий таъсир кўрсатади.', NULL, NULL, 1, TRUE, '2026-04-28 12:00:00+05'::TIMESTAMPTZ);
INSERT INTO indicators (indicator_id, district_id, no, slide, slide_no, name, description, value, found, source_org, ai_insight, kpi_count, kpi_pct, load_no, final_flag, date_modify) VALUES (264, 7, 16, 3, '3', 'Ишсизлик кўрсаткичлари', 'Ишсизлик даражаси ва сонининг пасайиш тренди', 'Ишсизлик (%): 2021: 11,3 | 2022: 9,4 | 2023: 7,7 | 2024: 6,2 | 2025: 5,3 (%) | Ишсизлар сони: 2021: 9217 | 2022: 8853 | 2023: 6522 | 2024: 5224 | 2025: 4389', TRUE, 'Бандлик маркази', 'Ишсизлик даражаси 5 йил ичида 2 баравардан кўпроққа (11,3% дан 5,3% га) камайган. Бу жуда ижобий тренд. 2026-2027 йилларда ушбу кўрсаткични 5% дан пастга тушириш учун асосий эътиборни касбий малакаси бўлмаган 4,3 минг нафар ишсизни қайта ўқитишга қаратиш лозим.', 4389, 5.3, 1, TRUE, '2026-04-28 12:00:00+05'::TIMESTAMPTZ);
INSERT INTO indicators (indicator_id, district_id, no, slide, slide_no, name, description, value, found, source_org, ai_insight, kpi_count, kpi_pct, load_no, final_flag, date_modify) VALUES (265, 7, 17, 3, '3', 'Камбағаллик кўрсаткичлари', 'Камбағалликни қисқартириш ва оилалар динамикаси', 'Камбағаллик (%): 2021: 18,6 | 2022: 17,1 | 2023: 12,4 | 2024: 10,7 | 2025: 3,9 (%) | Камбағал оилалар: 2021: 4002 | 2022: 8523 | 2023: 6250 | 2024: 5402 | 2025: 1894', TRUE, 'Статистика бўлими', 'Камбағаллик даражаси 18,6% дан 5,6% гача тушиши ижтимоий ислоҳотлар самара бераётганини англатади. Мавжуд 1 894 та камбағал оила билан ишлашда «Камбағалликдан фаровонликка» дастури доирасида манзилли субсидия ва микрокредитлар бериш самарали бўлади.', 1894, 3.9, 1, TRUE, '2026-04-28 12:00:00+05'::TIMESTAMPTZ);
INSERT INTO indicators (indicator_id, district_id, no, slide, slide_no, name, description, value, found, source_org, ai_insight, kpi_count, kpi_pct, load_no, final_flag, date_modify) VALUES (266, 7, 18, 3, '3', '«Барқарор келажак» — ёшлар даромадини ошириш', 'Ёшлар бандлиги ва миграция оқими', 'Ёшлар ишсизлиги (16-30 ёш): 628 нафар (расмий) | Хорижга кетганлар (2025): 8,9 минг киши | Қайтган мигрантлар (2025): 12 745 нафар | Ўртача маош ўсиши: 2,2 дан 4,2 млн сўмгача', TRUE, 'Бандлик маркази / ИИВ', 'Хориждан қайтган 12,7 минг нафар фуқарони маҳаллий меҳнат бозорига интеграция қилиш зарур. Уларнинг хорижда орттирган тажрибасини тадбиркорликка йўналтириш учун махсус «Реинтеграция» кредитларини жорий этиш ва кичик бизнес лойиҳаларига йўналтириш тавсия этилади.', NULL, NULL, 1, TRUE, '2026-04-28 12:00:00+05'::TIMESTAMPTZ);
INSERT INTO indicators (indicator_id, district_id, no, slide, slide_no, name, description, value, found, source_org, ai_insight, kpi_count, kpi_pct, load_no, final_flag, date_modify) VALUES (267, 7, 19, 3, '3', 'Аёллар бандлиги ва даромадини ошириш', 'Аёллар ишсизлиги ва ижтимоий қўллаб-қувватлаш', 'Ишсиз аёллар: 1 875 нафар | Бола нафақаси олувчилар: 2400 оила | Кам таъминланган оилалар: 2420 та | Ижтимоий ёрдам олувчи жами: 4820 оила', TRUE, 'Бандлик маркази / Ижтимоий ҳимоя', '1 075 нафар ишсиз аёлнинг бандлигини таъминлаш учун туманда «Касаначилик марказлари» ва қишлоқ хўжалиги маҳсулотларини қайта ишлаш кичик цехларини ташкил этиш лозим. Ижтимоий нафақа олувчи оилаларни «тадбиркор оила» тоифасига ўтказиш орқали ижтимоий юкламани камайтириш мумкин.', NULL, NULL, 1, TRUE, '2026-04-28 12:00:00+05'::TIMESTAMPTZ);
INSERT INTO indicators (indicator_id, district_id, no, slide, slide_no, name, description, value, found, source_org, ai_insight, kpi_count, kpi_pct, load_no, final_flag, date_modify) VALUES (268, 7, 20, 3, '3', 'Касб-ҳунар таълими муассасалари', 'Сариосиё туманидаги техникум ва касб-ҳунар мактаблари', 'Жами: 4 та техникум, 1 470 ўқувчи (қуввати 1 365, банд 107,7%) | 1-сон техникум: 670 ўқувчи (қуввати 450, 148,9%) | 2-сон техникум: 800 ўқувчи (қуввати 765, 104,6%) | 3-сон техникум: 174 ўқувчи (қуввати 150, 98%) | Абу Али ибн Сино жамоат саломатлик техникуми: 843 ўқувчи (қуввати 575, 146,6%)', TRUE, 'Ҳокимият', 'Техникумларда қурилиш ва тоғ-кон ишлари бўйича қисқа муддатли курсларни кўпайтириш керак. 3-сон техникум бўш турибди (0 ўқувчи) — уни тоғ-кон ва туризм мутахассисларини тайёрлаш марказига айлантириш лозим. Инфратузилма лойиҳалари кўплиги сабабли, ўқувчиларни «Уста-шогирд» йўналишида йирик пудратчи ташкилотларга бириктириш самарали натижа беради.', NULL, NULL, 1, TRUE, '2026-04-28 12:00:00+05'::TIMESTAMPTZ);
INSERT INTO indicators (indicator_id, district_id, no, slide, slide_no, name, description, value, found, source_org, ai_insight, kpi_count, kpi_pct, load_no, final_flag, date_modify) VALUES (269, 7, 21, 3, '3', 'Сариосиё туманидаги техникумлар', 'Касб-ҳунар таълими муассасалари ва колледжлар', 'Жами: 4 та техникум, 1 470 та ўқувчи (қуввати 1 365, банд 107,7%) | 1-сон техникум: 670 ўқувчи (қуввати 450, 148,9%) | 2-сон техникум: 800 ўқувчи (қуввати 765, 104,6%) | 3-сон техникум: 147 ўқувчи (қуввати 150, 98%) | Абу Али ибн Сино жамоат саломатлик техникуми: 843 ўқувчи (қуввати 575, 146,6%)', TRUE, 'Ҳокимият', '4 та техникумда 1 470 нафар ўқувчи таҳсил олмоқда, умумий қуввати 1 365 ўринга нисбатан 107,7% банд. 1-сон техникум қувватидан 1,5 баробар кўп юкланган (450 га 670). 3-сон техникум бўш турибди (0 ўқувчи) — уни тоғ-кон ва туризм мутахассисларини тайёрлаш марказига айлантириш лозим. Битирувчиларни маҳаллий корхоналарга мақсадли жойлаштириш тизимини жорий этиш тавсия этилади.', NULL, NULL, 1, TRUE, '2026-04-28 12:00:00+05'::TIMESTAMPTZ);
INSERT INTO indicators (indicator_id, district_id, no, slide, slide_no, name, description, value, found, source_org, ai_insight, kpi_count, kpi_pct, load_no, final_flag, date_modify) VALUES (270, 7, 22, 4, '4', 'Сунъий интеллект куни ва ходимлар малакаси', 'Банкда СИ кўникмаларини мунтазам ошириш дастури', 'Жами: СИ малака ошириш дастури (Сариосиё филиали қамрови — 100%) | «Сунъий интеллект куни» — ҳар пайшанба | Онлайн ўқитиш тизими жорий (LMS) | Раҳбар ходимлар ўқувларни тўлиқ якунлади', TRUE, 'SQB', 'Ходимларнинг СИ саводхонлигини ошириш орқали мижозларга кредит ажратишда скоринг таҳлилларини тезлаштириш мумкин. Ҳафталик «СИ куни» доирасида ходимларга маҳаллабай ишлаш тизимида маълумотларни йиғиш бўйича СИ ботларидан фойдаланишни ўргатиш филиал самарадорлигини 20% га оширади.', NULL, NULL, 1, TRUE, '2026-04-28 12:00:00+05'::TIMESTAMPTZ);
INSERT INTO indicators (indicator_id, district_id, no, slide, slide_no, name, description, value, found, source_org, ai_insight, kpi_count, kpi_pct, load_no, final_flag, date_modify) VALUES (271, 7, 23, 4, '4', 'Раҳбарлар ва банкирларни СИ га ўқитиш', 'Ҳоким, банк раҳбарлари ва маҳалла банкирларини босқичма-босқич ўқитиш', 'Жами: 4 босқичли СИ ўқитиш | 1-босқич: Ҳоким ва ўринбосарлар — стратегия | 2-босқич: Филиал раҳбарлари — скоринг ва риск | 3-босқич: Маҳалла банкирлари — мижоз хизмати | 4-босқич: МФЙ раислари — маълумотлар таҳлили', TRUE, 'SQB', 'Раҳбарларнинг СИ воситаларидан фойдаланиши маълумотлар асосида қарор қабул қилиш тезлигини 3 баробар оширади. Маҳалла банкирларига мижознинг кредит лаёқатини СИ орқали олдиндан баҳолаш кўникмаларини бериш, банкнинг рискларини камайтириш ва хизмат сифатини янги босқичга олиб чиқади.', NULL, NULL, 1, TRUE, '2026-04-28 12:00:00+05'::TIMESTAMPTZ);
INSERT INTO indicators (indicator_id, district_id, no, slide, slide_no, name, description, value, found, source_org, ai_insight, kpi_count, kpi_pct, load_no, final_flag, date_modify) VALUES (272, 7, 24, 4, '4', 'Аҳолини СИ орқали тадбиркорликка ўқитиш', 'Фуқароларни СИ платформаси орқали касб танлаш ва тадбиркорликка тайёрлаш', '1 350 нафар СИ орқали ўқитилади (2026 режа) | СИ таҳлили: кўникма ва қизиқиш аниқланади | СИ-ментор (чатбот): индивидуал ўқув дастури | Тадбиркорлик: бизнес-режа + микрокредит | Касб: тайёр иш ўринларига йўналтириш', TRUE, 'SQB', 'СИ платформаси орқали фуқароларни индивидуал баҳолаш — «ижтимоий боқимандалик» кайфиятини камайтириб, аниқ йўналиш бўйича бандликни таъминлайди. Тизим тадбиркорлик қобилияти бор фуқарони аниқлаганда, банк томонидан автоматик равишда имтиёзли кредит таклифи шакллантирилиши тавсия этилади.', NULL, NULL, 1, TRUE, '2026-04-28 12:00:00+05'::TIMESTAMPTZ);
INSERT INTO indicators (indicator_id, district_id, no, slide, slide_no, name, description, value, found, source_org, ai_insight, kpi_count, kpi_pct, load_no, final_flag, date_modify) VALUES (273, 7, 25, 4, '4', '«SQB AI Advisor» — ақлли ёрдамчи платформа', 'Маҳалла банкирлари ва тадбиркорларга СИ ёрдами берувчи платформа', 'Жами: SQB AI Advisor функциялари | СИ маслаҳатчи чат-боти: тадбиркорлик, ҳуқуқий, молиявий саволларга жавоб | Бизнес-режа генератори: автоматик тузиш | Кредит мослаштириш: мижозга мос маҳсулот | KPI мониторинг: маҳалла агенти самарадорлиги | Прогноз: даромадни ошириш тавсиялари', TRUE, 'SQB', '«SQB AI Advisor» платформаси маҳалла банкири ва тадбиркорларга кундалик ишларда СИ ёрдамини беради: мижозларга автоматик маслаҳат, бизнес-режа генератори, кредит мослаштириш ва самарадорлик мониторинги. 2026 йил якунигача барча 68 маҳаллада жорий этиш режалаштирилган.', NULL, NULL, 1, TRUE, '2026-04-28 12:00:00+05'::TIMESTAMPTZ);
INSERT INTO indicators (indicator_id, district_id, no, slide, slide_no, name, description, value, found, source_org, ai_insight, kpi_count, kpi_pct, load_no, final_flag, date_modify) VALUES (274, 7, 26, 4, '4', 'Маҳалла ихтисослашуви', 'Маҳаллаларнинг иқтисодий фаолият йўналишлари ва тоифалари', 'Жами: 61 та маҳалла | Чорвачилик: 26 та МФЙ | Деҳқончилик: 17 та МФЙ | Боғдорчилик: 10 та МФЙ | Савдо ва хизмат кўрсатиш: 7 та МФЙ | Маҳалла тоифалари: Енгил: 31 та, Ўрта: 28 та, Оғир: 1 та', TRUE, 'МФЙ агентлиги', 'Маҳаллаларнинг асосий қисми (43 таси) чорвачилик ва деҳқончиликка ихтисослашган. 7 та хизмат кўрсатиш маҳалласида туризм потенциали (Сангардак) ҳисобига даромадларни тезроқ ошириш имконияти мавжуд. Оғир тоифадаги 1 та маҳаллани «енгил» тоифага ўтказиш учун ихтисослашувни саноат хомашёсини қайта ишлашга йўналтириш лозим.', NULL, NULL, 1, TRUE, '2026-04-28 12:00:00+05'::TIMESTAMPTZ);
INSERT INTO indicators (indicator_id, district_id, no, slide, slide_no, name, description, value, found, source_org, ai_insight, kpi_count, kpi_pct, load_no, final_flag, date_modify) VALUES (275, 7, 27, 4, '4', 'Маҳалла драйвер секторлари', 'Маҳалла даражасида иқтисодий ўсишни бошқарувчи асосий тармоқлар', 'Жами: 4 та драйвер сектор | Энергетика ва Кўмир саноати: «Шарғункўмир» — 160 млн тонна заҳира, йиллик 900 минг тонна қазиб олиш | Қишлоқ хўжалиги: мева-сабзавотчилик ва боғдорчилик — 2 500+ га боғлар, экспорт $13,8 млн | Туризм: Сангардак курорт маскани — йиллик 265 минг сайёҳ, $12 млн салоҳият | Савдо ва хизмат кўрсатиш: Тожикистон чегараси — йиллик 1,5 млн тонна юк айланмаси', TRUE, 'SQB / Туман ҳокимияти', 'Туманнинг асосий «ўсиш нуқтаси» — кўмир саноати ва мева-сабзавотчиликдир. Мева-сабзавотни қайта ишлаш даражаси ҳозирда атиги 10-12% ни ташкил этади. Ушбу кўрсаткични ошириш учун агрозоналарда кичик консервация ва музлатгичли омборхоналар тармоғини кенгайтириш зарур.', NULL, NULL, 1, TRUE, '2026-04-28 12:00:00+05'::TIMESTAMPTZ);
INSERT INTO indicators (indicator_id, district_id, no, slide, slide_no, name, description, value, found, source_org, ai_insight, kpi_count, kpi_pct, load_no, final_flag, date_modify) VALUES (276, 7, 28, 4, '4', 'Микролойиҳалар сони ва иш ўринлари', '2026 йил учун режалаштирилган кредит режа ва иш ўринлари', 'Жами лойиҳалар: 610 та | Яратиладиган иш ўринлари: 1 210 та | 100 кунлик режа: 83 та лойиҳа ва 4 400 иш ўрни | Йўналиш: Боғдорчилик (105 га янги боғ), Хизматлар ва Саноат', TRUE, 'SQB / Туман ҳокимияти / Марказий банк', '610 та микролойиҳанинг асосий қисмини Сангардак туристик зонасидаги хизмат кўрсатиш шохобчаларига йўналтириш лозим. Янги ташкил этиладиган 105 гектарлик боғлар ва қайта ишлаш лойиҳалари туманнинг экспорт салоҳиятини камида 10% га оширади.', NULL, NULL, 1, TRUE, '2026-04-28 12:00:00+05'::TIMESTAMPTZ);
INSERT INTO indicators (indicator_id, district_id, no, slide, slide_no, name, description, value, found, source_org, ai_insight, kpi_count, kpi_pct, load_no, final_flag, date_modify) VALUES (277, 7, 29, 4, '4', 'Ишсизлик юқори маҳаллалар', 'Иқтисодий аҳволи оғир ва ишсизлик даражаси юқори бўлган ҳудудлар', 'Жами: 13 та маҳалла | А.Навоий, Боғисамарқанд, Дарагитстон, Лочин, Маржона, Ниҳолзор, Нодирабегим, Нурбулоқ, Келажак сари, Боғистон, Чош, Шарафобод, Хуршид', TRUE, 'МФЙ агентлиги / Бандлик маркази', 'Ушбу 13 та маҳаллада ишсизликни камайтириш учун «Маҳаллабай» инвентаризация ўтказиш ва аҳолини ипакчилик (30 та маҳалла) ва картошка/карам етиштиришга (20 та маҳалла) жалб қилиш лозим. Ҳар бир «оғир» маҳаллага алоҳида «Йўл харитаси» тузиб, уларни драйвер соҳаларга бириктириш керак.', NULL, NULL, 1, TRUE, '2026-04-28 12:00:00+05'::TIMESTAMPTZ);
INSERT INTO indicators (indicator_id, district_id, no, slide, slide_no, name, description, value, found, source_org, ai_insight, kpi_count, kpi_pct, load_no, final_flag, date_modify) VALUES (278, 7, 30, 4, '4', 'SQB рақамли хизматлари', 'SQB банкнинг рақамли ва мобил молиявий хизматлар экотизими', 'Жами: 3 та рақамли платформа | SQB Mobile: жисмоний шахслар учун мобил банк | SQB Business: юридик шахслар учун онлайн бухгалтерия | SQB AI Advisor: СИ асосидаги молиявий маслаҳатчи', TRUE, 'SQB', 'СИ асосидаги «AI Advisor» мавжудлиги сабабли, кредит скоринги ва инвестиция таҳлилини тўлиқ автоматлаштириш керак. Масофавий молиявий амалиётларни кенгайтириш учун мижозларни «Mobile» ва «Business» платформаларига фаол ўтказиш лозим.', NULL, NULL, 1, TRUE, '2026-04-28 12:00:00+05'::TIMESTAMPTZ);
INSERT INTO indicators (indicator_id, district_id, no, slide, slide_no, name, description, value, found, source_org, ai_insight, kpi_count, kpi_pct, load_no, final_flag, date_modify) VALUES (279, 7, 31, 4, '4', '«Ҳар бир оила — тадбиркор» дастури', 'Оилавий тадбиркорлик учун имтиёзли кредит', 'Иштирокчи банклар: SQB ва бошқа тижорат банклари | Фоиз ставкаси: 18% | Максимал сумма: 300 млн сўм | Муддат: 3 йилгача | Имтиёзли давр: 3–6 ой', TRUE, 'Марказий банк', 'Оилавий тадбиркорликни кўпайтириш учун SQB AI Advisor платформасидан фойдаланиш тавсия этилади. Маҳалла банкирлари ҳар бир оилани платформага йўналтириш ва имтиёзли кредитдан самарали фойдаланишга ёрдам бериши керак.', NULL, NULL, 1, TRUE, '2026-04-28 12:00:00+05'::TIMESTAMPTZ);
INSERT INTO indicators (indicator_id, district_id, no, slide, slide_no, name, description, value, found, source_org, ai_insight, kpi_count, kpi_pct, load_no, final_flag, date_modify) VALUES (280, 7, 32, 4, '4', '«HAMROH» хотин-қизлар тадбиркорлиги', 'Хотин-қизлар учун махсус молиявий дастур', 'Иштирокчи банклар: SQB, Халқ банки, Микрокредит банк, Агро банк | Гаровсиз кредит: 100 млн сўмгача | Компания кафиллиги: 70%', TRUE, 'Марказий банк', 'HAMROH — хотин-қизлар тадбиркорлигини қўллаб-қувватлашнинг энг катта давлат дастури. Маҳалла банкирлари орқали аёлларни актив жалб қилиш, бизнес тренинглар ташкил этиш ва муваффақиятли намуналарни кенг оммавий таништириш тавсия этилади.', NULL, NULL, 1, TRUE, '2026-04-28 12:00:00+05'::TIMESTAMPTZ);
INSERT INTO indicators (indicator_id, district_id, no, slide, slide_no, name, description, value, found, source_org, ai_insight, kpi_count, kpi_pct, load_no, final_flag, date_modify) VALUES (281, 7, 33, 4, '4', 'Ишсизлик юқори маҳаллаларни ривожлантириш режаси', '«Сангардак» ва «Хуршид» каби маҳаллаларни ривожлантириш стратегияси', 'Сангардак лойиҳаси: 2025-2028 йилларда 913,3 млрд сўм инвестиция | Сайёҳлар оқими: Йиллик 265 000 нафар (мақсад: 130 000 доимий) | Инфратузилма: Д-170 Б автомагистрали 2 км реконструкция | Режа: 4 400 нафар бандлик (100 кунлик дастур)', TRUE, 'SQB / Туман ҳокимияти', 'Сангардакни курорт масканга айлантириш лойиҳаси туманнинг «ташриф қоғози» бўлиши мумкин. 913,3 млрд сўмлик инвестицияларни ўзлаштиришда маҳаллий аҳолини меҳмонхона хизмати ва гидлик бўйича СИ платформалари орқали ўқитиш тавсия этилади.', NULL, NULL, 1, TRUE, '2026-04-28 12:00:00+05'::TIMESTAMPTZ);
INSERT INTO indicators (indicator_id, district_id, no, slide, slide_no, name, description, value, found, source_org, ai_insight, kpi_count, kpi_pct, load_no, final_flag, date_modify) VALUES (282, 7, 34, 5, '5', 'Гидроэнергетика салоҳияти', 'Тўпаланг сув омбори ва тоғ дарёларининг улкан гидроэнергетик салоҳияти', 'Қувват: 175 МВт (Тўпаланг ГЭС ва кичик ГЭСлар) | Йўналиш: Янги кичик ва микро ГЭСлар қуриш | Имконият: Саноат корхоналарини 100% қайта тикланувчи энергия билан таъминлаш | Инвестиция: $15–40 млн (хусусий шериклик асосида)', TRUE, 'Энергетика вазирлиги', 'Сариосиёни вилоятнинг «яшил энергия» марказига айлантириш керак. ГЭСлар яқинида энергия сиғими юқори бўлган саноат зоналарини ташкил этиш, электр таннархи пастлиги эвазига инвесторларни жалб қилиш мақсадга мувофиқ.', NULL, NULL, 1, TRUE, '2026-04-28 12:00:00+05'::TIMESTAMPTZ);
INSERT INTO indicators (indicator_id, district_id, no, slide, slide_no, name, description, value, found, source_org, ai_insight, kpi_count, kpi_pct, load_no, final_flag, date_modify) VALUES (283, 7, 35, 5, '5', 'Эко ва экстремал туризм: Сангардак шаршараси', 'Ўзбекистондаги энг баланд шаршаралардан бири ва тоғли рекреация зонаси', 'Сайёҳлар сиғими: Йиллик 200–250 минг киши | Объектлар: Сангардак, Хондиза тоғлари, Тўпаланг соҳили | Лойиҳа: Канат йўллари ва кемпинг зоналари | Экспорт салоҳияти: $12 млн (йиллик)', TRUE, 'Туризм қўмитаси', 'Сангардак ҳудудини «туризм қишлоғи» мақомига ўтказиш ва Швейцария модели асосида йил бўйи ишловчи курорт марказини яратиш лозим. Бу ерда фақат мавсумий эмас, балки қишки туризмни ҳам ривожлантириш имкони мавжуд.', NULL, NULL, 1, TRUE, '2026-04-28 12:00:00+05'::TIMESTAMPTZ);
INSERT INTO indicators (indicator_id, district_id, no, slide, slide_no, name, description, value, found, source_org, ai_insight, kpi_count, kpi_pct, load_no, final_flag, date_modify) VALUES (284, 7, 36, 5, '5', 'Субтропик экинлар ва экспорт', 'Сариосиёнинг микроиқлимида ноёб хурмо, анор ва лимон етиштириш', 'Ер майдони: 2 500+ гектар боғлар | Ҳосилдорлик: Вилоятдаги энг юқори кўрсаткичлардан бири | Йўналиш: Қайта ишлаш ва шок усулида музлатиш | Бозор: МДҲ ва Европа давлатлари', TRUE, 'Қишлоқ хўжалиги вазирлиги', 'Шунчаки хом ашё сотишдан «тайёр бренд» босқичига ўтиш керак. Сариосиё хурмосини алоҳида географик бренд сифатида рўйхатдан ўтказиш ва экспорт сифатини таъминловчи агро-логистика марказини қуриш зарур.', NULL, NULL, 1, TRUE, '2026-04-28 12:00:00+05'::TIMESTAMPTZ);
INSERT INTO indicators (indicator_id, district_id, no, slide, slide_no, name, description, value, found, source_org, ai_insight, kpi_count, kpi_pct, load_no, final_flag, date_modify) VALUES (285, 7, 37, 5, '5', 'Тоғ-кон саноати ва кўмир қазиб олиш', '«Шарғункўмир» конини модернизация қилиш ва ишлаб чиқариш занжири', 'Заҳира: 160 млн тоннадан ортиқ | Йиллик қазиб олиш: 900 минг тоннадан ортиқ (режа) | Иш ўринлари: 2 000 дан ортиқ янги штатлар | Инновация: Кўмирни бойитиш ва брикетлаш', TRUE, 'Шарғункўмир АЖ / Инвестициялар, саноат ва савдо вазирлиги', 'Кўмир қазиб олиш билан бирга, уни қайта ишлаш кимёвий кластерини яратиш керак. Бу иқтисодий қийматни 3-4 бараварга оширади ва маҳаллий аҳолининг юқори технологик касбларни эгаллашига хизмат қилади.', NULL, NULL, 1, TRUE, '2026-04-28 12:00:00+05'::TIMESTAMPTZ);
INSERT INTO indicators (indicator_id, district_id, no, slide, slide_no, name, description, value, found, source_org, ai_insight, kpi_count, kpi_pct, load_no, final_flag, date_modify) VALUES (286, 7, 38, 5, '5', 'Транзит ва логистика коридори', 'Тожикистон Республикаси билан чегарадошлик ва темир йўл тармоғи', 'Статус: «Сариосиё» халқаро темир йўл ва автомобиль назорат-ўтказиш пункти | Юк айланмаси: Йиллик 1,5 млн тоннадан ортиқ | Имконият: Божхона терминали ва «қуруқ порт»', TRUE, 'Транспорт вазирлиги', 'Сариосиёни Тожикистон ва Афғонистон бозорларига чиқиш учун асосий логистика хабига айлантириш лозим. Чегара яқинида улкан улгуржи савдо мажмуасини барпо этиш транзит даромадларини 20-25% га оширади.', NULL, NULL, 1, TRUE, '2026-04-28 12:00:00+05'::TIMESTAMPTZ);
INSERT INTO indicators (indicator_id, district_id, no, slide, slide_no, name, description, value, found, source_org, ai_insight, kpi_count, kpi_pct, load_no, final_flag, date_modify) VALUES (287, 7, 39, 5, '5', 'Даволаш туризми ва минерал сувлар', 'Ҳудуддаги шифобахш булоқлар ва тоғ ҳавосининг даволаш қуввати', 'Ресурс: Минерал сув манбалари ва тоғ климати | Йўналиш: Санаторий ва соғломлаштириш марказлари | Инвестиция: $5–15 млн', TRUE, 'Соғлиқни сақлаш вазирлиги / Хусусий сектор', 'Сариосиёнинг юқори тоғли ҳудудларида нафас йўлларини даволашга ихтисослашган халқаро рекреация марказларини ташкил этиш керак. Бу нафақат маҳаллий, балки қўшни давлатлардан келувчи тиббий сайёҳлар оқимини таъминлайди.', NULL, NULL, 1, TRUE, '2026-04-28 12:00:00+05'::TIMESTAMPTZ);
INSERT INTO indicators (indicator_id, district_id, no, slide, slide_no, name, description, value, found, source_org, ai_insight, kpi_count, kpi_pct, load_no, final_flag, date_modify) VALUES (288, 7, 40, 6, '6', 'Стратегик мақсад: 2030', 'Сариосиё — Сурхондарёнинг «яшил» индустриал ва эко-туризм маркази', 'S: Саноат ҳажмини 2 баробарга ошириш | W: Инфратузилма (йўл ва сув) сифатини 80% га етказиш | O: Тоғ туризми орқали 5000 та янги иш ўрни | T: Табиий ресурслардан оқилона фойдаланиш', TRUE, '', 'Туманни ривожлантиришда табиий бойликлар (кўмир, сув) ва туристик жозибадорлик мувозанатини сақлаш лозим. Ҳар бир инвестиция лойиҳаси экологик стандартларга жавоб бериши шарт.', NULL, NULL, 1, TRUE, '2026-04-28 12:00:00+05'::TIMESTAMPTZ);
INSERT INTO indicators (indicator_id, district_id, no, slide, slide_no, name, description, value, found, source_org, ai_insight, kpi_count, kpi_pct, load_no, final_flag, date_modify) VALUES (289, 7, 41, 6, '6', 'Инвестиция жозибадорлиги', 'Туманга хорижий ва маҳаллий капитални жалб қилиш прогнози', '2025–2027 йиллар: $150 млн тўғридан-тўғри инвестиция | Устуворлик: Энергетика ва агросаноат | Имтиёз: Тоғли ҳудудларда бизнес учун махсус солиқ режимлари', TRUE, '', 'Инвесторлар учун «Бир дарча» тизими асосида тайёр лойиҳавий таклифларни (масалан, кичик ГЭС ёки меҳмонхона учун ер) шакллантириш ва халқаро бизнес-форумларда тақдим этиш керак.', NULL, NULL, 1, TRUE, '2026-04-28 12:00:00+05'::TIMESTAMPTZ);
INSERT INTO indicators (indicator_id, district_id, no, slide, slide_no, name, description, value, found, source_org, ai_insight, kpi_count, kpi_pct, load_no, final_flag, date_modify) VALUES (290, 7, 42, 6, '6', 'Инфратузилма ва рақамлаштириш', 'Тоғли қишлоқларда алоқа ва сервис сифатини ошириш', 'Режа: 100% интернет қамрови (тоғли ҳудудларда ҳам) | Рақамли хизматлар: Туристлар учун «Sariosiyo Guide» мобил иловаси | Логистика: Тоғ йўлларини реконструкция қилиш (Сангардак йўли)', TRUE, '', 'Туризм ривожи учун биринчи навбатда транспорт боғланишини яхшилаш ва меҳмонхоналарда юқори тезликдаги интернетни таъминлаш шарт. Бу «рақамли кўчманчилар» (digital nomads) учун ҳам туманни жозибадор қилади.', NULL, NULL, 1, TRUE, '2026-04-28 12:00:00+05'::TIMESTAMPTZ);
INSERT INTO indicators (indicator_id, district_id, no, slide, slide_no, name, description, value, found, source_org, ai_insight, kpi_count, kpi_pct, load_no, final_flag, date_modify) VALUES (291, 7, 43, 6, '6', 'Ижтимоий ривожланиш ва таълим', 'Инсон капиталини янги иқтисодиётга тайёрлаш', 'Касбий таълим: Туризм ва тоғ-кон мутахассисларини тайёрлаш маркази | Аҳоли даромади: Жон бошига даромадни 1.5 бараварга ошириш | Аёллар бандлиги: Ҳунармандчилик ва меҳмон уйлари тизимида', TRUE, '', 'Маҳаллий ёшларни хорижий тилларга (инглиз, тожик, рус) ва меҳмонхона сервисига ўқитиш тизимини йўлга қўйиш зарур. Бу хизмат кўрсатиш сифатини халқаро даражага олиб чиқади.', NULL, NULL, 1, TRUE, '2026-04-28 12:00:00+05'::TIMESTAMPTZ);
INSERT INTO indicators (indicator_id, district_id, no, slide, slide_no, name, description, value, found, source_org, ai_insight, kpi_count, kpi_pct, load_no, final_flag, date_modify) VALUES (292, 7, 44, 6, '6', 'Экспорт стратегияси', '«Сариосиё маҳсулотлари» брендини жаҳон бозорига олиб чиқиш', 'Маҳсулотлар: Кўмир, хурмо, анор, минерал сув, асал | География: Хитой, БАА, Европа ва МДҲ | Мақсад: Йиллик экспортни $50 млн дан ошириш', TRUE, '', 'Ҳар бир экспорт маҳсулоти учун сертификатлаштириш ва сифат назорати лабораториясини ташкил этиш лозим. Айниқса, «органик» тоғ асали ва мевалари учун сертификат олиш экспорт нархини 2 бараварга оширади.', NULL, NULL, 1, TRUE, '2026-04-28 12:00:00+05'::TIMESTAMPTZ);
INSERT INTO indicators (indicator_id, district_id, no, slide, slide_no, name, description, value, found, source_org, ai_insight, kpi_count, kpi_pct, load_no, final_flag, date_modify) VALUES (293, 7, 45, 6, '6', 'Якуний хулоса: «Сурхон дурдонаси»', 'Сариосиё — фақат чекка туман эмас, балки стратегик ресурс маркази', 'Хулоса: Туманнинг тоғли иқлими ва табиий бойликлари Ўзбекистон иқтисодиёти учун янги драйвердир | Шиор: «Яшил энергия ва бетакрор табиат уйғунлиги»', TRUE, '', 'Келажакдаги 3 йиллик режани ишлаб чиқишда «Экологик барқарорлик» тамойилини бош мезон қилиб олиш керак. Сариосиёнинг табиати — унинг асосий капитали, уни асраган ҳолда иқтисодий фойда олиш энг тўғри йўлдир.', NULL, NULL, 1, TRUE, '2026-04-28 12:00:00+05'::TIMESTAMPTZ);
INSERT INTO districts (district_id, region_id, slug, name_uz, name_ru, name_en, district_name, json_file, has_data, type, year, total_cards, load_no, final_flag, date_modify) VALUES (8, 3, 'termiz', 'Термиз', 'Термез', 'Termez', 'Термиз тумани', 'termiz.json', TRUE, NULL, 2026, 42, 1, TRUE, '2026-04-28 12:00:00+05'::TIMESTAMPTZ);
INSERT INTO hero_kpis (hero_kpi_id, district_id, metric_name, metric_value, metric_unit, load_no, final_flag, date_modify) VALUES (21, 8, 'Аҳоли', 89.7, 'минг киши', 1, TRUE, '2026-04-28 12:00:00+05'::TIMESTAMPTZ);
INSERT INTO hero_kpis (hero_kpi_id, district_id, metric_name, metric_value, metric_unit, load_no, final_flag, date_modify) VALUES (22, 8, 'Маҳалла', 30, 'та', 1, TRUE, '2026-04-28 12:00:00+05'::TIMESTAMPTZ);
INSERT INTO hero_kpis (hero_kpi_id, district_id, metric_name, metric_value, metric_unit, load_no, final_flag, date_modify) VALUES (23, 8, 'Оила', 27044, 'та', 1, TRUE, '2026-04-28 12:00:00+05'::TIMESTAMPTZ);
INSERT INTO hero_kpis (hero_kpi_id, district_id, metric_name, metric_value, metric_unit, load_no, final_flag, date_modify) VALUES (24, 8, 'Хонадон', 21469, 'та', 1, TRUE, '2026-04-28 12:00:00+05'::TIMESTAMPTZ);
INSERT INTO indicators (indicator_id, district_id, no, slide, slide_no, name, description, value, found, source_org, ai_insight, kpi_count, kpi_pct, load_no, final_flag, date_modify) VALUES (294, 8, 1, 1, '1', 'Туманнинг макроиқтисодий кўрсаткичлари', 'Саноат, бозор хизматлари ҳажми, тармоқлар улуши ва ўсиш суръати', 'Саноат: 1 715,0 млрд сўм (+126,4%) | Бозор хизматлари: 1 180,3 млрд сўм (+28,2%) | Саноат ўсиш суръати: 109,3% (реал) | Қишлоқ хўжалиги: 2 198,1 млрд сўм (+16,5%) | Тармоқлар улуши: Қ/х 43,2%, Саноат 33,7%, Хизматлар 23,2% | Экспорт/Импорт: 121,2 / 57,6 млн $ (соф +63,6 млн $)', TRUE, 'Статистика бўлими / stat.uz', 'Термиз тумани иқтисодиётида 2025 йил саноат ҳажми 2024 йилга нисбатан 2,3 бараварга кенгайди. Ўсишни турғунлаштириш учун кичик ва ўрта корхоналар улушини оширишга диққатни қаратиш лозим. Қишлоқ хўжалиги ҳажм жиҳатидан устун (43,2%) бўлса-да, гўшт ва сабзавот қайта ишлаш 0% даражасида — агро-қайта ишлаш кластери ташкил этиш энг устувор вазифа. Экспорт 5,9 мартага ўсгани ташқи бозорга оғирлашаётганини кўрсатади; логистика ва божхона инфратузилмасига инвестицияни тезлаштириш тавсия этилади.', NULL, NULL, 1, TRUE, '2026-04-28 12:00:00+05'::TIMESTAMPTZ);
INSERT INTO indicators (indicator_id, district_id, no, slide, slide_no, name, description, value, found, source_org, ai_insight, kpi_count, kpi_pct, load_no, final_flag, date_modify) VALUES (295, 8, 2, 1, '1', 'Устувор 4 та соҳа', 'Асосий устувор соҳалар рейтинги ва асослама', 'Жами: 4 та устувор соҳа | 1-ўрин Қишлоқ хўжалиги: 2 198,1 млрд сўм (43,2%), чорвачилик ва деҳқончилик, 3 та агрозона | 2-ўрин Саноат: 1 715,0 млрд сўм (33,7%), йирик корхоналар 73,5% | 3-ўрин Хизматлар: 1 180,3 млрд сўм (23,2%), савдо ва логистика | 4-ўрин Экспорт ва логистика: 121,2 млн $ (+489%), ЭИЗ «Айратом» потенциали', TRUE, 'Статистика бўлими / Туман ҳокимияти', '4 та драйвердан фақат иккиси (саноат ва экспорт) юқори динамика кўрсатмоқда; қишлоқ хўжалиги хомашё сотишга асосланган — ишлов бериш улушини ошириш орқали бир маҳсулотга икки драйверни бирлаштириш мумкин. Хизматлар улуши (23,2%) вилоят марказига яқинлигини ҳисобга олганда паст; туризм ва курорт шаҳри лойиҳаси (50 млрд сўм) орқали хизматлар улушини 30% гача олиб чиқиш тавсия этилади. Экспорт энг тез ўсаётган драйвер — корхоналарни ЭИЗ «Айратом» занжирига қўшиш лозим.', NULL, NULL, 1, TRUE, '2026-04-28 12:00:00+05'::TIMESTAMPTZ);
INSERT INTO indicators (indicator_id, district_id, no, slide, slide_no, name, description, value, found, source_org, ai_insight, kpi_count, kpi_pct, load_no, final_flag, date_modify) VALUES (296, 8, 3, 1, '1', 'Саноат маҳсулотлари ишлаб чиқариш динамикаси', '2021-2025 йиллар давомида саноат ҳажми ва индекс ўзгариши', 'Саноат ҳажми (млрд сўм): 2021: 280,3 | 2022: 387,5 | 2023: 491,4 | 2024: 757,6 | 2025: 1715,0 | Йирик корхоналар (2025): 1 260,1 млрд сўм (73,5%) | Кичик бизнес (2025): 454,9 млрд сўм (26,5%)', TRUE, 'Статистика бўлими', '5 йилда саноат 6,1 бараварга ўсди, аммо 73,5% йирик корхоналар улуши туман саноатини ягона субъект қарорига боғлаб қўяди — диверсификация учун кичик бизнес кредит портфелини 650 млрд сўмгача ошириш ва 3-5 та янги ўрта корхонани саноат зонасига киритиш тавсия этилади. Саноат зонаси ер фойдаланиш 69,7% — қолган 30,3% ни тўлдириш орқали 500-700 иш ўрни яратиш мумкин.', NULL, NULL, 1, TRUE, '2026-04-28 12:00:00+05'::TIMESTAMPTZ);
INSERT INTO indicators (indicator_id, district_id, no, slide, slide_no, name, description, value, found, source_org, ai_insight, kpi_count, kpi_pct, load_no, final_flag, date_modify) VALUES (297, 8, 4, 1, '1', 'Маҳаллий бюджет ва молиявий ҳолат', '2021-2025 йиллар давомида туман маҳаллий бюджет даромадлари', 'Бюджет даромади (млрд сўм): 2021: 41,2 | 2022: 61,3 | 2023: 69,4 | 2024: 67,4 | 2025: 99,1 | Норасмий иқтисодиёт улуши: 27,3% | Солиқ йўқотиш: 15 млрд сўм/йил | Иш ҳақи фонди (2025): 486,9 млрд сўм', TRUE, 'Туман молия бўлими', '2024 йилда бюджет 2,9% га пасайиб, 2025 да 46,9% га кескин ошган — бундай волатиллик якка сектор солиқ тушумига боғлиқликдан келиб чиқади; солиқ базасини диверсификациялаш лозим. Норасмий секторда 15 млрд сўм (бюджетнинг 15,1%) йиллик йўқотиш мавжуд — расмийлаштиришни тезлаштириш орқали бюджетни 5-7 млрд сўм билан кенгайтириш мумкин.', NULL, NULL, 1, TRUE, '2026-04-28 12:00:00+05'::TIMESTAMPTZ);
INSERT INTO indicators (indicator_id, district_id, no, slide, slide_no, name, description, value, found, source_org, ai_insight, kpi_count, kpi_pct, load_no, final_flag, date_modify) VALUES (298, 8, 5, 1, '1', 'Ажратилган кредитлар', 'Туман бўйича кредит портфели ва кичик бизнес кредитлари', 'Кредит портфели (млрд сўм): 2021: 1123,0 | 2022: 1179,2 | 2023: 1273,5 | 2024: 1337,2 | 2025: 1366,1 | Кичик бизнес (2025): 475,0 млрд (34,8%) | Муаммоли кредитлар (%): 2021: 4,0 | 2022: 4,8 | 2023: 5,8 | 2024: 6,3 | 2025: 6,7 | Банк филиаллари: 6 та / 22 та банкомат', TRUE, 'Марказий банк / SQB', 'Кредит портфели 5 йилда атиги 21,6% га ўсган — саноат 6 бараварга ўсган шароитда мувозанатсизлик. NPL 4,0% дан 6,7% гача ортиши асосий хавф — портфелни тозалаш ва гаров таъминотини мустаҳкамлаш устувор. Оилавий тадбиркорлик портфели атиги 7,9 млрд (0,6%) — микромолия инструментини кенгайтириш учун катта имконият бор.', NULL, NULL, 1, TRUE, '2026-04-28 12:00:00+05'::TIMESTAMPTZ);
INSERT INTO indicators (indicator_id, district_id, no, slide, slide_no, name, description, value, found, source_org, ai_insight, kpi_count, kpi_pct, load_no, final_flag, date_modify) VALUES (299, 8, 6, 1, '1', 'Google Trends иқтисодий фаоллик', 'Цифровой фаоллик индекси — қидирув трендлари асосидаги иқтисодий сигнал', 'Google Trends индекси: Марказий гуруҳ ҳисоблайди | Сунъий йўлдош тасвири таҳлили: Марказий гуруҳ ҳисоблайди | ML прогноз модели 2025-2027: Марказий гуруҳ ҳисоблайди | Аҳоли ва бизнес кутишлари: Ижобий 55%, Салбий 25%, Нейтрал 20% | Интернет қоплами: 100% | Ўртача тезлик: 40 Мбит/с', TRUE, 'Google Trends таҳлили', 'Интернет қоплами 100% ва 40 Мбит/с тезлик (республика ўртачасидан юқори) — цифровой фаоллик учун техник замин тайёр, аммо маҳаллий трендларни кузатиш учун МФЙ-даражасида сўров механизми зарур. Аҳоли-бизнес сўрови соф баланс +30 — салоҳияти катта, салбий 25% сабабларини аниқлаб мишен-тадбирларни шу сегментга йўналтириш самарали. AI бизнес-режа генерацияси ва қидирув трендлари таҳлилини туман сайтига интеграция қилиш орқали инвесторларга сигнал бериш тизимини яратиш тавсия этилади.', NULL, NULL, 1, TRUE, '2026-04-28 12:00:00+05'::TIMESTAMPTZ);
INSERT INTO indicators (indicator_id, district_id, no, slide, slide_no, name, description, value, found, source_org, ai_insight, kpi_count, kpi_pct, load_no, final_flag, date_modify) VALUES (300, 8, 7, 2, '2', 'Ичимлик суви билан таъминланганлик', 'Аҳолининг тоза ичимлик сув билан таъминланганлик даражаси (%)', 'Таъминланганлик (%): 2021: 54,8 | 2022: 57,1 | 2023: 62,4 | 2024: 66,2 | 2025: 69,5 (%) | 5 йиллик ўсиш: +14,7 п.п. | Канализация тармоғи: 1,5% | Суғориш каналлари бетонлаш: 27% | Шошилинч муаммолар рўйхатидаги ўрни: №1', TRUE, 'Сувоқа (Сув таъминоти корхонаси)', 'Термиз тумани 2025 йилда 69,5% ичимлик сув қопламига эга — 5 йилда 14,7 п.п. ўсиш, яхши темп, аммо ҳали ҳам аҳолининг 30,5% (тахминан 27 400 киши) тоза сувдан узоқ. Канализация қамрови 1,5% — кескин паст, санитария хавфи ва ёр остидаги сув манбаини ифлослантириш хатарини туғдиради. 2030 йилгача 95%+ қопламга етиш учун йиллик ўсишни 2,94 п.п. дан 5 п.п. гача ошириш лозим; 2026 инфратузилма қарорлари лойиҳасига қўшимча 30-40 млрд сўм йўналтириш мақсадга мувофиқ.', NULL, NULL, 1, TRUE, '2026-04-28 12:00:00+05'::TIMESTAMPTZ);
INSERT INTO indicators (indicator_id, district_id, no, slide, slide_no, name, description, value, found, source_org, ai_insight, kpi_count, kpi_pct, load_no, final_flag, date_modify) VALUES (301, 8, 8, 2, '2', 'Ички йўллар ва логистика инфратузилмаси', 'Қаттиқ қопламали йўллар улуши, темир йўл яқинлиги ва юк айланмаси', 'Жами: Йўл инфратузилмаси | Умумий йўллар узунлиги: 893 км | Асфальтланган: 87% (786 км) | Қопламасиз: 13% (107 км) | Темир йўл станциясигача: 1,2 км | Юк айланмаси: 8 769,7 минг тонна/йил | Транзит артериялар: 4Р-206 ва М-39А', TRUE, 'Йўл хўжалиги бўлими', 'Туман йўлларининг 87% асфальтланган — республика ўртачасидан юқори, темир йўл стансиясига 1,2 км яқинлик Термизни Сурхондарё логистика марказига айлантириш учун кучли замин яратади. Қолган 13% (106,7 км) қаттиқ қопламасиз йўллар чекка МФЙ ва фермер ҳудудида — таъмирлаш агросектор учун меҳнат ҳаражатини 8-12% га камайтиради. 4Р-206 ва М-39А транзит артерия, ички МФЙ-йўллари учун 2026-2028 алоҳида дастур (120-150 млрд сўм) ишлаб чиқиш зарур.', NULL, NULL, 1, TRUE, '2026-04-28 12:00:00+05'::TIMESTAMPTZ);
INSERT INTO indicators (indicator_id, district_id, no, slide, slide_no, name, description, value, found, source_org, ai_insight, kpi_count, kpi_pct, load_no, final_flag, date_modify) VALUES (302, 8, 9, 2, '2', 'Электр таъминоти сифат даражаси', 'Узилишлар сони, модернизация эҳтиёжи ва газ таъминоти', 'Электр узилишлари: 4 марта/ой (йилига ~48) | Трансформаторлар эскирган: 31,7% | Линиялар алмаштириш керак: 31,3% | Газ билан таъминланганлик: 30% | Суюлтирилган газ билан таъминланганлик: 70% | Саноат зонаси ер фойдаланиш: 69,7% (кенгайиш имкони 30,3%) | Аҳоли зичлиги: 108,1 киши/км²', TRUE, 'Электр тармоқлари бошқармаси', 'Ойига 4 марта узилиш саноат учун сезиларли зарар манбаи — йирик корхоналар 73,5% ни ташкил этишини ҳисобга олиб, йиллик 10-15 млрд сўм йўқотишга олиб келиши мумкин. Трансформаторларнинг 31,7% ва линияларнинг 31,3% модернизация талаб қилиши — жами тармоқнинг учдан бири. Ҳажмни 4-5 йилга тақсимлаб, йилига 6-8% модернизация суратини сақлаш тавсия этилади. Газ таъминоти 30% — ичимлик сувдан ҳам паст; қуёш энергияси ва газлаштириш режасини биргаликда ишлаб чиқиш жуда муҳим.', NULL, NULL, 1, TRUE, '2026-04-28 12:00:00+05'::TIMESTAMPTZ);
INSERT INTO indicators (indicator_id, district_id, no, slide, slide_no, name, description, value, found, source_org, ai_insight, kpi_count, kpi_pct, load_no, final_flag, date_modify) VALUES (303, 8, 10, 2, '2', 'Ер тоифалари бўйича рўйхат', 'Туман ер фонди тузилмаси ва фойдаланиш', 'Жами: Ер ресурслари таҳлили | Умумий майдон: 83 444 га | Экин ерлари: 83 443 га | Яйлов: 10 977 га | Бошқа (шаҳар, саноат, ўрмон, йўл): 55 186 га | Суғориладиган ер: 9 021,6 га | Дон экин майдони: 2 900 га', TRUE, 'Кадастр агентлиги', 'Ер қўмитаси ва Статистика бўлими рақамларида номутаносиблик мавжуд — стратегик қарорлар учун ягона реестр яратиш биринчи ишдир. Суғориладиган ер улуши атиги 9 021,6 га (экин ерларининг 10,8%) — жуда паст, сув танқислиги SWOT-таҳдидлар ичида №1. Томчилатиб суғориш технологияси учун 500-1 000 га пилот лойиҳа 2026-йилда 20-30% сув тежаш беради. Олма боғларига 529 га қўшимча стратегик тўғри қадам, аммо сабзавот/гўшт қайта ишлаш 0% эканини ҳисобга олиб, олма шираси/қуритма корхонаси биргаликда лойиҳалаш лозим.', NULL, NULL, 1, TRUE, '2026-04-28 12:00:00+05'::TIMESTAMPTZ);
INSERT INTO indicators (indicator_id, district_id, no, slide, slide_no, name, description, value, found, source_org, ai_insight, kpi_count, kpi_pct, load_no, final_flag, date_modify) VALUES (304, 8, 11, 2, '2', 'Жамоат транспортидан фойдаланиш', 'Йўловчи ва юк ташиш ҳажмлари', 'Йўловчи ташиш: 6 602,7 минг/йил | Юк ташиш: 8 769,7 минг тонна/йил | Аҳоли жон бошига ташиш: ~73,6 йўловчилик/киши/йил (кунига ~0,20) | Юк зичлиги: ~97,8 тонна/км² | Йўллар узунлиги: 821 км | Транспорт инфратузилмаси: Темир йўл 1,2 км, М-39А магистрал, 4Р-206 йўли', TRUE, 'Статистика бўлими', 'Аҳоли жон бошига кунига 0,20 йўловчилик — республика ўртачасидан паст, жамоат транспорти маршрутлари камлиги ёки хусусий транспортга боғлиқлик юқорилигидан далолат. Юк ташиш 8,77 млн тонна (темир йўлга 1,2 км) Термизни Сурхондарё транзит логистика марказига айлантириш имкониятини кўрсатади — экспорт 121 млн $ га ўсгани тасдиқлайди. Очиқ омборхоналар (17 та, 29 090 м²) ҳажмини 2-3 бараварга ошириш, замонавий контейнер майдони ва мультимодал алоқани кучайтириш тавсия этилади. Ички маршрутларга электр-автобуслар киритиш давомли ёқилғи тежайди.', NULL, NULL, 1, TRUE, '2026-04-28 12:00:00+05'::TIMESTAMPTZ);
INSERT INTO indicators (indicator_id, district_id, no, slide, slide_no, name, description, value, found, source_org, ai_insight, kpi_count, kpi_pct, load_no, final_flag, date_modify) VALUES (305, 8, 12, 3, '3', 'Мактабгача таълим қамрови', 'Мактабгача таълим муассасаларига қамраб олинганлик (%)', 'Жами: МТТ таҳлили | Қамраб олиш даражаси: 91,1% | 3-7 ёшли болалар: 8 050 нафар | Қамраб олинган: 7 330 нафар | Жами МТТ: 113 та | Давлат МТТ: 18 та | ДХШ: 10 та | Хусусий: 1 та | Оилавий: 84 та', TRUE, 'Мактабгача ва мактаб таълими бошқармаси', '89,6% мактабгача таълим қоплами — республика бўйича яхши натижа (ўртача 75-80%); 2030 йилгача 95-97% га етиб бориш реал мақсад. Қолган 10,4% одатда қишлоқ ва чекка МФЙ ларда — мобил богча ва оилавий богча модели самарадор ечим. 11 та мактаб 2 сменада ишлаши — 5-7 йилда аҳоли ўсиши (2021→2025: +11,7%) билан кучайиш хавфини кўрсатади; 2026-2031 инвестиция режасида мактаб-богча қурилиши учун алоҳида устунлик бўлимини ажратиш тавсия этилади. Ёшлар ишсизлиги 909 киши атрофида — мактабгача таълим сифат индикаторларини ҳам мониторинг рўйхатига киритиш лозим.', NULL, NULL, 1, TRUE, '2026-04-28 12:00:00+05'::TIMESTAMPTZ);
INSERT INTO indicators (indicator_id, district_id, no, slide, slide_no, name, description, value, found, source_org, ai_insight, kpi_count, kpi_pct, load_no, final_flag, date_modify) VALUES (306, 8, 13, 3, '3', 'Меҳнат ресурслари', 'Инсон капитали ва меҳнат салоҳияти динамикаси', 'Аҳоли сони (минг киши): 2021: 80,3 | 2022: 82,3 | 2023: 84,7 | 2024: 87,2 | 2025: 89,7 | Меҳнат ресурслари (минг киши): 2021: 59,0 | 2022: 54,1 | 2023: 44,0 | 2024: 44,8 | 2025: 47,2 | Банд аҳоли (минг киши): 2021: 42,0 | 2022: 39,0 | 2023: 30,5 | 2024: 30,7 | 2025: 29,6', TRUE, 'Статистика бўлими / Бандлик маркази', 'Туманда доимий аҳоли сони барқарор ўсиб бормоқда (йилига ўртача 2,3%). Меҳнат ресурсларининг самарадорлигини ошириш учун «драйвер» соҳаларга (хизмат кўрсатиш ва логистика) урғу бериш, демографик ўсишни иқтисодий имкониятга айлантириш лозим.', NULL, NULL, 1, TRUE, '2026-04-28 12:00:00+05'::TIMESTAMPTZ);
INSERT INTO indicators (indicator_id, district_id, no, slide, slide_no, name, description, value, found, source_org, ai_insight, kpi_count, kpi_pct, load_no, final_flag, date_modify) VALUES (307, 8, 14, 3, '3', 'Бандликни ошириш имкониятлари', 'Меҳнат бозори резервлари ва норасмий бандлик', 'Қайтган мигрантлар сони (киши): 2021: 642 | 2022: 687 | 2023: 931 | 2024: 767 | 2025: 835 | Норасмий бандлик: 3 384 киши | Норасмий секторда йиллик солиқ йўқотиши: 15 млрд сўм', TRUE, 'Бандлик маркази', 'Миграциядан қайтган фуқароларнинг тажрибасини маҳаллий ишлаб чиқаришга йўналтириш учун «Мигрантдан — тадбиркор» дастурини кенгайтириш лозим. Норасмий сектордаги 3,3 минг нафар аҳолини ўзини-ўзи банд қилиш орқали легаллаштириш солиқ базасини кенгайтиришнинг асосий манбаидир.', NULL, NULL, 1, TRUE, '2026-04-28 12:00:00+05'::TIMESTAMPTZ);
INSERT INTO indicators (indicator_id, district_id, no, slide, slide_no, name, description, value, found, source_org, ai_insight, kpi_count, kpi_pct, load_no, final_flag, date_modify) VALUES (308, 8, 15, 3, '3', 'Ишсизлик кўрсаткичлари', '1789 нафар ишсиз (5.6%)', 'Ишсизлик (%): 2021: 10,1 | 2022: 9,1 | 2023: 8,1 | 2024: 6,4 | 2025: 5,6 (%) | Ишсизлар сони: 2021: 4647 | 2022: 3906 | 2023: 2674 | 2024: 2084 | 2025: 1749', TRUE, 'Бандлик маркази', 'Туманда ишсизлик даражаси сўнгги 5 йилда деярли икки баробарга камайган. Эндиги вазифа ишсизликни 5,3% га тушириш учун бўш иш ўринлари ярмаркаларини «маҳаллабай» кесимида ташкил этиш ва ёшларни меҳнат бозори талабларига мослаштиришдир.', 1749, 5.6, 1, TRUE, '2026-04-28 12:00:00+05'::TIMESTAMPTZ);
INSERT INTO indicators (indicator_id, district_id, no, slide, slide_no, name, description, value, found, source_org, ai_insight, kpi_count, kpi_pct, load_no, final_flag, date_modify) VALUES (309, 8, 16, 3, '3', 'Камбағаллик кўрсаткичлари', '787 нафар камбағал оила (4.6%)', 'Камбағаллик (%): 2021: 9,2 | 2022: 8,4 | 2023: 7,8 | 2024: 7,7 | 2025: 6,4 (%) | Камбағал оилалар: 2021: 1632 | 2022: 1360 | 2023: 1133 | 2024: 944 | 2025: 787', TRUE, 'Статистика бўлими', 'Камбағалликни қисқартиришда оилавий тадбиркорлик дастурлари муҳим роль ўйнамоқда. Қолган 787 та камбағал оилани «Темир дафтар»дан чиқариш учун ҳар бир хонадоннинг ички имкониятларини (томорқа, чорвачилик) тўлиқ ишга солиш бўйича микро-лойиҳалар тавсия этилади.', 787, 6.4, 1, TRUE, '2026-04-28 12:00:00+05'::TIMESTAMPTZ);
INSERT INTO indicators (indicator_id, district_id, no, slide, slide_no, name, description, value, found, source_org, ai_insight, kpi_count, kpi_pct, load_no, final_flag, date_modify) VALUES (310, 8, 17, 3, '3', '«Барқарор келажак» — ёшлар даромадини ошириш', 'Ёшлар бандлиги ва ўртача маош динамикаси', 'Ўртача ойлик маош (минг сўм): 2021: 2185 | 2022: 2833 | 2023: 3282 | 2024: 3594 | 2025: 4775 | Ёшлар ишсизлиги (16-30 ёш): 909,5 киши', TRUE, 'Бандлик маркази', 'Ўртача маошнинг йиллик ўсиши 20% дан юқори бўлаётгани ёшлар учун меҳнат бозорининг жозибадорлигини оширади. Ёшлар даромадини янада кўпайтириш учун уларни юқори қўшимча қийматга эга бўлган IT, замонавий иссиқхона хўжалиги ва логистика соҳаларига йўналтириш лозим.', NULL, NULL, 1, TRUE, '2026-04-28 12:00:00+05'::TIMESTAMPTZ);
INSERT INTO indicators (indicator_id, district_id, no, slide, slide_no, name, description, value, found, source_org, ai_insight, kpi_count, kpi_pct, load_no, final_flag, date_modify) VALUES (311, 8, 18, 3, '3', 'Аёллар бандлиги ва даромадини ошириш', 'Аёллар ишсизлиги ва ижтимоий қўллаб-қувватлаш', 'Жами: 839,5 нафар аёллар ишсиз | Аёллар ишсизлиги: 839,5 киши | Бола нафақаси олувчи оилалар: 2 237 та | Кам таъминланган оилалар: 2 265 та', TRUE, 'Бандлик маркази / Ижтимоий ҳимоя', 'Аёллар орасидаги ишсизлик ва ижтимоий нафақага боғлиқликни камайтириш учун маҳаллаларда «Аёллар дафтари» орқали ҳунармандчилик ва касаначилик марказларини ташкил этиш, аёлларнинг бизнес ташаббусларини 100% қўллаб-қувватлаш лозим.', NULL, NULL, 1, TRUE, '2026-04-28 12:00:00+05'::TIMESTAMPTZ);
INSERT INTO indicators (indicator_id, district_id, no, slide, slide_no, name, description, value, found, source_org, ai_insight, kpi_count, kpi_pct, load_no, final_flag, date_modify) VALUES (312, 8, 19, 3, '3', 'Термиз туманидаги олий таълим муассасалари', 'Университетлар, талабалар сони ва қувватлар', 'Жами: 1 та ОТМ, 10 840 та талаба | Термиз давлат педагогика институти: қуввати 5 080 ўрин, талаба сони 10 840 | Талабалар сони ўрин сонидан 5 760 тага кўп (213,4%)', TRUE, 'Ҳокимият', 'Термиз давлат педагогика институтида талабалар сони қувватидан 2,1 баробар кўп (5 080 ўринга 10 840 талаба) — бу юкланиш таълим сифатига салбий таъсир кўрсатиши мумкин. Тавсия: (1) институт кампусини кенгайтириш ёки янги бино қуриш; (2) масофавий таълим технологияларини жорий этиш; (3) битирувчиларни туман мактабларига ва маҳаллий корхоналарга мақсадли жойлаштириш тизимини яратиш. Педагогик кадрлар тайёрлаш базаси мавжуд бўлгани учун тумандаги 11 та 2-сменали мактаб муаммосини ҳал қилишда ушбу институтдан фойдаланиш лозим.', NULL, NULL, 1, TRUE, '2026-04-28 12:00:00+05'::TIMESTAMPTZ);
INSERT INTO indicators (indicator_id, district_id, no, slide, slide_no, name, description, value, found, source_org, ai_insight, kpi_count, kpi_pct, load_no, final_flag, date_modify) VALUES (313, 8, 20, 3, '3', 'Термиз туманидаги техникумлар', 'Касб-ҳунар таълим муассасалари, ўқувчилар ва қувватлар', 'Жами: 1 та техникум, 554 та ўқувчи | Сурхондарё илғор касбий махорат техникуми: қуввати 554 ўрин, ўқувчилар сони 554 (100%)', TRUE, 'Ҳокимият', 'Туманда атиги 1 та техникум мавжуд бўлиб, у тўлиқ банд (100%). Ёшлар ишсизлиги 909,5 кишини ташкил этишини ва қайтган мигрантлар 835 кишига етганини ҳисобга олсак, касб-ҳунар таълими қуввати етарли эмас. Тавсия: (1) 2-чи техникум очиш ёки мавжудини кенгайтириш (қувватни 1 000 ўринга етказиш); (2) тоғ-кон, логистика ва қурилиш материаллари ишлаб чиқариш бўйича қисқа муддатли курслар йўлга қўйиш; (3) «Айратом» ЭИЗ корхоналари билан дуал таълим шартномалари тузиш.', NULL, NULL, 1, TRUE, '2026-04-28 12:00:00+05'::TIMESTAMPTZ);
INSERT INTO indicators (indicator_id, district_id, no, slide, slide_no, name, description, value, found, source_org, ai_insight, kpi_count, kpi_pct, load_no, final_flag, date_modify) VALUES (314, 8, 21, 4, '4', 'Сунъий интеллект куни ва ходимлар малакаси', 'Банкда СИ кўникмаларини мунтазам ошириш дастури', 'Жами: СИ малака ошириш дастури (Термиз филиали қамрови — 100%) | «Сунъий интеллект куни» — ҳар пайшанба | Онлайн ўқитиш тизими жорий (LMS) | Раҳбар ходимлар ўқувларни тўлиқ якунлади', TRUE, 'SQB', 'Термиз филиали ходимларининг СИ саводхонлигини ошириш орқали мижозларга (айниқса, тадбиркорларга) кредит ажратишда скоринг таҳлилларини тезлаштириш мумкин. Ҳафталик «СИ куни» доирасида ходимларга маҳаллабай ишлаш тизимида маълумотларни йиғиш ва қайта ишлаш бўйича СИ ботларидан фойдаланишни ўргатиш филиал самарадорлигини 20% га оширади. Кейинги босқичда мижозлар билан ишлашда СИ асосидаги «виртуал ёрдамчи»ларни жорий этиш тавсия этилади.', NULL, NULL, 1, TRUE, '2026-04-28 12:00:00+05'::TIMESTAMPTZ);
INSERT INTO indicators (indicator_id, district_id, no, slide, slide_no, name, description, value, found, source_org, ai_insight, kpi_count, kpi_pct, load_no, final_flag, date_modify) VALUES (315, 8, 22, 4, '4', 'Раҳбарлар ва банкирларни СИ га ўқитиш', 'Ҳоким, банк раҳбарлари ва маҳалла банкирларини босқичма-босқич ўқитиш', 'Жами: 4 босқичли СИ ўқитиш | 1-босқич: Ҳоким ва ўринбосарлар — стратегия | 2-босқич: Филиал раҳбарлари — скоринг ва риск | 3-босқич: Маҳалла банкирлари — мижоз хизмати | 4-босқич: МФЙ раислари ва ҳоким ёрдамчилари — маълумотлар таҳлили', TRUE, 'SQB', 'Термиз тумани стратегик ривожланиш режасини тузишда раҳбарларнинг СИ воситаларидан фойдаланиши маълумотлар асосида (data-driven) қарор қабул қилиш тезлигини 3 баробар оширади. Маҳалла банкирларига мижознинг кредит лаёқатини СИ орқали олдиндан баҳолаш (pre-scoring) кўникмаларини бериш, банкнинг рискларини камайтириш ва аҳолига хизмат кўрсатиш сифатини янги босқичга олиб чиқади.', NULL, NULL, 1, TRUE, '2026-04-28 12:00:00+05'::TIMESTAMPTZ);
INSERT INTO indicators (indicator_id, district_id, no, slide, slide_no, name, description, value, found, source_org, ai_insight, kpi_count, kpi_pct, load_no, final_flag, date_modify) VALUES (316, 8, 23, 4, '4', 'Аҳолини СИ орқали тадбиркорликка ўқитиш', 'Фуқароларни СИ платформаси орқали касб танлаш ва тадбиркорликка тайёрлаш', 'СИ таҳлили: кўникма ва қизиқиш аниқланади | СИ-ментор (чатбот): индивидуал ўқув дастури | Тадбиркорлик: бизнес-режа + микрокредит | Касб: тайёр иш ўринларига йўналтириш', TRUE, 'SQB', 'СИ платформаси орқали ҳар бир фуқаро индивидуал баҳоланади: кўникмаси кучли бўлганлар ишга, тадбиркорлик қобилияти борлар бизнесга йўналтирилади. Мақсад: 80% иштирокчи 3 ой ичида даромадли фаолиятга ўтади. СИ скоринг натижалари маҳалла банкирларига ҳам тақдим этилиб, кредит ажратишда қўшимча маълумот сифатида фойдаланилади.', NULL, NULL, 1, TRUE, '2026-04-28 12:00:00+05'::TIMESTAMPTZ);
INSERT INTO indicators (indicator_id, district_id, no, slide, slide_no, name, description, value, found, source_org, ai_insight, kpi_count, kpi_pct, load_no, final_flag, date_modify) VALUES (317, 8, 24, 4, '4', '«SQB AI Advisor» — ақлли ёрдамчи платформа', 'Маҳалла банкирлари ва тадбиркорларга СИ ёрдами берувчи платформа', 'Жами: SQB AI Advisor функциялари | СИ маслаҳатчи чат-боти: тадбиркорлик, ҳуқуқий, молиявий саволларга жавоб | Бизнес-режа генератори: автоматик тузиш | Кредит мослаштириш: мижозга мос маҳсулот | KPI мониторинг: маҳалла агенти самарадорлиги | Прогноз: даромадни ошириш тавсиялари', TRUE, 'SQB', '«SQB AI Advisor» платформаси маҳалла банкири ва тадбиркорларга кундалик ишларда СИ ёрдамини беради: мижозларга автоматик маслаҳат, бизнес-режа генератори, кредит мослаштириш ва самарадорлик мониторинги.', NULL, NULL, 1, TRUE, '2026-04-28 12:00:00+05'::TIMESTAMPTZ);
INSERT INTO indicators (indicator_id, district_id, no, slide, slide_no, name, description, value, found, source_org, ai_insight, kpi_count, kpi_pct, load_no, final_flag, date_modify) VALUES (318, 8, 25, 4, '4', 'Маҳалла ихтисослашуви', 'Маҳаллаларнинг иқтисодий фаолият йўналишлари ва тоифаланиши', 'Жами: 30 та маҳалла | Маҳалла тоифалари: Енгил: 18 та | Ўрта: 12 та | Оғир: 0 та | Сабзавотчилик (картошка/карам): 8 та МФЙ | Асосий йўналишлар: Боғдорчилик, Деҳқончилик, Паррандачилик, Чорвачилик', TRUE, 'МФЙ агентлиги', 'Термиз туманида «оғир» тоифадаги маҳаллаларнинг мавжуд эмаслиги (0 та) ижобий кўрсаткич. Бироқ, маҳаллаларнинг 40% (12 та) ҳали «ўрта» тоифада қолмоқда. Уларни «енгил» тоифага ўтказиш учун ипакчилик (30 та МФЙ) ва боғдорчиликдаги хомашёни қайта ишлаш даражасини ошириш лозим.', NULL, NULL, 1, TRUE, '2026-04-28 12:00:00+05'::TIMESTAMPTZ);
INSERT INTO indicators (indicator_id, district_id, no, slide, slide_no, name, description, value, found, source_org, ai_insight, kpi_count, kpi_pct, load_no, final_flag, date_modify) VALUES (319, 8, 26, 4, '4', 'Маҳалла драйвер секторлари', 'Иқтисодий ўсишни таъминловчи асосий тармоқлар (SWOT таҳлил асосида)', 'Қишлоқ хўжалиги: Мева-сабзавот ва олма (529 га янги боғ) | Туризм ва хизмат: Учқизил сув омбори туристик зонаси | Транспорт ва логистика: Халқаро магистрал йўллар тугуни | Саноат: Саноат зоналарини кенгайтириш ва қурилиш материаллари (оҳактош, қум-шағал)', TRUE, 'Туман ҳокимияти / SQB', 'Туманнинг кучли томони транспорт логистикаси ва экспорт салоҳиятидир. Аммо гўшт ва сабзавотни қайта ишлаш кўрсаткичи ҳозирда 0% ни ташкил этмоқда. Асосий драйвер сифатида агросервис ва саноат зоналарида тайёр маҳсулот ишлаб чиқаришни йўлга қўйиш, шу орқали норасмий иқтисодиёт улушини (27,3%) камайтириш тавсия этилади.', NULL, NULL, 1, TRUE, '2026-04-28 12:00:00+05'::TIMESTAMPTZ);
INSERT INTO indicators (indicator_id, district_id, no, slide, slide_no, name, description, value, found, source_org, ai_insight, kpi_count, kpi_pct, load_no, final_flag, date_modify) VALUES (320, 8, 27, 4, '4', 'Микролойиҳалар сони ва иш ўринлари', 'Йиллик кредит режа, иш ўринлари ва банклар бўйича маҳалла тақсимоти', 'Жами: 300 та микролойиҳа амалга оширилади | Иш ўринлари: 700 та | Жами маҳаллалар: 30 та | Трастбанк: 140 та лойиҳа | Агробанк: 90 та лойиҳа | Саноатқурилишбанк (SQB): 40 та лойиҳа | Бизнесни ривожлантириш банк: 20 та лойиҳа | Халқбанк: 10 та лойиҳа', TRUE, 'Бандлик бўлими / Туман ҳокимияти', 'Термиз туманидаги 30 та МФЙда 300 та микролойиҳа режалаштирилган. 6 та маҳалла банкири ҳар бир лойиҳани бошидан охиригача кузатиб боради. Банкирлар вазифалари: (1) лойиҳани танлаш ва скоринг; (2) кредит расмийлаштиришда ёрдам; (3) лойиҳа амалга оширилишини мониторинг; (4) тадбиркорларга молиявий маслаҳат.', NULL, NULL, 1, TRUE, '2026-04-28 12:00:00+05'::TIMESTAMPTZ);
INSERT INTO indicators (indicator_id, district_id, no, slide, slide_no, name, description, value, found, source_org, ai_insight, kpi_count, kpi_pct, load_no, final_flag, date_modify) VALUES (321, 8, 28, 4, '4', 'SQB рақамли хизматлари', 'SQB банкнинг рақамли ва мобил молиявий хизматлар экотизими', 'Жами: 3 та рақамли платформа | SQB Mobile: жисмоний шахслар учун мобил банк | SQB Business: юридик шахслар учун онлайн бухгалтерия | SQB AI Advisor: СИ асосидаги молиявий маслаҳатчи', TRUE, 'SQB', 'СИ асосидаги «AI Advisor» мавжудлиги сабабли, кредит скоринги ва инвестиция таҳлилини тўлиқ автоматлаштириш керак. Масофавий молиявий амалиётларни кенгайтириш учун мижозларни «Mobile» ва «Business» платформаларига фаол ўтказиш лозим.', NULL, NULL, 1, TRUE, '2026-04-28 12:00:00+05'::TIMESTAMPTZ);
INSERT INTO indicators (indicator_id, district_id, no, slide, slide_no, name, description, value, found, source_org, ai_insight, kpi_count, kpi_pct, load_no, final_flag, date_modify) VALUES (322, 8, 29, 4, '4', '«HAMROH» хотин-қизлар тадбиркорлиги', 'Хотин-қизлар учун махсус молиявий дастур', 'Жами: Оилавий тадбиркорлик дастури | Иштирокчи банклар: SQB ва бошқа тижорат банклари | Фоиз ставкаси: 1% | Максимал сумма: 300 млн сўм | Муддат: 3 йилгача | Имтиёзли давр: 3–6 ой', TRUE, 'Марказий банк', 'HAMROH — хотин-қизлар тадбиркорлигини қўллаб-қувватлашнинг энг катта давлат дастури. Тавсия: маҳалла банкирлари орқали аёлларни актив жалб қилиш, бизнес тренинглар ташкил этиш ва муваффақиятли намуналарни кенг оммавий таништириш.', NULL, NULL, 1, TRUE, '2026-04-28 12:00:00+05'::TIMESTAMPTZ);
INSERT INTO indicators (indicator_id, district_id, no, slide, slide_no, name, description, value, found, source_org, ai_insight, kpi_count, kpi_pct, load_no, final_flag, date_modify) VALUES (323, 8, 30, 4, '4', 'Ишсизлик юқори маҳаллаларни ривожлантириш режаси', 'SQB томонидан 3 та маҳаллада 240 нафар ишсизни бандликка жалб қилиш режаси', 'Жами: 3 та маҳалла, 240 нафар ишсиз | Гулбаҳор: 83 нафар (5,5%) — аёллар 35, эркаклар 30, ёшлар 18 | Халқобод: 80 нафар (5,7%) — аёллар 32, эркаклар 33, ёшлар 15 | Янгиҳаёт: 77 нафар (5,6%) — аёллар 30, эркаклар 28, ёшлар 19 | Таркиб: ёшлар 22%, аёллар 40%, эркаклар 38% | Кредит маҳсулотлари: Ёшлар бизнесда, Ҳамроҳ (аёллар), Маҳалла лойиҳаси | Микролойиҳалар: 30 та, 240 та иш ўрни, 0,6 млрд сўм', TRUE, 'SQB', 'Аниқланган 3 та маҳаллада ишсизлик даражаси 5,5–5,7% атрофида бўлиб, асосий улушни аёллар (40%) ташкил қилади. «Бир маҳалла — бир драйвер йўналиш» модели жорий қилиниши мақсадга мувофиқ. Ишсиз аҳолини сегментация қилиб, 2–3 ойлик тезкор цикл орқали микролойиҳаларга жалб қилиш ва бандликни таъминлаш мумкин.', NULL, NULL, 1, TRUE, '2026-04-28 12:00:00+05'::TIMESTAMPTZ);
INSERT INTO indicators (indicator_id, district_id, no, slide, slide_no, name, description, value, found, source_org, ai_insight, kpi_count, kpi_pct, load_no, final_flag, date_modify) VALUES (324, 8, 31, 4, '4', '«Ҳар бир оила — тадбиркор» дастури', 'Оилавий тадбиркорлик учун имтиёзли кредит', 'Жами: Оилавий тадбиркорлик дастури | Иштирокчи банклар: Халқ банки, Микрокредит банк, Агробанк | Фоиз ставкаси: 1% | Максимал сумма: 300 млн сўм | Муддат: 3 йилгача | Имтиёзли давр: 3–6 ой', TRUE, 'Марказий банк', 'Оилавий тадбиркорликни кўпайтириш учун SQB AI Advisor платформасидан фойдаланиш тавсия этилади. Платформа орқали кредит скоринги, бизнес-режа тузиш ва молиявий маслаҳат олиш имконияти мавжуд. Маҳалла банкирлари ҳар бир оилани платформага йўналтириш ва имтиёзли кредитдан самарали фойдаланишга ёрдам бериши керак.', NULL, NULL, 1, TRUE, '2026-04-28 12:00:00+05'::TIMESTAMPTZ);
INSERT INTO indicators (indicator_id, district_id, no, slide, slide_no, name, description, value, found, source_org, ai_insight, kpi_count, kpi_pct, load_no, final_flag, date_modify) VALUES (325, 8, 32, 5, '5', 'Транспорт-логистика маркази: Жанубий дарвоза', 'Темир йўл ва халқаро йўллар кесишувидаги стратегик нуқта', 'Темир йўл станциясигача: 1,2 км | Автомобиль йўллари: 821 км | Вилоят марказигача: 12 км | Асосий устунлик: Транспорт логистикаси ва экспорт салоҳияти', TRUE, 'Ҳокимият / Статистика', 'Термиз туманининг Афғонистон билан чегарадошлиги ва темир йўлнинг яқинлиги (1,2 км) уни халқаро логистика марказига айлантириш учун катта имконият беради. «Қуруқ порт» (Dry Port) ва божхона терминалларини кенгайтириш, экспортга йўналтирилган маҳсулотларни шу ернинг ўзида қадоқлаш ва жўнатиш тизимини яратиш лозим.', NULL, NULL, 1, TRUE, '2026-04-28 12:00:00+05'::TIMESTAMPTZ);
INSERT INTO indicators (indicator_id, district_id, no, slide, slide_no, name, description, value, found, source_org, ai_insight, kpi_count, kpi_pct, load_no, final_flag, date_modify) VALUES (326, 8, 33, 5, '5', 'Учқизил сув омбори ва экотуризм', 'Сув бўйида дам олиш ва рекреацион зона яратиш имконияти', 'Жорий сайёҳлар: 5 000 киши/йил | Режа: 8 000 киши | Инвестиция лойиҳаси: Термиз курорт шаҳри (2026-2028) | Бюджет: 50 млрд сўм', TRUE, 'Туризм бошқармаси', 'Учқизил сув омбори негизида замонавий дам олиш зоналари ва сув спорти объектларини ташкил этиш керак. 50 млрд сўмлик инвестиция дастури доирасида ҳудудни «Термиз курорт шаҳри» бренди остида тарғиб қилиш ва сайёҳлар сонини 1,5 бараварга ошириш учун меҳмон уйлари ва эко-кемпинглар сонини кўпайтириш тавсия этилади.', NULL, NULL, 1, TRUE, '2026-04-28 12:00:00+05'::TIMESTAMPTZ);
INSERT INTO indicators (indicator_id, district_id, no, slide, slide_no, name, description, value, found, source_org, ai_insight, kpi_count, kpi_pct, load_no, final_flag, date_modify) VALUES (327, 8, 34, 5, '5', 'Эркин иқтисодий ва кичик саноат зоналари', '«Айратом» ЭИЗ ва «Нурафшон» КСЗ салоҳияти', 'ЭИЗ «Айратом»: 4 корхона, 182 иш ўрни | КСЗ «Нурафшон ва Бунёдкор»: 9 корхона, 122 иш ўрни | Ихтисослашув: Саноат ва ишлаб чиқариш', TRUE, 'Инвестиция бўлими', 'Мавжуд саноат зоналарида бўш турган майдонларга юқори технологик корхоналарни жалб қилиш лозим. Айниқса, Афғонистон бозори учун зарур бўлган қурилиш материаллари ва тайёр озиқ-овқат маҳсулотлари ишлаб чиқаришни йўлга қўйиш орқали саноат ҳажмини 2025 йилдаги 1 715 млрд сўмлик кўрсаткичдан янада ошириш мумкин.', NULL, NULL, 1, TRUE, '2026-04-28 12:00:00+05'::TIMESTAMPTZ);
INSERT INTO indicators (indicator_id, district_id, no, slide, slide_no, name, description, value, found, source_org, ai_insight, kpi_count, kpi_pct, load_no, final_flag, date_modify) VALUES (328, 8, 35, 5, '5', 'Тоғ-кон хомашёси захиралари', 'Табиий ресурслардан саноатда фойдаланиш', 'Оҳактош: 7 313,9 минг м³ | Қум-шағал: 25,1 минг тонна | Янги иш ўринлари режаси: 2027 йилгача 265 та', TRUE, 'Геология қўмитаси', 'Тумандаги улкан оҳактош захиралари қурилиш кластерларини ташкил этиш учун тайёр хомашё базасидир. Хомашёни шунчаки қазиб олиш эмас, балки уни қайта ишлаб, юқори қўшилган қийматли қурилиш қоришмалари ва пардозлаш материаллари ишлаб чиқаришни йўлга қўйиш, бу орқали экспорт тушумини ошириш зарур.', NULL, NULL, 1, TRUE, '2026-04-28 12:00:00+05'::TIMESTAMPTZ);
INSERT INTO indicators (indicator_id, district_id, no, slide, slide_no, name, description, value, found, source_org, ai_insight, kpi_count, kpi_pct, load_no, final_flag, date_modify) VALUES (329, 8, 36, 5, '5', 'Жануб қуёши — арзон энергия манбаи', 'Муқобил энергия орқали таннархни пасайтириш', 'Жами: Қуёш энергияси салоҳияти | Қуёшли кунлар: 310+ кун/йил | Имконият: Саноат зоналари ва сув омбори атрофида кичик СЭСлар | Инвестиция: ПЧШ асосидаги лойиҳалар | Самара: Таннархни 15-20% камайтириш', TRUE, 'Энергетика вазирлиги', 'Сурхондарё вилоятининг қуёш радиацияси юқорилигидан фойдаланиб, «Айратом» ЭИЗ корхоналарининг томига қуёш панелларини ўрнатиш ва «Green Industrial Zone» концепциясини жорий этиш лозим. Бу маҳсулот таннархини 15-20% гача камайтиришга ва экспортда рақобатбардошликни оширишга хизмат қилади.', NULL, NULL, 1, TRUE, '2026-04-28 12:00:00+05'::TIMESTAMPTZ);
INSERT INTO indicators (indicator_id, district_id, no, slide, slide_no, name, description, value, found, source_org, ai_insight, kpi_count, kpi_pct, load_no, final_flag, date_modify) VALUES (330, 8, 37, 6, '6', 'Молиявий калибрлаш ва кредитлаш стратегияси', 'Кредит портфелини самарали йўналтириш', 'Умумий кредит ҳажми (2025): 1 366,1 млрд сўм | Кичик бизнес кредитлари: 475 млрд сўм | Микрокредит режаси: 467 млрд сўм', TRUE, 'SQB / Марказий банк', 'Кредитлашда асосий урғуни оилавий тадбиркорликдан кичик ва ўрта саноат лойиҳаларига ўтказиш лозим. 467 млрд сўмлик микрокредитларни тарқоқ эмас, балки маҳаллалар ихтисослашувидан келиб чиқиб, занжирли лойиҳаларга (масалан, бир маҳаллада фақат иссиқхона, бошқасида ҳунармандчилик) йўналтириш самарадорликни оширади.', NULL, NULL, 1, TRUE, '2026-04-28 12:00:00+05'::TIMESTAMPTZ);
INSERT INTO indicators (indicator_id, district_id, no, slide, slide_no, name, description, value, found, source_org, ai_insight, kpi_count, kpi_pct, load_no, final_flag, date_modify) VALUES (331, 8, 38, 6, '6', 'Инфратузилмавий ривожланиш 2026', '2026 йилда қабул қилинадиган муҳим қарорлар', 'Устувор йўналишлар: Сув тармоғини кенгайтириш | Янги трансформаторлар ўрнатиш | Ички йўлларни таъмирлаш', TRUE, 'Ҳокимият', 'Инфратузилма лойиҳаларини бевосита «Лойиҳа фабрикаси»даги истиқболли бизнес лойиҳалари билан мувофиқлаштириш керак. Яъни, янги трансформатор ва сув тармоғи аввало ишлаб чиқариш ва туризм объекти қурилаётган нуқталарга етиб бориши лозим. Бу давлат маблағларининг иқтисодий қайтимини тезлаштиради.', NULL, NULL, 1, TRUE, '2026-04-28 12:00:00+05'::TIMESTAMPTZ);
INSERT INTO indicators (indicator_id, district_id, no, slide, slide_no, name, description, value, found, source_org, ai_insight, kpi_count, kpi_pct, load_no, final_flag, date_modify) VALUES (332, 8, 39, 6, '6', 'Инсон капитали ва бандликни таъминлаш', 'Кадрлар етишмовчилиги муаммосини ҳал қилиш', 'Камбағал оилалар: 787 та (2025 режа) | Муаммо (SWOT): Малакали кадрлар етишмаслиги | Режа: Тоғ-кон секторида 2026 йилда 110 та иш ўрни', TRUE, 'Бандлик бошқармаси', 'Тумандаги кадрлар тақчиллигини бартараф этиш учун «Бандлик маркази» қошида тоғ-кон ва логистика соҳалари учун қисқа муддатли қайта тайёрлаш курсларини очиш зарур. «Айратом» ЭИЗдаги бўш иш ўринларига маҳаллий ёшларни тизимли равишда йўналтириш орқали камбағаллик даражасини кескин камайтириш мумкин.', NULL, NULL, 1, TRUE, '2026-04-28 12:00:00+05'::TIMESTAMPTZ);
INSERT INTO indicators (indicator_id, district_id, no, slide, slide_no, name, description, value, found, source_org, ai_insight, kpi_count, kpi_pct, load_no, final_flag, date_modify) VALUES (333, 8, 40, 6, '6', 'Лойиҳалар портфели ва экспорт', 'Янги қиймат занжирларини яратиш', 'Лойиҳалар сони: 17 та | Жами қиймати: 1 703 млрд сўм | Яратиладиган иш ўрни: 1 709 та', TRUE, 'Лойиҳа фабрикаси', '17 та йирик лойиҳанинг ҳар бири учун «Лойиҳа фабрикаси» механизми асосида индивидуал «йўл харитаси» ишлаб чиқиш керак. Мақсад — импорт ўрнини босувчи маҳсулотлар чиқариш ва Термиз туманининг экспорт улушини вилоятда 6-ўриндан (ҳозирги ҳолат) кучли 3-ликка олиб чиқиш.', NULL, NULL, 1, TRUE, '2026-04-28 12:00:00+05'::TIMESTAMPTZ);
INSERT INTO indicators (indicator_id, district_id, no, slide, slide_no, name, description, value, found, source_org, ai_insight, kpi_count, kpi_pct, load_no, final_flag, date_modify) VALUES (334, 8, 41, 6, '6', 'Минтақавий рейтинг ва ЯҲМ ўсиши', 'Туманнинг иқтисодий мавқеини мустаҳкамлаш', 'Жами: Минтақавий рейтинг таҳлили | Вилоятдаги ўрни: 6-ўрин (14 тадан) | Саноат ўсиш суръати (2025): 159,3% | Мақсад: Рейтингни 3-ўринга кўтариш', TRUE, 'Статистика бўлими', 'Туманнинг 6-ўринда эканлиги унинг потенциали ҳали тўлиқ ишга солинмаганини англатади. Саноат ўсиш суръатини (159%) сақлаб қолган ҳолда, хизмат кўрсатиш соҳасини (айниқса транзит хизматлар ва туризм) жадаллаштириш орқали рейтингни кўтариш мумкин. Хизматлар соҳасидаги статистик ҳисоб-китобларни шаффофлаштириш тавсия этилади.', NULL, NULL, 1, TRUE, '2026-04-28 12:00:00+05'::TIMESTAMPTZ);
INSERT INTO indicators (indicator_id, district_id, no, slide, slide_no, name, description, value, found, source_org, ai_insight, kpi_count, kpi_pct, load_no, final_flag, date_modify) VALUES (335, 8, 42, 6, '6', 'Стратегик якун: 2026-2027 мақсадлари', 'Термизни ривожлантиришнинг 3 та асосий устуни', 'Логистика ва Транзит (Афғонистон билан савдо) | Рекреацион Туризм (Учқизил ва Курорт шаҳар) | Саноат Кластерлари (Оҳактош ва Саноат зоналари)', TRUE, 'Ҳокимият / СИ таҳлили', 'Термиз тумани учун «24/7 фаол иқтисодий ҳудуд» моделини таклиф этамиз. Бунда кундузи саноат ва қишлоқ хўжалиги, кечаси эса логистика ва хизмат кўрсатиш объектлари тўлиқ қувватда ишлаши таъминланади. 2027 йилгача туманни «Жанубий иқтисодий драйвер»га айлантириш учун барча ресурс ва имкониятлар мавжуд.', NULL, NULL, 1, TRUE, '2026-04-28 12:00:00+05'::TIMESTAMPTZ);

-- districts for region: karakalpakstan
INSERT INTO districts (district_id, region_id, slug, name_uz, name_ru, name_en, district_name, json_file, has_data, type, year, total_cards, load_no, final_flag, date_modify) VALUES (9, 4, 'karakalpakstan_resp', 'Қорақалпоғистон Республикаси', 'Республика Каракалпакстан', 'Republic of Karakalpakstan', '', 'karakalpakstan.json', TRUE, 'respublika', NULL, 42, 1, TRUE, '2026-04-28 12:00:00+05'::TIMESTAMPTZ);
INSERT INTO hero_kpis (hero_kpi_id, district_id, metric_name, metric_value, metric_unit, load_no, final_flag, date_modify) VALUES (25, 9, 'Аҳоли', 2.02, 'млн киши', 1, TRUE, '2026-04-28 12:00:00+05'::TIMESTAMPTZ);
INSERT INTO hero_kpis (hero_kpi_id, district_id, metric_name, metric_value, metric_unit, load_no, final_flag, date_modify) VALUES (26, 9, 'Маҳалла', 452, 'та', 1, TRUE, '2026-04-28 12:00:00+05'::TIMESTAMPTZ);
INSERT INTO hero_kpis (hero_kpi_id, district_id, metric_name, metric_value, metric_unit, load_no, final_flag, date_modify) VALUES (27, 9, 'Оила', 499417, 'та', 1, TRUE, '2026-04-28 12:00:00+05'::TIMESTAMPTZ);
INSERT INTO hero_kpis (hero_kpi_id, district_id, metric_name, metric_value, metric_unit, load_no, final_flag, date_modify) VALUES (28, 9, 'Хонадон', 363147, 'та', 1, TRUE, '2026-04-28 12:00:00+05'::TIMESTAMPTZ);
INSERT INTO indicators (indicator_id, district_id, no, slide, slide_no, name, description, value, found, source_org, ai_insight, kpi_count, kpi_pct, load_no, final_flag, date_modify) VALUES (336, 9, 1, 1, '1', 'Макроиқтисодий кўрсаткичлар', 'Саноат, хизматлар ва ташқи савдо (2025 йил)', 'Жами: 2025 йил макроиқтисодий кўрсаткичлар | Саноат ҳажми: 29,1 трлн сўм | Хизматлар ҳажми: 35,2 трлн сўм | Экспорт ҳажми: 435,2 млн $ | Импорт ҳажми: 375,6 млн $ | Савдо сальдоси: +59,5 млн $', TRUE, 'Статистика ва Молия бўлимлари', 'Хизматлар соҳаси 5 йил ичида 4 баробар ўсган. Саноат ўсишини сақлаб қолиш учун маҳаллий хомашёни қайта ишлаш ва экспортни диверсификация қилиш лозим.', NULL, NULL, 1, TRUE, '2026-04-28 12:00:00+05'::TIMESTAMPTZ);
INSERT INTO indicators (indicator_id, district_id, no, slide, slide_no, name, description, value, found, source_org, ai_insight, kpi_count, kpi_pct, load_no, final_flag, date_modify) VALUES (337, 9, 2, 1, '1', 'Иқтисодиётнинг драйвер тармоқлари', 'Тармоқлар улуши ва ихтисослашув йўналишлари', 'Жами: Устувор тармоқлар таҳлили | Қишлоқ хўжалиги: 87,6% | Хизматлар: 74% | Саноат: 41,3%', TRUE, 'Ҳокимият ва Статистика бўлими', 'Қишлоқ хўжалигининг улуши юқори, бироқ саноат паст. Агро-саноат кластерлари орқали қишлоқ хўжалиги маҳсулотларини тайёр маҳсулотгача қайта ишлашни йўлга қўйиш керак.', NULL, NULL, 1, TRUE, '2026-04-28 12:00:00+05'::TIMESTAMPTZ);
INSERT INTO indicators (indicator_id, district_id, no, slide, slide_no, name, description, value, found, source_org, ai_insight, kpi_count, kpi_pct, load_no, final_flag, date_modify) VALUES (338, 9, 3, 1, '1', 'Саноат маҳсулотлари ишлаб чиқариш', 'Йирик ва кичик бизнеснинг ишлаб чиқариш ҳажми', 'Жами: Саноат ишлаб чиқариш таҳлили | Йирик корхоналар: 22,6 трлн сўм | Кичик бизнес: 31,5 трлн сўм | Очилган корхоналар: 3 602 та | Ёпилган корхоналар: 6 194 та', TRUE, 'Статистика бўлими', 'Ёпилган корхоналар сони очилганларидан юқори. Кичик саноат зоналари инфратузилмасини яхшилаш ва бизнес-инкубаторларни кучайтириш зарур.', NULL, NULL, 1, TRUE, '2026-04-28 12:00:00+05'::TIMESTAMPTZ);
INSERT INTO indicators (indicator_id, district_id, no, slide, slide_no, name, description, value, found, source_org, ai_insight, kpi_count, kpi_pct, load_no, final_flag, date_modify) VALUES (339, 9, 4, 1, '1', 'Маҳаллий бюджет', 'Бюджет даромадлари ва контингент бюджет', 'Жами: 3,3 трлн сўм маҳаллий бюджет (2025) | Контингент бюджет (2025): 3,4 трлн сўм', TRUE, 'Молия бўлими', 'Бюджет даромадлари прогнозида пасайиш кузатилмоқда. Солиқ базасини инвентаризация қилиш ва яширин иқтисодиётни қисқартирувчи рақамли ечимларни жорий этиш керак.', NULL, NULL, 1, TRUE, '2026-04-28 12:00:00+05'::TIMESTAMPTZ);
INSERT INTO indicators (indicator_id, district_id, no, slide, slide_no, name, description, value, found, source_org, ai_insight, kpi_count, kpi_pct, load_no, final_flag, date_modify) VALUES (340, 9, 5, 1, '1', 'Ажратилган кредитлар', 'Банк кредитлари ҳажми динамикаси (трлн сўм)', 'Жами: 11,1 трлн сўм (2025 йил) | Кредитлар динамикаси (трлн сўм): 2021: 4,8 | 2022: 5,3 | 2023: 7,9 | 2024: 8,5 | 2025: 11,1', TRUE, 'Марказий банк', 'Кредитлар ҳажми кескин ошган. Уларни экспорт ва юқори қийматли лойиҳаларга мақсадли тақсимлаш ҳамда эрта огоҳлантириш тизимини кучайтириш зарур.', NULL, NULL, 1, TRUE, '2026-04-28 12:00:00+05'::TIMESTAMPTZ);
INSERT INTO indicators (indicator_id, district_id, no, slide, slide_no, name, description, value, found, source_org, ai_insight, kpi_count, kpi_pct, load_no, final_flag, date_modify) VALUES (341, 9, 6, 1, '1', 'Google Trends иқтисодий фаоллик', 'Аҳоли қидирув сўровлари асосида 0-100 балл шкаласи', 'Google Trends индекси (балл): 2021: 18,5 | 2022: 20,1 | 2023: 22,8 | 2024: 26,5 | 2025: 32,4', TRUE, 'Google', 'Инвестициявий жозибадорлик рақамли маконда ўсмоқда, лекин фаоллик ҳали паст. Тарғиботни инвестиция форумлари ва экспорт мавсумида кучайтириш лозим.', NULL, NULL, 1, TRUE, '2026-04-28 12:00:00+05'::TIMESTAMPTZ);
INSERT INTO indicators (indicator_id, district_id, no, slide, slide_no, name, description, value, found, source_org, ai_insight, kpi_count, kpi_pct, load_no, final_flag, date_modify) VALUES (342, 9, 7, 2, '2', 'Ичимлик суви билан таъминланганлик', 'Аҳолини тоза ичимлик суви билан таъминлаш даражаси', 'Жами: 70,9% таъминланганлик (2025) | Таъминланганлик динамикаси (%): 2023: 66,4 | 2024: 68,6 | 2025: 70,9', TRUE, 'Сув хўжалиги', 'Аҳолининг 30% қисми ҳали ҳам тоза ичимлик сувисиз. Локал сув тозалаш иншоотлари қуриш ва Smart Water тизими орқали исрофгарчиликни камайтириш зарур.', NULL, NULL, 1, TRUE, '2026-04-28 12:00:00+05'::TIMESTAMPTZ);
INSERT INTO indicators (indicator_id, district_id, no, slide, slide_no, name, description, value, found, source_org, ai_insight, kpi_count, kpi_pct, load_no, final_flag, date_modify) VALUES (343, 9, 8, 2, '2', 'Ички йўллар таъмирланиш даражаси', 'Йўл инфратузилмаси кўрсаткичлари', 'Жами: 4 172 км йўллар тармоғи | Асфальтланган улуш: 98,1% | Аҳоли зичлиги: 12,3 киши/км²', TRUE, 'Йўл хўжалиги', 'Асфальтланиш даражаси юқори бўлса-да, паст аҳоли зичлиги йўлларни сақлаш харажатларини оширади. Юк транспортлари вазнини назорат қилувчи автоматик тизимлар ўрнатиш керак.', NULL, NULL, 1, TRUE, '2026-04-28 12:00:00+05'::TIMESTAMPTZ);
INSERT INTO indicators (indicator_id, district_id, no, slide, slide_no, name, description, value, found, source_org, ai_insight, kpi_count, kpi_pct, load_no, final_flag, date_modify) VALUES (344, 9, 9, 2, '2', 'Электр таъминоти сифат даражаси', 'Тармоқларнинг техник ҳолати ва модернизацияси', 'Жами: Электр тармоғи таҳлили | Трансформаторлар эскириши: 42% | Линиялар эскириши: 62% | Узилишлар: ойига 13 марта (2 баробар камайган)', TRUE, 'Электр тармоқлари корхонаси', 'Тармоқларнинг эскириш даражаси критик. Модернизацияни тезлаштириш учун қайта тикланувчи энергия манбаларини маҳаллий тармоқларга интеграция қилиш лозим.', NULL, NULL, 1, TRUE, '2026-04-28 12:00:00+05'::TIMESTAMPTZ);
INSERT INTO indicators (indicator_id, district_id, no, slide, slide_no, name, description, value, found, source_org, ai_insight, kpi_count, kpi_pct, load_no, final_flag, date_modify) VALUES (345, 9, 10, 2, '2', 'Ер ресурслари ва коммуникация', 'Ҳудуднинг умумий майдони ва рақамли инфратузилма', 'Жами: 6,2 млн гектар ер фонди | Интернет қоплами: 97,4% | Газ билан таъминланганлик: 75%', TRUE, 'Кадастр агентлиги', 'Бўш ер майдонларини ГИС орқали инвесторларга тайёр пакет сифатида таклиф қилиш ва Ақлли қишлоқ хўжалиги лойиҳаларини ривожлантириш зарур.', NULL, NULL, 1, TRUE, '2026-04-28 12:00:00+05'::TIMESTAMPTZ);
INSERT INTO indicators (indicator_id, district_id, no, slide, slide_no, name, description, value, found, source_org, ai_insight, kpi_count, kpi_pct, load_no, final_flag, date_modify) VALUES (346, 9, 11, 2, '2', 'Жамоат транспорти ва юк ташиш таҳлили', 'Автобус ва микроавтобус инфратузилмаси, йўловчи ва юк ташиш', 'Жами: 582 та транспорт воситаси | Дамас: 189 та (32,5%) | Автобуслар: 105 та (18,0%) | Такси ва бошқалар: 288 та (49,5%) | Йиллик йўловчи ташиш: 170,4 млн киши | Юқори қамров: Нукус ш. | Аҳоли зичлиги: 12,3 киши/км²', TRUE, 'Транспорт бошқармаси / Статистика бошқармаси', 'Жамоат транспортида такси ва бошқалар (49,5%) устунлик қилади, Дамаслар 32,5% ташкил этади. Автобуслар сонини 105 тадан камида 200 тага ошириш ва Нукус шаҳридан ташқари туманларда маршрутлар тармоғини кенгайтириш лозим. 170,4 млн йўловчи ташиш ҳажмини ошириш учун электрик автобуслар киритиш мақсадга мувофиқ.', NULL, NULL, 1, TRUE, '2026-04-28 12:00:00+05'::TIMESTAMPTZ);
INSERT INTO indicators (indicator_id, district_id, no, slide, slide_no, name, description, value, found, source_org, ai_insight, kpi_count, kpi_pct, load_no, final_flag, date_modify) VALUES (347, 9, 12, 2, '2', 'Мактабгача таълим қамрови', 'МТТ қоплами динамикаси', 'МТТ қамрови (%): 2021: 76,1 | 2022: 78,5 | 2023: 80,2 | 2024: 82,1 | 2025: 84,0', TRUE, 'Мактабгача ва мактаб таълими бўлими', 'Қолган 16% қамровни таъминлаш учун хусусий сектор ва оилавий боғчалар моделини рағбатлантириш лозим.', NULL, NULL, 1, TRUE, '2026-04-28 12:00:00+05'::TIMESTAMPTZ);
INSERT INTO indicators (indicator_id, district_id, no, slide, slide_no, name, description, value, found, source_org, ai_insight, kpi_count, kpi_pct, load_no, final_flag, date_modify) VALUES (348, 9, 13, 2, '2', 'Мактаблар юкламаси', 'Мактаб сменалари ва инфратузилмаси', 'Жами: 735 та мактаб | 1 сменали: 126 та | 2 сменали: 609 та (82,9%)', TRUE, 'Мактабгача ва мактаб таълими бўлими', '2-сменали мактаблар улуши (83%) критик. Янги мактаб қурилишини юкламаси энг юқори бўлган маҳаллаларга йўналтириш тавсия этилади.', NULL, NULL, 1, TRUE, '2026-04-28 12:00:00+05'::TIMESTAMPTZ);
INSERT INTO indicators (indicator_id, district_id, no, slide, slide_no, name, description, value, found, source_org, ai_insight, kpi_count, kpi_pct, load_no, final_flag, date_modify) VALUES (349, 9, 14, 3, '3', 'Меҳнат ресурслари', 'Инсон капитали ва меҳнат салоҳияти', 'Жами: 1,14 млн меҳнат ресурслари | Банд аҳоли: 805,8 минг киши | Ўртача ойлик маош: 5,0 млн сўм', TRUE, 'Бандлик маркази ва Статистика бўлими', 'Расмий бандликни таъминлаш учун йилига камида 50 мингта янги иш ўрни яратиш ва ўсиб бораётган харид қобилиятини қўллаб-қувватлаш керак.', NULL, NULL, 1, TRUE, '2026-04-28 12:00:00+05'::TIMESTAMPTZ);
INSERT INTO indicators (indicator_id, district_id, no, slide, slide_no, name, description, value, found, source_org, ai_insight, kpi_count, kpi_pct, load_no, final_flag, date_modify) VALUES (350, 9, 15, 3, '3', 'Бандликни ошириш имкониятлари', 'Меҳнат бозори резервлари ва инклюзив бандлик', 'Жами: 229,5 минг киши норасмий секторда | Ногиронлиги бўлган шахслар: 59,3 минг нафар (фақат 14% иш билан таъминланган)', TRUE, 'Бандлик маркази / Ижтимоий ҳимоя агентлиги', 'Норасмий секторни ўзини-ўзи банд қилиш орқали легаллаштириш ва ногиронлиги бўлган шахслар учун масофавий иш ўринларини кўпайтириш зарур.', NULL, NULL, 1, TRUE, '2026-04-28 12:00:00+05'::TIMESTAMPTZ);
INSERT INTO indicators (indicator_id, district_id, no, slide, slide_no, name, description, value, found, source_org, ai_insight, kpi_count, kpi_pct, load_no, final_flag, date_modify) VALUES (351, 9, 16, 3, '3', 'Ишсизлик кўрсаткичлари', '42 400 нафар ишсиз — 5,0% (2025)', 'Ишсизлик даражаси (%): 2021: 10,1 | 2022: 9,1 | 2023: 7,1 | 2024: 5,8 | 2025: 5,0', TRUE, 'Бандлик маркази', 'Ишсизлик даражаси 2 баробарга камайган. Эндиги эътиборни иш ўринларининг сифати ва юқори маошли соҳаларга қаратиш, меҳнат бозорини рақамлаштириш лозим.', 42400, 5.0, 1, TRUE, '2026-04-28 12:00:00+05'::TIMESTAMPTZ);
INSERT INTO indicators (indicator_id, district_id, no, slide, slide_no, name, description, value, found, source_org, ai_insight, kpi_count, kpi_pct, load_no, final_flag, date_modify) VALUES (352, 9, 17, 3, '3', 'Камбағаллик кўрсаткичлари', '43 079 оила', 'Камбағаллик даражаси (%): 2021: 21,2 | 2023: 19,9 | 2024: 13,6 | 2025: 6,6 | Мақсад: 3,0% | Камбағал оилалар: 1 574 та', TRUE, 'Статистика бўлими', 'Қолган 1 574 та оилага мақсадли микрокредитлар ва субсидиялар ажратиш, шунингдек ҳар бир хонадоннинг иқтисодий паспортини юритиш зарур.', 43079, 6.6, 1, TRUE, '2026-04-28 12:00:00+05'::TIMESTAMPTZ);
INSERT INTO indicators (indicator_id, district_id, no, slide, slide_no, name, description, value, found, source_org, ai_insight, kpi_count, kpi_pct, load_no, final_flag, date_modify) VALUES (353, 9, 18, 3, '3', 'Ёшлар бандлиги ва даромади', 'Ёшлар ишсизлиги ва миграция', 'Жами: 23,0 минг ишсиз ёшлар (16–30 ёш) | Хорижга кетганлар: 15,5 минг нафар', TRUE, 'Бандлик маркази / Статистика бўлими', 'Ишсиз ёшларни юқори технологик соҳаларга ўқитиш орқали миграцияни камайтириш ва Рақамли маҳалла лойиҳасини ишга тушириш лозим.', NULL, NULL, 1, TRUE, '2026-04-28 12:00:00+05'::TIMESTAMPTZ);
INSERT INTO indicators (indicator_id, district_id, no, slide, slide_no, name, description, value, found, source_org, ai_insight, kpi_count, kpi_pct, load_no, final_flag, date_modify) VALUES (354, 9, 19, 3, '3', 'Аёллар бандлиги ва даромадини ошириш', 'Аёллар ишсизлиги ва бандлик режаси', 'Жами: 19,7 минг ишсиз аёллар | Бандлик режаси: 12,5 минг нафар', TRUE, 'Mehnat.uz', 'Аёллар даромадини ошириш учун фриланс ва ГИГ-иқтисодиётни ривожлантириш, HAMROH дастурини IT ва молиявий хизматларга ҳам йўналтириш керак.', NULL, NULL, 1, TRUE, '2026-04-28 12:00:00+05'::TIMESTAMPTZ);
INSERT INTO indicators (indicator_id, district_id, no, slide, slide_no, name, description, value, found, source_org, ai_insight, kpi_count, kpi_pct, load_no, final_flag, date_modify) VALUES (355, 9, 20, 3, '3', 'Олий таълим муассасалари', 'ОТМ сони ва талабалар', 'Жами: 9 та ОТМ | Талабалар: 73,5 минг нафар', TRUE, 'Ҳокимият', 'Талабаларни маҳаллий корхоналарга амалиётга жалб этиш ва ОТМлар қошида стартап инкубаторлар очиш зарур.', NULL, NULL, 1, TRUE, '2026-04-28 12:00:00+05'::TIMESTAMPTZ);
INSERT INTO indicators (indicator_id, district_id, no, slide, slide_no, name, description, value, found, source_org, ai_insight, kpi_count, kpi_pct, load_no, final_flag, date_modify) VALUES (356, 9, 21, 3, '3', 'Касб-ҳунар таълими муассасалари', 'Техникумлар сони ва ўқувчилар', 'Жами: 49 та техникум | Ўқувчилар: 90,6 минг нафар', TRUE, 'Ҳокимият', 'Битирувчиларни ҳудудий корхоналар эҳтиёжига мос равишда мақсадли ишга жойлаштириш тизимини жорий этиш лозим.', NULL, NULL, 1, TRUE, '2026-04-28 12:00:00+05'::TIMESTAMPTZ);
INSERT INTO indicators (indicator_id, district_id, no, slide, slide_no, name, description, value, found, source_org, ai_insight, kpi_count, kpi_pct, load_no, final_flag, date_modify) VALUES (357, 9, 22, 4, '4', 'Сунъий интеллект куни ва СИ ўқитиш дастури', 'Ҳафталик СИ куни ва 4 босқичли ўқитиш тизими', 'Жами: СИ малака ошириш дастури | «Сунъий интеллект куни» — ҳар ҳафтанинг жума куни СИ ўқитишга бағишланади | 1-босқич: Ҳар ҳафта жума куни СИ ўқитиш куни | 2-босқич: Туман ҳокимлари ва ҳоким ўринбосарлари — СИ ўқитиш ва СИ қўллашни жорий қилиш | 3-босқич: Банк филиал раҳбарлари ва маҳалла банкирлари — СИ скоринг, риск таҳлили ва мижоз хизмати | 4-босқич: Маҳалла раислари ва ҳоким ёрдамчилари — СИ маълумотлар таҳлили ва ҳисобот', TRUE, 'SQB', 'Таълим тизимини амалиётга боғлаш учун ҳар бир бўлим ва банк филиалларида СИ бўйича KPI кўрсаткичларини жорий этиш керак.', NULL, NULL, 1, TRUE, '2026-04-28 12:00:00+05'::TIMESTAMPTZ);
INSERT INTO indicators (indicator_id, district_id, no, slide, slide_no, name, description, value, found, source_org, ai_insight, kpi_count, kpi_pct, load_no, final_flag, date_modify) VALUES (358, 9, 23, 4, '4', 'Аҳолини СИ орқали тадбиркорликка ўқитиш', 'СИ платформаси орқали касб танлаш ва тадбиркорликка тайёрлаш', 'Жами: 1 350 нафар СИ орқали ўқитиш (2026 режа) | СИ таҳлили: кўникмаларни аниқлаш | СИ-ментор: индивидуал ўқув дастури', TRUE, 'SQB', 'СИ орқали баҳоланган фуқароларнинг натижаларини маҳалла банкирларига кредит ажратишда қўшимча скоринг маълумоти сифатида узатиш лозим.', NULL, NULL, 1, TRUE, '2026-04-28 12:00:00+05'::TIMESTAMPTZ);
INSERT INTO indicators (indicator_id, district_id, no, slide, slide_no, name, description, value, found, source_org, ai_insight, kpi_count, kpi_pct, load_no, final_flag, date_modify) VALUES (359, 9, 24, 4, '4', '«SQB AI Advisor» — ақлли ёрдамчи платформа', 'Маҳалла банкирлари ва тадбиркорларга СИ ёрдами', 'Жами: 5 та СИ хизмати (SQB AI Advisor) | СИ маслаҳатчи чат-боти: тадбиркорлик, ҳуқуқий, молиявий саволларга жавоб | Бизнес-режа генератори: автоматик бизнес-режа тузиш | Кредит мослаштириш: мижозга мос кредит маҳсулотини танлаш | Маҳалла агенти KPI мониторинги | Прогноз: даромадни ошириш тавсиялари', TRUE, 'SQB', 'Маҳалла банкирлари ва тадбиркорлар ишини енгиллаштирувчи ушбу платформани 2026 йил якунигача барча 452 та маҳаллада тўлиқ жорий этиш зарур.', NULL, NULL, 1, TRUE, '2026-04-28 12:00:00+05'::TIMESTAMPTZ);
INSERT INTO indicators (indicator_id, district_id, no, slide, slide_no, name, description, value, found, source_org, ai_insight, kpi_count, kpi_pct, load_no, final_flag, date_modify) VALUES (360, 9, 25, 4, '4', 'Маҳалла драйвер секторлари', '452 та маҳалланинг асосий иқтисодий йўналишлари', 'Жами: 452 та маҳалла, 6 та драйвер сектор | 1 - Деҳқончилик: 188 та маҳалла (сабзавотчилик — 120, полизчилик — 23, сабзичилик — 16, дуккакли — 16, картошкачилик — 8, карамчилик — 2, кўкатчилик — 1, мошчилик — 1, супурги — 1) | 2 - Савдо ва хизмат кўрсатиш: 130 та маҳалла (озиқ-овқат/ноозиқ-овқат — 41, маиший хизмат — 24, хизмат кўрсатиш — 63, сартарошлик — 2) | 3 - Чорвачилик: 94 та маҳалла (қорамолчилик — 76, қўй ва эчкичилик — 18) | 4 - Кичик ишлаб чиқариш: 8 та маҳалла (тикувчилик — 4, қандолат — 3, қурилиш материаллари — 1) | 5 - Паррандачилик: 28 та маҳалла | 6 - Боғдорчилик: 4 та маҳалла', TRUE, 'Бандлик бошқармаси / Иқтисодиёт бошқармаси', 'Деҳқончилик (188 та) ва чорвачилик (94 та) устунлик қилади. Кичик ишлаб чиқариш атиги 8 та маҳаллада мавжуд — бу сонни камида 30 тага етказиш, айниқса гўшт ва сут қайта ишлаш бўйича кичик цехлар очиш лозим. Паррандачилик (28 та) ва боғдорчилик (4 та) секторларини кенгайтириш имконияти юқори.', NULL, NULL, 1, TRUE, '2026-04-28 12:00:00+05'::TIMESTAMPTZ);
INSERT INTO indicators (indicator_id, district_id, no, slide, slide_no, name, description, value, found, source_org, ai_insight, kpi_count, kpi_pct, load_no, final_flag, date_modify) VALUES (361, 9, 26, 4, '4', 'Ишсизлик юқори маҳаллалар', '452 та маҳалланинг тоифалаштириши ва оғир ҳудудлар таҳлили', 'Жами: 452 та маҳалла | Қизил тоифа (оғир): 90 та маҳалла | Сариқ тоифа (ўрта): 32 та маҳалла | Яшил тоифа (енгил): 330 та маҳалла | Оғир маҳаллалар: 102 та (иқтисодий аҳволи оғир) | Расмий ишсизлик: 5,0% (2025) | Ишсизлар сони: 42 408 киши (2025) | Камбағаллик даражаси: 10,8% (2025) | Кам таъминланган оилалар: 45 997 та | Камбағал оилалар: 43 079 та | Ижтимоий ёрдамга муҳтож: 142 309 оила | Мақсад: 2026 йил якунида 4,2% га тушириш', TRUE, 'Бандлик бошқармаси / МФЙ агентлиги / Ижтимоий ҳимоя', 'Қизил тоифадаги 90 та маҳаллада «бир маҳалла — бир драйвер» тамойилини жорий этиш керак. Камбағаллик 2021–2025 да 21,2% дан 10,8% га тушган — ижобий тренд. Лекин 43 079 камбағал оила ва 142 309 ижтимоий ёрдамга муҳтож оила мавжуд. Оғир маҳалларда чорвачилик ва сабзавотчилик бўйича микролойиҳалар ишга тушириш лозим.', NULL, NULL, 1, TRUE, '2026-04-28 12:00:00+05'::TIMESTAMPTZ);
INSERT INTO indicators (indicator_id, district_id, no, slide, slide_no, name, description, value, found, source_org, ai_insight, kpi_count, kpi_pct, load_no, final_flag, date_modify) VALUES (362, 9, 27, 4, '4', 'SQB рақамли хизматлари', 'Банкнинг рақамли платформалари ва хизматлари', 'Жами: 3 та рақамли платформа | SQB Mobile: жисмоний шахслар учун мобил банк — тўловлар, ўтказмалар, онлайн кредит | SQB Business: юридик шахслар учун онлайн бухгалтерия, тўлов, ҳисоб-китоб | SQB AI Advisor: сунъий интеллект асосидаги молиявий маслаҳатчи — кредит скоринг, инвестиция таҳлили | Банк инфратузилмаси: 13 банк филиали, 679 банкомат, маҳалла банкирлари 129 та (20 аёл, 109 эркак)', TRUE, 'SQB / Марказий банк', '679 та банкомат мавжуд, лекин 452 та маҳалладан фақат 129 тасида маҳалла банкири бор — қопламни камида 250 тага етказиш зарур. NPL 5,2% — бу юқори кўрсаткич, молиявий саводхонлик дастурларини кучайтириш ва кредит скоринг тизимини такомиллаштириш лозим. Интернет қоплами 97,4% га етган — бу SQB Mobile кенгайишига қулай шарт.', NULL, NULL, 1, TRUE, '2026-04-28 12:00:00+05'::TIMESTAMPTZ);
INSERT INTO indicators (indicator_id, district_id, no, slide, slide_no, name, description, value, found, source_org, ai_insight, kpi_count, kpi_pct, load_no, final_flag, date_modify) VALUES (363, 9, 28, 4, '4', 'Оилавий тадбиркорлик ва HAMROH дастури', 'Ижтимоий қўллаб-қувватлаш, оилавий тадбиркорлик ва хотин-қизлар учун молиявий дастур', 'Жами: 142 309 та муҳтож оила | Бола нафақаси олувчилар: 50 797 та оила | HAMROH дастури: гаровсиз кредит 100 млн сўмгача | Компания кафиллиги: 70%', TRUE, 'Ижтимоий ҳимоя агентлиги / SQB', '142 минг муҳтож оила ва 50 797 бола нафақаси олувчи оилаларни тадбиркорликка жалб қилиш учун «HAMROH» дастури орқали гаровсиз кредитлар ажратиш ва маҳалла банкирлари орқали бизнес-тренинглар ташкил этиш лозим.', NULL, NULL, 1, TRUE, '2026-04-28 12:00:00+05'::TIMESTAMPTZ);
INSERT INTO indicators (indicator_id, district_id, no, slide, slide_no, name, description, value, found, source_org, ai_insight, kpi_count, kpi_pct, load_no, final_flag, date_modify) VALUES (364, 9, 29, 4, '4', 'Ишсизлик юқори маҳаллаларни ҳоли ҳудудга айлантириш режаси', 'Оғир тоифадаги маҳаллалар учун манзилли бандлик ва кредит дастурлари', 'Жами: 90 та маҳалла, оғир тоифа (102 та иқтисодий оғир) | Ишсизлар (2025): 42 408 киши | Ёшлар (16–30) ишсизлиги: 22 993 киши | Аёллар ишсизлиги: 19 727 киши | Ногиронлар: 59 304 (ишламайди: 50 863) | Кредит маҳсулотлари: 1) Микрокредит 2) Оилавий тадбиркорлик 3) ПК-312 4) Лизинг 5) Бизнесга биринчи қадам 6) Маҳалла лойиҳаси бўйича банк кредитлари | 2026 йил кредит режаси: Жами 11 900 млрд сўм (кичик бизнес: 6 500 млрд) | Қисқа муддат (0–12 ой): 1,5 трлн сўм | Ўрта муддат (1–3 йил): 3,9 трлн сўм | Узоқ муддат (3–5 йил): 3,4 трлн сўм | Мақсад: 2026 йил якунида ишсизликни 4,2% га тушириш | Микролойиҳалар: 21 252 та лойиҳа, 43 184 иш ўрни, 443 251 млрд сўм', TRUE, 'SQB / Бандлик бошқармаси / Иқтисодиёт бошқармаси', 'Оғир маҳаллаларда чорвачилик (қорамолчилик, қўйчилик) ва сабзавотчилик бўйича кичик лойиҳаларни молиялаштириш керак. 50 863 ишламайдиган ногирон учун уйда ишлаш имконини яратиш лозим. Ёшлар ишсизлиги (22 993) ва аёллар ишсизлиги (19 727) ни камайтириш учун тикувчилик, қандолат ва маиший хизмат бўйича қисқа муддатли ўқитиш дастурлари ташкил қилиш зарур. 2026 йилгача ишсизликни 4,2% га тушириш учун манзилли микрокредитлар ажратиш лозим.', NULL, NULL, 1, TRUE, '2026-04-28 12:00:00+05'::TIMESTAMPTZ);
INSERT INTO indicators (indicator_id, district_id, no, slide, slide_no, name, description, value, found, source_org, ai_insight, kpi_count, kpi_pct, load_no, final_flag, date_modify) VALUES (365, 9, 30, 5, '5', 'Қайта тикланувчи энергия (Шамол ва Қуёш)', 'Устюрт текислигида шамол ва қуёш энергиясининг юқори зичлиги', 'Жами: 300+ қуёшли кун/йил ва барқарор шамол оқими | Тармоқлардаги 62% эскиришни яшил микро-тармоқлар орқали компенсация қилиш имконияти | Инвестиция: 15–50 млн $ (йирик ВЭС ва СЭС лойиҳалари)', TRUE, 'Табиатни муҳофаза қилиш қўмитаси / Электр тармоқлари', 'Электр таъминотидаги узилишларни камайтириш учун саноат зоналарини автоном қуёш панеллари тизимига ўтказиш ва ортиқча энергияни банкдаги яшил кредит ҳисобига сотиш механизмини йўлга қўйиш лозим.', NULL, NULL, 1, TRUE, '2026-04-28 12:00:00+05'::TIMESTAMPTZ);
INSERT INTO indicators (indicator_id, district_id, no, slide, slide_no, name, description, value, found, source_org, ai_insight, kpi_count, kpi_pct, load_no, final_flag, date_modify) VALUES (366, 9, 31, 5, '5', 'Рақамли иқтисодиёт ва СИ хаби', 'Интернет қамрови 97,4%, СИ платформа ва IT-аутсорсинг', 'Жами: Рақамли иқтисодиёт салоҳияти | Интернет қамрови: 97,4% | СИ орқали тадбиркорликка ўқитиш режаси (2026): 1 350 нафар | IT-аутсорсинг ва масофавий хизматлар (Gig-economy) | Ёшлар ишсизлиги: 23 минг киши', TRUE, 'SQB / Рақамли технологиялар вазирлиги', 'Қорақалпоғистонда Digital Nomad зоналарини яратиш ва маҳаллий ёшларни рус ва инглиз тилларини қўллаган ҳолда хорижий бозорларга чиқариш учун AI-менторлардан фойдаланиш керак.', NULL, NULL, 1, TRUE, '2026-04-28 12:00:00+05'::TIMESTAMPTZ);
INSERT INTO indicators (indicator_id, district_id, no, slide, slide_no, name, description, value, found, source_org, ai_insight, kpi_count, kpi_pct, load_no, final_flag, date_modify) VALUES (367, 9, 32, 5, '5', 'Агро-технологиялар ва Сув тежовчи тизимлар', '6,2 млн гектар ер фонди ва иқлим ўзгаришига мослашиш', 'Жами: 6,2 млн гектар ер фонди | Технология: Томчилатиб суғориш ва Smart Water тизими | Шўрланишга чидамли экинлар ва гидропоника | Бўш ерларни ГИС орқали инвесторларга тайёр пакет сифатида бериш', TRUE, 'Сув хўжалиги / Кадастр агентлиги', 'Қишлоқ хўжалигининг 87,6% улушини сақлаб қолган ҳолда, сув исрофини 30% га камайтирувчи СИ-назорат тизимларини жорий этган агро-кластерларга имтиёзли кредитлар ажратиш лозим.', NULL, NULL, 1, TRUE, '2026-04-28 12:00:00+05'::TIMESTAMPTZ);
INSERT INTO indicators (indicator_id, district_id, no, slide, slide_no, name, description, value, found, source_org, ai_insight, kpi_count, kpi_pct, load_no, final_flag, date_modify) VALUES (368, 9, 33, 5, '5', 'Устюрт минерал хомашё кластери', 'Маҳаллий хомашёни қайта ишлаш орқали саноатни диверсификация қилиш', 'Жами: 29,1 трлн сўм саноат ҳажми | Йўналиш: Кимё саноати, қурилиш материаллари, нодир металлар | Экспорт потенциали: 435,2 млн $ дан 600 млн $ гача | Ташқи савдо сальдоси: +59,5 млн $', TRUE, 'Статистика ва Саноат бўлимлари', 'Хомашёни оддий экспорт қилишдан воз кечиб, кичик саноат зоналарида тайёр маҳсулот (шиша, кимёвий ўғитлар) ишлаб чиқаришни СИ таҳлиллари асосида мақсадли молиялаштириш зарур.', NULL, NULL, 1, TRUE, '2026-04-28 12:00:00+05'::TIMESTAMPTZ);
INSERT INTO indicators (indicator_id, district_id, no, slide, slide_no, name, description, value, found, source_org, ai_insight, kpi_count, kpi_pct, load_no, final_flag, date_modify) VALUES (369, 9, 34, 5, '5', 'Эко-туризм ва Оролбўйи бренди', 'Мўйноқ, Кемалар қабристони ва Савицкий музейи', 'Туристлар сони (минг нафар): 2021: 12,5 | 2022: 18,3 | 2023: 25,7 | 2024: 34,2 | 2025: 45,0', TRUE, 'Ҳокимият / Туризм бошқармаси', 'Орол денгизининг қуриган тубида Яшил қоплама лойиҳаларини туристик маршрутларга айлантириш ва СИ-гидлар орқали кўп тилли хизматни йўлга қўйиш лозим.', NULL, NULL, 1, TRUE, '2026-04-28 12:00:00+05'::TIMESTAMPTZ);
INSERT INTO indicators (indicator_id, district_id, no, slide, slide_no, name, description, value, found, source_org, ai_insight, kpi_count, kpi_pct, load_no, final_flag, date_modify) VALUES (370, 9, 35, 5, '5', 'Логистика ва Транзит коридори', 'Қозоғистон ва Россия билан чегарадошлик, шимолий дарвоза', 'Юк айланмаси (млн тонна): 2021: 28,4 | 2022: 31,2 | 2023: 35,8 | 2024: 40,1 | 2025: 46,3', TRUE, 'Йўл хўжалиги / Статистика', 'Йўлларни сақлаш харажатларини камайтириш учун юк оқимини СИ орқали прогноз қилиш ва йўл бўйи сервисини (кемпинг, тиббий ёрдам, техник сервис) 24/7 режимига ўтказиш тавсия этилади.', NULL, NULL, 1, TRUE, '2026-04-28 12:00:00+05'::TIMESTAMPTZ);
INSERT INTO indicators (indicator_id, district_id, no, slide, slide_no, name, description, value, found, source_org, ai_insight, kpi_count, kpi_pct, load_no, final_flag, date_modify) VALUES (371, 9, 36, 5, '5', 'Иқлим профили ва экологик хавфлар', 'Континентал қурғоқчил иқлим, Орол таъсири', 'Жами: UNEP 1-гуруҳ (энг заиф ҳудуд) | Ҳарорат кўтарилиши: +1,8–2,5°C | Ёғингарчилик: 10 баробар камайган', TRUE, 'Табиатни муҳофаза қилиш қўмитаси', 'Иқлимга мослашган лойиҳаларни (томчилатиб суғориш) устувор кредитлаш ва Яшил жамғармалар билан эко-лойиҳалар бўйича ҳамкорликни кенгайтириш зарур.', NULL, NULL, 1, TRUE, '2026-04-28 12:00:00+05'::TIMESTAMPTZ);
INSERT INTO indicators (indicator_id, district_id, no, slide, slide_no, name, description, value, found, source_org, ai_insight, kpi_count, kpi_pct, load_no, final_flag, date_modify) VALUES (372, 9, 37, 6, '6', 'Саноат барқарорлиги ва SME қўллаб-қувватлаш', 'Ёпилган корхоналар (6 194) очилганлардан (3 602) кўп', 'Жами: 6 194 та ёпилган корхона (3 602 та очилган) | Режа: Инқирозга қарши СИ-диагностика тизими | Мақсад: 2027 йилгача ёпилиш коэффициентини 2 баробар камайтириш', TRUE, 'Статистика бўлими / SQB', 'Кичик саноат зоналарида инфратузилмани (электр, газ) СИ-мониторинг асосида тақсимлаш ва бизнес-инкубаторларни кучайтириш зарур.', NULL, NULL, 1, TRUE, '2026-04-28 12:00:00+05'::TIMESTAMPTZ);
INSERT INTO indicators (indicator_id, district_id, no, slide, slide_no, name, description, value, found, source_org, ai_insight, kpi_count, kpi_pct, load_no, final_flag, date_modify) VALUES (373, 9, 38, 6, '6', 'Инсон капитали ва Бандлик (Мақсад 2027)', 'Ишсизлик 5%, лекин ёшлар ва аёллар ўртасида юқори', 'Банд аҳоли (минг киши): 2021: 702,7 | 2022: 728,4 | 2023: 756,1 | 2024: 781,3 | 2025: 805,8', TRUE, 'Бандлик маркази / SQB', 'Ҳар бир маҳаллада (452 та) Рақамли касблар маркази ни ташкил этиш орқали миграцияни 15% га қисқартириш мумкин.', NULL, NULL, 1, TRUE, '2026-04-28 12:00:00+05'::TIMESTAMPTZ);
INSERT INTO indicators (indicator_id, district_id, no, slide, slide_no, name, description, value, found, source_org, ai_insight, kpi_count, kpi_pct, load_no, final_flag, date_modify) VALUES (374, 9, 39, 6, '6', 'Камбағалликни қисқартириш (Мақсад: 3,0%)', '2025 йилда 6,6%, қолган оилалар — 1 574 та', 'Камбағаллик даражаси (%): 2021: 21,2 | 2022: 20,5 | 2023: 19,9 | 2024: 13,6 | 2025: 6,6', TRUE, 'Статистика бўлими / SQB', 'Камбағалликдан чиқиш учун фақат молиявий ёрдам эмас, балки оила аъзоларини СИ орқали касбга йўналтириш ва бозор топиб бериш асосий драйвер бўлади.', NULL, NULL, 1, TRUE, '2026-04-28 12:00:00+05'::TIMESTAMPTZ);
INSERT INTO indicators (indicator_id, district_id, no, slide, slide_no, name, description, value, found, source_org, ai_insight, kpi_count, kpi_pct, load_no, final_flag, date_modify) VALUES (375, 9, 40, 6, '6', 'Энергетика ва Инфратузилма модернизацияси', 'Линиялар 62%, трансформаторлар 42% эскирган', 'Электр узилишлари (марта/ой): 2021: 26 | 2022: 22 | 2023: 19 | 2024: 16 | 2025: 13', TRUE, 'Электр тармоқлари / Ҳокимият', 'Узилишларни камайтириш учун Smart Grid тизимини пилот лойиҳа сифатида Нукус ва йирик туман марказларида ишга тушириш лозим.', NULL, NULL, 1, TRUE, '2026-04-28 12:00:00+05'::TIMESTAMPTZ);
INSERT INTO indicators (indicator_id, district_id, no, slide, slide_no, name, description, value, found, source_org, ai_insight, kpi_count, kpi_pct, load_no, final_flag, date_modify) VALUES (376, 9, 41, 6, '6', 'СИ-бошқарув ва Рақамли маҳалла', '452 та маҳаллада SQB AI Advisor платформасини тўлиқ жорий этиш', 'СИ қамрови (маҳалла): 2021: 0 | 2022: 0 | 2023: 45 | 2024: 180 | 2025: 320 | 2026 режа: 452', TRUE, 'SQB / Ҳокимият', 'Давлат бошқаруви ва банк хизматларида СИ-скоринг тизимини қўллаш орқали коррупция хавфини камайтириш ва шаффофликни таъминлаш.', NULL, NULL, 1, TRUE, '2026-04-28 12:00:00+05'::TIMESTAMPTZ);
INSERT INTO indicators (indicator_id, district_id, no, slide, slide_no, name, description, value, found, source_org, ai_insight, kpi_count, kpi_pct, load_no, final_flag, date_modify) VALUES (377, 9, 42, 6, '6', 'Экологик хавфсизлик ва Климат-резильентлик', 'Ҳарорат +2,5°C гача кўтарилиши ва сув танқислиги', 'Ўрмонлаштириш (минг га): 2021: 120 | 2022: 145 | 2023: 175 | 2024: 210 | 2025: 250 | 2026 режа: 300', TRUE, 'Табиатни муҳофаза қилиш қўмитаси / Ҳокимият', 'Қорақалпоғистонни иқлим ўзгаришига мослашиш бўйича халқаро лабораторияга айлантириш орқали ҳудудга юқори технологияли инвестицияларни олиб кириш.', NULL, NULL, 1, TRUE, '2026-04-28 12:00:00+05'::TIMESTAMPTZ);
INSERT INTO districts (district_id, region_id, slug, name_uz, name_ru, name_en, district_name, json_file, has_data, type, year, total_cards, load_no, final_flag, date_modify) VALUES (10, 4, 'qongirot', 'Қўнғирот', 'Кунград', 'Qongirot', '', 'qongirot.json', TRUE, NULL, NULL, 39, 1, TRUE, '2026-04-28 12:00:00+05'::TIMESTAMPTZ);
INSERT INTO hero_kpis (hero_kpi_id, district_id, metric_name, metric_value, metric_unit, load_no, final_flag, date_modify) VALUES (29, 10, 'Аҳоли', 138.4, 'минг киши', 1, TRUE, '2026-04-28 12:00:00+05'::TIMESTAMPTZ);
INSERT INTO hero_kpis (hero_kpi_id, district_id, metric_name, metric_value, metric_unit, load_no, final_flag, date_modify) VALUES (30, 10, 'Маҳалла', 39, 'та', 1, TRUE, '2026-04-28 12:00:00+05'::TIMESTAMPTZ);
INSERT INTO hero_kpis (hero_kpi_id, district_id, metric_name, metric_value, metric_unit, load_no, final_flag, date_modify) VALUES (31, 10, 'Оила', 31972, 'та', 1, TRUE, '2026-04-28 12:00:00+05'::TIMESTAMPTZ);
INSERT INTO hero_kpis (hero_kpi_id, district_id, metric_name, metric_value, metric_unit, load_no, final_flag, date_modify) VALUES (32, 10, 'Хонадон', 28987, 'та', 1, TRUE, '2026-04-28 12:00:00+05'::TIMESTAMPTZ);
INSERT INTO indicators (indicator_id, district_id, no, slide, slide_no, name, description, value, found, source_org, ai_insight, kpi_count, kpi_pct, load_no, final_flag, date_modify) VALUES (378, 10, 1, 1, '1', 'Туманнинг макроиқтисодий кўрсаткичлари', 'Саноат, хизматлар ва экспорт ҳажмининг 5 йиллик динамикаси', 'Жами: 2025 йил кўрсаткичлари | Саноат ҳажми: 1 679,9 млрд сўм (2021: 777,0 → 2025: 1 679,9, +216,2%) | Хизматлар ҳажми: 2 214,8 млрд сўм (2021: 1 191,9 → 2025: 2 214,8, +186%) | Экспорт ҳажми: 36 298 минг $ (2021: 1 570,3 → 2025: 36 298, +2 277%)', TRUE, 'Туман статистика бўлими', 'Қўнғирот туманида экспорт ҳажми 5 йил ичида 23 баробардан ортиқ ўсгани (1,5 млн доллардан 36,3 млн долларга) ҳудуднинг улкан ташқи иқтисодий салоҳиятини кўрсатади. Саноат ва хизматлар ҳажми ҳам барқарор (2 баробардан зиёд) ўсиш траекториясида. Стратегия: экспортнинг кескин ўсишини инобатга олиб, маҳаллий ишлаб чиқарувчилар учун логистика занжирларини янада оптималлаштириш лозим.', NULL, NULL, 1, TRUE, '2026-04-28 12:00:00+05'::TIMESTAMPTZ);
INSERT INTO indicators (indicator_id, district_id, no, slide, slide_no, name, description, value, found, source_org, ai_insight, kpi_count, kpi_pct, load_no, final_flag, date_modify) VALUES (379, 10, 2, 1, '1', 'Туман иқтисодиётининг 4 та драйвери', 'Устувор соҳалар ва уларнинг улуши', 'Жами: 4 та устувор соҳа | 1-устувор: Нефть ва газ — ҳудуднинг стратегик пойдевори | 2-устувор: Саноат (34,1%) — йирик ва кичик корхоналарнинг жадал ривожланиши | 3-устувор: Чорвачилик — қишлоқ хўжалигидаги асосий драйвер | 4-устувор: Хизмат кўрсатиш (34,9%) — аҳоли бандлиги энг юқори бўлган соҳа (10,3 минг киши)', TRUE, 'Туман ҳокимияти / Статистика бўлими', 'Туман иқтисодиётида саноат ва хизматлар улуши деярли тенглашгани (34% ва 35%) мувозанатли ривожланишдан далолат беради. Стратегия: нефть-газ сектори атрофида хизмат кўрсатиш ва кичик ишлаб чиқариш субъектларини (кооперация) кўпайтириш орқали бандликни янада ошириш мумкин.', NULL, NULL, 1, TRUE, '2026-04-28 12:00:00+05'::TIMESTAMPTZ);
INSERT INTO indicators (indicator_id, district_id, no, slide, slide_no, name, description, value, found, source_org, ai_insight, kpi_count, kpi_pct, load_no, final_flag, date_modify) VALUES (380, 10, 3, 1, '1', 'Саноат маҳсулотлари динамикаси (2021-2025)', 'Ишлаб чиқариш ҳажми ва ўсиш суръати', '2021: 777,0 | 2022: 921,2 | 2023: 1245,5 | 2024: 1359,1 | 2025: 1679,9 (млрд сўм)', TRUE, 'Туман статистика бўлими', 'Йирик корхоналар ишлаб чиқаришда етакчи (1,1 трлн сўм), бироқ кичик бизнес улуши 2024 йилдан бошлаб кескин ортгани (180 млрддан 482 млрдга) диққатга сазовор. Стратегия: кичик бизнеснинг бундай «сакраши» (3 баробар) туманда тадбиркорлик муҳити яхшиланганини билдиради. Бу динамикани сақлаб қолиш учун кичик саноат зоналари инфратузилмасини кенгайтириш лозим.', NULL, NULL, 1, TRUE, '2026-04-28 12:00:00+05'::TIMESTAMPTZ);
INSERT INTO indicators (indicator_id, district_id, no, slide, slide_no, name, description, value, found, source_org, ai_insight, kpi_count, kpi_pct, load_no, final_flag, date_modify) VALUES (381, 10, 4, 1, '1', 'Маҳаллий бюджет динамикаси', 'Даромадлар ҳажми (млрд сўм)', '2021: 27,6 | 2022: 52,6 | 2023: 63,9 | 2024: 48,8 | 2025: 90,5 (млрд сўм)', TRUE, 'Туман молия бўлими', 'Маҳаллий бюджет даромадлари 5 йил ичида 3 баробардан зиёд ошган. 2025 йилги прогноз (90,5 млрд сўм) режалаштирилган контингентдан (80,2 млрд сўм) юқорилиги солиқ тушумларининг кутилганидан кўпроқ бўлишини англатади. Стратегия: бюджетнинг қўшимча даромадларини ҳудуднинг логистика ва йўл инфратузилмасига йўналтириш юк айланмасини (3,4 млн тонна) янада оширишга хизмат қилади. Бу эса ўз навбатида туманнинг транзит салоҳиятини кенгайтиради.', NULL, NULL, 1, TRUE, '2026-04-28 12:00:00+05'::TIMESTAMPTZ);
INSERT INTO indicators (indicator_id, district_id, no, slide, slide_no, name, description, value, found, source_org, ai_insight, kpi_count, kpi_pct, load_no, final_flag, date_modify) VALUES (382, 10, 5, 1, '1', 'Ажратилган кредитлар', 'Банк кредитлари ҳажми ва тақсимоти', 'Жами: Маълумот мавжуд эмас', TRUE, 'SQB', 'Ажратилган кредитлар бўйича маълумот ҳозирча тўпланмоқда. Маълумот тайёр бўлгандан кейин янгиланади.', NULL, NULL, 1, TRUE, '2026-04-28 12:00:00+05'::TIMESTAMPTZ);
INSERT INTO indicators (indicator_id, district_id, no, slide, slide_no, name, description, value, found, source_org, ai_insight, kpi_count, kpi_pct, load_no, final_flag, date_modify) VALUES (383, 10, 6, 1, '1', 'Google Trends иқтисодий фаоллик', 'Рақамли қизиқиш индекси (0-100 балл)', 'Жами: Google Trends таҳлили | 2025 йил ҳолати: 72 балл (100 дан) — юқори фаоллик | Динамика: +44 балл (+157,1% ўсиш) | Асосий қидирувлар: Қўнғирот саноат, Инвестиция имкониятлари, Нефть-газ лойиҳалари, Қўнғирот логистика', TRUE, 'Google Trends', '72 балл — бу жуда юқори иқтисодий фаоллик индекси. Қўнғирот туманининг рақамли макондаги қизиқиши 2021 йилга нисбатан 1,5 баробар ошган. Тавсия: туманнинг экспорт ва саноат салоҳиятини хорижий тилларда ҳам тарғиб қилиш орқали қидирув қамровини кенгайтириш ва тўғридан-тўғри хорижий инвестицияларни жалб қилиш мумкин.', NULL, NULL, 1, TRUE, '2026-04-28 12:00:00+05'::TIMESTAMPTZ);
INSERT INTO indicators (indicator_id, district_id, no, slide, slide_no, name, description, value, found, source_org, ai_insight, kpi_count, kpi_pct, load_no, final_flag, date_modify) VALUES (384, 10, 7, 2, '2', 'Ичимлик суви билан таъминланганлик', 'Аҳолининг тоза ичимлик суви билан таъминланиш динамикаси (%)', '2021: 85 | 2022: 87 | 2023: 90 | 2024: 93 | 2025: 95 (%)', TRUE, 'Сув хўжалиги бўлими', 'Қўнғирот тумани ичимлик суви таъминоти бўйича республикадаги энг юқори кўрсаткичлардан бирига (95%) эга. 5 йил ичида ўсиш +10% ни ташкил этган. Стратегия: эндиги асосий эътиборни сув сифатини назорат қилиш ва сув қувурларининг техник ҳолатини рақамли мониторинг (Smart Water) қилишга қаратиш лозим.', NULL, NULL, 1, TRUE, '2026-04-28 12:00:00+05'::TIMESTAMPTZ);
INSERT INTO indicators (indicator_id, district_id, no, slide, slide_no, name, description, value, found, source_org, ai_insight, kpi_count, kpi_pct, load_no, final_flag, date_modify) VALUES (385, 10, 8, 2, '2', 'Ички йўллар таъмирланиш даражаси', 'Йўл инфратузилмаси ҳолати', 'Жами: Йўл инфратузилмаси | Умумий йўллар узунлиги: 1 332,5 км | Темир йўл станциясигача масофа: 0,5 км | Асфальтланган йўллар: 746,1 км (тахминан 56%)', TRUE, 'Йўл хўжалиги бўлими', 'Темир йўл станциясининг туман марказига жуда яқинлиги (500 метр) логистика учун улкан устунлик беради. Тавсия: юк айланмаси юқорилигини (3,4 млн тонна) инобатга олиб, ички йўлларнинг юк кўтариш қобилиятини ошириш ва станция атрофида замонавий транспорт-логистика хабларини ташкил этиш зарур.', NULL, NULL, 1, TRUE, '2026-04-28 12:00:00+05'::TIMESTAMPTZ);
INSERT INTO indicators (indicator_id, district_id, no, slide, slide_no, name, description, value, found, source_org, ai_insight, kpi_count, kpi_pct, load_no, final_flag, date_modify) VALUES (386, 10, 9, 2, '2', 'Электр таъминоти сифат даражаси', 'Тизимдаги муаммолар ва модернизация эҳтиёжи', 'Жами: Электр инфратузилмаси | Электр узилишлари: ойига ўртача 1,8 марта (паст, ижобий) | Трансформаторлар: 50% эскирган | Электр линиялари: 58% алмаштирилиши керак', TRUE, 'Электр тармоқлари корхонаси', 'Узилишлар сони кам бўлса-да, тармоқнинг ярмидан кўпи (50-58%) модернизацияга муҳтож. Бу саноат ҳажми ортиши билан (2025 йилда 1,6 трлн сўм) тизимга оғирлик қилиши мумкин. Тавсия: давлат дастурлари доирасида трансформатор паркини янгилашни тезлаштириш лозим.', NULL, NULL, 1, TRUE, '2026-04-28 12:00:00+05'::TIMESTAMPTZ);
INSERT INTO indicators (indicator_id, district_id, no, slide, slide_no, name, description, value, found, source_org, ai_insight, kpi_count, kpi_pct, load_no, final_flag, date_modify) VALUES (387, 10, 10, 2, '2', 'Ер тоифалари бўйича рўйхат', 'Ҳудудий тақсимот ва ер ресурслари (га)', 'Жами: Ер ресурслари таҳлили | Умумий майдон: 7 599 581 гектар | Суғориладиган ер майдони: 38 675 гектар | Суғориш каналлари бетонлашиши: 32,4% | Аҳоли зичлиги: 0,54 киши/км²', TRUE, 'Кадастр агентлиги', 'Ҳудуднинг катталиги ва аҳоли зичлигининг пастлиги (0,54 киши/км²) тоғ-кон ва йирик саноат лойиҳалари учун қулай. Тавсия: каналларнинг бетонлашишини (32%) ошириш орқали 38,7 минг гектар суғориладиган ерда сув исрофини камайтириш ва аграр драйверни кучайтириш мумкин.', NULL, NULL, 1, TRUE, '2026-04-28 12:00:00+05'::TIMESTAMPTZ);
INSERT INTO indicators (indicator_id, district_id, no, slide, slide_no, name, description, value, found, source_org, ai_insight, kpi_count, kpi_pct, load_no, final_flag, date_modify) VALUES (388, 10, 11, 2, '2', 'Жамоат транспортидан фойдаланиш', 'Мобиллик ва транспорт кўрсаткичлари', 'Жами: Транспорт ва алоқа | Йўловчи ташиш: йилига 7,9 млн киши | Юк ташиш: йилига 3,4 млн тонна | Интернет қоплами: 97,4% / 1 Гбит/с', TRUE, 'Туман статистика бўлими', 'Интернет қоплами ва тезлиги (1 Гбит/с) идеал даражада. Бу жамоат транспортини рақамлаштириш, онлайн чипталар ва йўналишларни GPS орқали кузатиш тизимини 100% жорий этиш имконини беради.', NULL, NULL, 1, TRUE, '2026-04-28 12:00:00+05'::TIMESTAMPTZ);
INSERT INTO indicators (indicator_id, district_id, no, slide, slide_no, name, description, value, found, source_org, ai_insight, kpi_count, kpi_pct, load_no, final_flag, date_modify) VALUES (389, 10, 12, 2, '2', 'Мактабгача таълим қамрови', 'Болаларни боғчаларга қамраб олиш даражаси (%)', '2021: 88,6 | 2022: 90,5 | 2023: 87,0 | 2024: 93,2 | 2025: 91,2 (%)', TRUE, 'Мактабгача ва мактаб таълими бўлими', 'Қўнғирот туманида мактабгача таълим қамрови республика ўртача кўрсаткичларидан анча юқори ва барқарор (90% атрофида) сақланиб қолмоқда. 2023 йилдаги бироз пасайишдан сўнг, 2024 йилда кўрсаткич рекорд даражага (93,2%) етган.', NULL, NULL, 1, TRUE, '2026-04-28 12:00:00+05'::TIMESTAMPTZ);
INSERT INTO indicators (indicator_id, district_id, no, slide, slide_no, name, description, value, found, source_org, ai_insight, kpi_count, kpi_pct, load_no, final_flag, date_modify) VALUES (390, 10, 13, 3, '3', 'Меҳнат ресурслари', 'Меҳнат ресурслари, банд аҳоли ва маош динамикаси', '2021: 72,3 | 2022: 72,5 | 2023: 73,2 | 2024: 73,8 | 2025: 74,8 (минг киши)', TRUE, 'Бандлик маркази / Статистика бўлими', 'Меҳнат ресурслари 5 йил ичида барқарор ўсиб, иш ҳақи миқдори 68% га ошган (3 237,7 дан 5 437,1 минг сўмга). Бу саноат драйверларининг ижобий таъсирини кўрсатади.', NULL, NULL, 1, TRUE, '2026-04-28 12:00:00+05'::TIMESTAMPTZ);
INSERT INTO indicators (indicator_id, district_id, no, slide, slide_no, name, description, value, found, source_org, ai_insight, kpi_count, kpi_pct, load_no, final_flag, date_modify) VALUES (391, 10, 14, 3, '3', 'Бандликни ошириш имкониятлари', 'Расмий ва норасмий бандлик динамикаси', 'Жами: Бандлик таҳлили | Расмий рўйхатдагилар (2025): 29 441 киши (2021: 25 256 → 2025: 29 441) | Норасмий бандлик (2025): 14 116 киши (2021: 13 987 → 2025: 14 116) | Солиқ йўқотиш: йиллик ~13 млрд сўм', TRUE, 'Бандлик маркази / Давлат солиқ қўмитаси', 'Норасмий секторда 14,1 минг кишининг мавжудлиги бюджет учун йиллик 13 млрд сўм солиқ йўқотишини англатади. Уларни легаллаштириш асосий имкониятдир.', NULL, NULL, 1, TRUE, '2026-04-28 12:00:00+05'::TIMESTAMPTZ);
INSERT INTO indicators (indicator_id, district_id, no, slide, slide_no, name, description, value, found, source_org, ai_insight, kpi_count, kpi_pct, load_no, final_flag, date_modify) VALUES (392, 10, 15, 3, '3', 'Ишсизлик кўрсаткичлари', 'Расмий ишсизлик, ишсизлар сони ва қайтган мигрантлар динамикаси', '2021: 9,9 | 2022: 9,6 | 2023: 7,4 | 2024: 6,0 | 2025: 4,6 (%)', TRUE, 'Бандлик маркази', 'Ишсизлик даражаси 5 йил ичида 2 баробардан кўпроққа камайган (9,9% дан 4,6% га). Қайтган мигрантларни (2025: 2 435 киши) қайта ўқитиш ва бандлигини таъминлаш асосий вазифа бўлиб қолмоқда.', 3064, 4.6, 1, TRUE, '2026-04-28 12:00:00+05'::TIMESTAMPTZ);
INSERT INTO indicators (indicator_id, district_id, no, slide, slide_no, name, description, value, found, source_org, ai_insight, kpi_count, kpi_pct, load_no, final_flag, date_modify) VALUES (393, 10, 16, 3, '3', 'Камбағаллик кўрсаткичлари', 'Камбағаллик даражаси ва камбағал оилалар сони динамикаси', '2021: 18,2 | 2022: 16,3 | 2023: 13,5 | 2024: 9,1 | 2025: 3,2 (%)', TRUE, 'Статистика бўлими / МФЙ', 'Камбағаллик даражаси 18,2% дан 3,2% гача тушиши кескин ижобий натижа. Қолган 1 086 та оилани микрокредит ва субсидиялар орқали қамраб олиш зарур.', 1086, 3.2, 1, TRUE, '2026-04-28 12:00:00+05'::TIMESTAMPTZ);
INSERT INTO indicators (indicator_id, district_id, no, slide, slide_no, name, description, value, found, source_org, ai_insight, kpi_count, kpi_pct, load_no, final_flag, date_modify) VALUES (394, 10, 17, 3, '3', '«Барқарор келажак» — ёшлар даромадини ошириш', 'Ёшлар бандлиги ва рақамли имкониятлар', 'Жами: Ёшлар бандлиги кўрсаткичлари | Ёшлар ишсизлиги (2025): 1 661 киши | Ёшлар саноат ва тадбиркорлик зонаси: 1 та | Интернет тезлиги: 1 Гбит/с | Интернет қоплами: 97,4%', TRUE, 'Бандлик маркази / Ёшлар агентлиги', 'Ёшларнинг юқори интернет тезлигидан фойдаланиб IT-сервис соҳасига йўналиши уларнинг даромадини 2 баробарга ошириши мумкин.', NULL, NULL, 1, TRUE, '2026-04-28 12:00:00+05'::TIMESTAMPTZ);
INSERT INTO indicators (indicator_id, district_id, no, slide, slide_no, name, description, value, found, source_org, ai_insight, kpi_count, kpi_pct, load_no, final_flag, date_modify) VALUES (395, 10, 18, 3, '3', 'Аёллар бандлиги ва даромадини ошириш', 'Аёллар ишсизлиги ва ижтимоий қўллаб-қувватлов', 'Жами: Аёллар бандлиги кўрсаткичлари | Аёллар ишсизлиги (2025): 1 425 киши | Бола нафақаси олувчи оилалар: 3 091 та | Ногиронлиги бўлган банд аҳоли: 8 441 киши', TRUE, 'Бандлик маркази / Ижтимоий ҳимоя', 'Аёллар учун касаначилик ва кичик бизнес лойиҳаларини кўпайтириш, ишсиз 1 425 нафар аёлни банд қилишнинг энг самарали йўлидир.', NULL, NULL, 1, TRUE, '2026-04-28 12:00:00+05'::TIMESTAMPTZ);
INSERT INTO indicators (indicator_id, district_id, no, slide, slide_no, name, description, value, found, source_org, ai_insight, kpi_count, kpi_pct, load_no, final_flag, date_modify) VALUES (396, 10, 19, 3, '3', 'Қўнғирот туманидаги техникумлар', 'Профессионал таълим ва касбга йўналтириш самарадорлиги', 'Жами: 1 760 нафар ўқувчи | Муассасалар сони: 2 та техникум | Жами ўқувчилар: 1 760 нафар | Ёшлар ишсизлиги: 1 661 нафар | Қайтган мигрантлар: 2 435 нафар', TRUE, 'Бандлик маркази / Туман ҳокимияти', 'Туманда 2 та техникумда 1 760 нафар ўқувчи таҳсил олаётгани — ҳудуднинг йирик саноат салоҳияти (нефть-газ ва кимё) учун мустаҳкам пойдевордир. Ишсиз ёшлар сони (1 661 нафар) техникумлардаги ўқувчилар сонига деярли тенглиги таълим ва меҳнат бозори ўртасида кучли мутаносиблик яратиш имконини беради.', NULL, NULL, 1, TRUE, '2026-04-28 12:00:00+05'::TIMESTAMPTZ);
INSERT INTO indicators (indicator_id, district_id, no, slide, slide_no, name, description, value, found, source_org, ai_insight, kpi_count, kpi_pct, load_no, final_flag, date_modify) VALUES (397, 10, 20, 4, '4', 'Сунъий интеллект куни ва ходимлар малакасини ошириш', 'Туманда бошқарув ва хизмат кўрсатиш жараёнларини СИ орқали оптималлаштириш', 'Жами: «Digital Kung''irot» СИ дастури | Тадбир: ҳар чоршанба — СИ ўқув куни | Қамров: банк ходимлари ва ҳокимият мутахассислари | Инновация: маҳаллий муаммоларни СИ таҳлили орқали ечиш тизими', TRUE, 'SQB / Туман ҳокимияти', 'Туман ходимларининг рақамли саводхонлигини ошириш саноат соҳасидаги катта ҳажмли маълумотларни (Big Data) қайта ишлаш имконини беради. Кейинги босқичда СИ ёрдамида туманнинг экспорт прогнозларини автоматик шакллантириш модулини жорий этиш тавсия этилади.', NULL, NULL, 1, TRUE, '2026-04-28 12:00:00+05'::TIMESTAMPTZ);
INSERT INTO indicators (indicator_id, district_id, no, slide, slide_no, name, description, value, found, source_org, ai_insight, kpi_count, kpi_pct, load_no, final_flag, date_modify) VALUES (398, 10, 21, 4, '4', 'Раҳбарлар ва банкирларни СИ га ўқитиш', 'Қўнғирот тумани сектор раҳбарлари ва банк бошқарувчилари учун интенсив курслар', 'Жами: 4 босқичли таълим модели | Стратегия: Ҳоким ва ўринбосарлари — ҳудудий ривожланишни СИ орқали моделлаштириш | Таҳлил: Банк раҳбарлари — нефть-газ ва кимё лойиҳалари учун СИ-скоринг | Хизмат: Маҳалла банкирлари — 1 Гбит/с тезликдаги интернетдан фойдаланиб онлайн хизмат | Назорат: МФЙ раислари — «Рақамли маҳалла» ҳисобот тизими', TRUE, 'SQB / Рақамли технологиялар вазирлиги', 'Раҳбарларни ўқитишда асосий урғуни Қўнғиротнинг юқори интернет инфратузилмасидан фойдаланишга қаратиш лозим. Бу қарор қабул қилиш тезлигини 3 баробарга оширади.', NULL, NULL, 1, TRUE, '2026-04-28 12:00:00+05'::TIMESTAMPTZ);
INSERT INTO indicators (indicator_id, district_id, no, slide, slide_no, name, description, value, found, source_org, ai_insight, kpi_count, kpi_pct, load_no, final_flag, date_modify) VALUES (399, 10, 22, 4, '4', 'Аҳолини СИ орқали тадбиркорликка ўқитиш', 'Қўнғирот аҳолисини СИ платформаси ёрдамида замонавий касбларга йўналтириш', 'Жами: 2026 йил режаси | Мақсад: 1 100 нафар ишсиз ва мигрантларни СИ орқали профиллаш | СИ-диагностика: мурожаатчининг саноат ёки хизмат кўрсатишга мойиллигини аниқлаш | Натижа: тайёр бизнес-лойиҳа + имтиёзли кредит таклифи', TRUE, 'Бандлик маркази / SQB', 'Қайтган мигрантлар (2 435 нафар) учун СИ-платформа орқали «Техник қайта тайёрлаш» дастурини йўлга қўйиш лозим. Бу уларнинг норасмий бандликдан расмий секторга ўтишини тезлаштиради.', NULL, NULL, 1, TRUE, '2026-04-28 12:00:00+05'::TIMESTAMPTZ);
INSERT INTO indicators (indicator_id, district_id, no, slide, slide_no, name, description, value, found, source_org, ai_insight, kpi_count, kpi_pct, load_no, final_flag, date_modify) VALUES (400, 10, 23, 4, '4', '«SQB AI Advisor» — ақлли ёрдамчи платформа', 'Қўнғиротлик тадбиркорлар ва маҳалла еттилиги учун интеллектуал тизим', 'Жами: SQB AI Advisor имкониятлари | Бизнес-инкубатор: кимё ва қурилиш материаллари соҳасида автоматик бизнес-режалар | Маркет-аналитик: туманнинг экспорт салоҳиятини ҳисобга олган бозор таҳлили | Молиявий консалтинг: кредит олиш имкониятларини 1 дақиқада ҳисоблаш', TRUE, 'SQB', '«SQB AI Advisor» орқали туманнинг 18 та минерал туз конлари атрофида кичик лойиҳаларни генерация қилиш ва тадбиркорларга тайёр кейс сифатида тақдим этиш тавсия этилади.', NULL, NULL, 1, TRUE, '2026-04-28 12:00:00+05'::TIMESTAMPTZ);
INSERT INTO indicators (indicator_id, district_id, no, slide, slide_no, name, description, value, found, source_org, ai_insight, kpi_count, kpi_pct, load_no, final_flag, date_modify) VALUES (401, 10, 24, 4, '4', 'Маҳалла драйвер секторлари', 'Маҳалла даражасида иқтисодий ўсишни бошқарувчи тармоқлар', 'Жами: 3 та драйвер сектор | Хизматлар: транспорт ва халқаро йўл бўйи сервиси | Ишлаб чиқариш: кимёвий хом ашёни қайта ишлаш | Чорвачилик: яйлов ресурсларидан фойдаланиш (1,7 млн га)', TRUE, 'МФЙ агентлиги / SQB', 'Драйвер секторларни туманнинг кучли томони бўлган халқаро транспорт йўли билан боғлаш керак. Хизмат кўрсатиш соҳасида «Ақлли логистика» тизимини жорий этиш ва чорвачиликда сув танқислиги сабабли интенсив технологияларни қўллаш орқали самарадорликни 2 баробар ошириш мумкин.', NULL, NULL, 1, TRUE, '2026-04-28 12:00:00+05'::TIMESTAMPTZ);
INSERT INTO indicators (indicator_id, district_id, no, slide, slide_no, name, description, value, found, source_org, ai_insight, kpi_count, kpi_pct, load_no, final_flag, date_modify) VALUES (402, 10, 25, 4, '4', 'Микролойиҳалар сони ва иш ўринлари', '2026 йил учун инвестиция ва бандлик дастури', 'Жами: 2026 йил режаси | Микролойиҳалар сони: 390 та | Янги иш ўринлари: 250 та (100 кунлик режа доирасида) | Маҳаллий банкирлар: 3 нафар (1 аёл, 2 эркак)', TRUE, 'SQB / Туман ҳокимияти', '390 та микролойиҳани амалга ошириш учун ҳар бир маҳаллий банкирга юклама юқори. Тавсия: «SQB AI Advisor» платформаси орқали лойиҳаларни скоринг қилиш ва бизнес-режаларни автоматлаштириш орқали жараённи тезлаштириш лозим. Асосий урғуни 18% гина ишлатилаётган табиий ресурсларни қайта ишлашга қаратиш зарур.', NULL, NULL, 1, TRUE, '2026-04-28 12:00:00+05'::TIMESTAMPTZ);
INSERT INTO indicators (indicator_id, district_id, no, slide, slide_no, name, description, value, found, source_org, ai_insight, kpi_count, kpi_pct, load_no, final_flag, date_modify) VALUES (403, 10, 26, 4, '4', 'Ишсизлик юқори маҳаллалар', 'Ижтимоий-иқтисодий аҳволи оғир бўлган ҳудудлар', 'Жами: 7 та оғир тоифадаги маҳалла | Фокус: манзилли бандлик ва 100 кунлик ҳаракат режаси', TRUE, 'МФЙ агентлиги', 'Оғир тоифадаги 7 та маҳаллани «Енгил» тоифага ўтказиш учун «Маҳалла драйвери» тизимидан фойдаланиш керак. Бу ҳудудларда кичик саноат зоналарини ташкил этиш ва аҳолини Ҳамроҳ дастури орқали тадбиркорликка жалб қилиш, ишсизлик даражасини йил якунигача 3-4% га тушириш имконини беради.', NULL, NULL, 1, TRUE, '2026-04-28 12:00:00+05'::TIMESTAMPTZ);
INSERT INTO indicators (indicator_id, district_id, no, slide, slide_no, name, description, value, found, source_org, ai_insight, kpi_count, kpi_pct, load_no, final_flag, date_modify) VALUES (404, 10, 27, 4, '4', '«Ҳар бир оила — тадбиркор» дастури', 'Қишлоқ хўжалиги ва кичик бизнесни молиялаштириш', 'Жами: Оилавий тадбиркорлик салоҳияти | Қишлоқ хўжалиги ҳажми (2025): 1 242,4 млрд сўм | Фермер кластерлари: 2 та | Яйлов ресурси: 1,7 млн гектар', TRUE, 'Марказий банк / Қ/х бўлими', 'Дастур доирасида маблағларни туманнинг заиф томони бўлган сув танқислигини камайтирувчи технологияларга (томчилатиб суғориш) йўналтириш лозим. Шунингдек, яйловларда чорвачиликни ривожлантириш учун оилавий микро-фермаларни ташкил этиш мақсадга мувофиқ.', NULL, NULL, 1, TRUE, '2026-04-28 12:00:00+05'::TIMESTAMPTZ);
INSERT INTO indicators (indicator_id, district_id, no, slide, slide_no, name, description, value, found, source_org, ai_insight, kpi_count, kpi_pct, load_no, final_flag, date_modify) VALUES (405, 10, 28, 4, '4', '«HAMROH» хотин-қизлар тадбиркорлиги', 'Аёллар бандлигини ошириш ва молиявий қўллаб-қувватлаш', 'Жами: Аёллар тадбиркорлиги дастури | Масъул банкир: 1 нафар аёл банкир | Мақсад: хотин-қизлар орасидаги ишсизликни камайтириш', TRUE, 'SQB / Марказий банк', 'Қўнғиротда аёллар бандлигини таъминлаш учун ҳунармандчилик ва кичик хизмат кўрсатиш соҳаларида (7 та маҳалла ихтисослашган) «HAMROH» кредитидан фойдаланиш керак. Аёл банкир бошчилигида маҳаллаларда «Тадбиркор аёллар клуби»ни ташкил этиш орқали лойиҳалар сифатини ошириш тавсия этилади.', NULL, NULL, 1, TRUE, '2026-04-28 12:00:00+05'::TIMESTAMPTZ);
INSERT INTO indicators (indicator_id, district_id, no, slide, slide_no, name, description, value, found, source_org, ai_insight, kpi_count, kpi_pct, load_no, final_flag, date_modify) VALUES (406, 10, 29, 4, '4', 'Ишсизлик юқори маҳаллаларни ҳоли ҳудудга айлантириш режаси', '100 кунлик тезкор ҳаракат дастури', 'Жами: 100 кунлик режа | Янги иш ўринлари: 250 та | Янги лойиҳалар: 100 та | Экспорт ўсиши: +10%', TRUE, 'SQB / Туман ҳокимияти', 'Ишсизлик юқори бўлган 7 та оғир маҳаллани ҳоли ҳудудга айлантириш учун чегара ҳудудидаги саноат зонаси имкониятларидан фойдаланиш зарур. Бу ҳудудларда ишлаб чиқарилган маҳсулотларни экспортга йўналтириш орқали ҳам бандлик, ҳам валюта тушуми таъминланади.', NULL, NULL, 1, TRUE, '2026-04-28 12:00:00+05'::TIMESTAMPTZ);
INSERT INTO indicators (indicator_id, district_id, no, slide, slide_no, name, description, value, found, source_org, ai_insight, kpi_count, kpi_pct, load_no, final_flag, date_modify) VALUES (407, 10, 30, 5, '5', 'Кимё ва газ-кимё кластери', 'Тайёр полимер ва кимёвий маҳсулотлар ишлаб чиқариш йўналиши', 'Жами: Кимёвий хаб салоҳияти | Хомашё базаси: «Устюрт ГКМ» (Surgil) ва «Қўнғирот сода заводи» яқинлиги | Имконият: полиэтилен ва сода асосида маиший кимё, пластик буюмлар ва шиша маҳсулотлари | Инвестиция салоҳияти: $50–150 млн', TRUE, 'Иқтисодиёт ва молия вазирлиги', 'Қўнғиротни нафақат хомашё етказувчи, балки тайёр маҳсулот ишлаб чиқарувчи «Кимёвий хаб»га айлантириш лозим. Саноат зоналарида кичик ва ўрта бизнес учун хомашёга тўғридан-тўғри квоталар ажратиш самара беради.', NULL, NULL, 1, TRUE, '2026-04-28 12:00:00+05'::TIMESTAMPTZ);
INSERT INTO indicators (indicator_id, district_id, no, slide, slide_no, name, description, value, found, source_org, ai_insight, kpi_count, kpi_pct, load_no, final_flag, date_modify) VALUES (408, 10, 31, 5, '5', 'Халқаро транспорт-логистика маркази', 'А-380 халқаро трассаси ва темир йўл кесишмаси — логистика қуввати', 'Жами: Транспорт-логистика салоҳияти | Стратегик жойлашув: Шимолий дарвоза (Қозоғистон орқали Россия ва Европага чиқиш) | Лойиҳа: «Қуруқ порт» ва божхона терминали | Хизмат экспорти: юк ташиш ва омборхона хизматлари', TRUE, 'Транспорт вазирлиги', 'Йўл бўйи инфратузилмасини (Truck Stop) халқаро стандартларга келтириш керак. Ҳайдовчилар ва экспедиторлар учун замонавий сервис марказларини қуриш орқали хизмат кўрсатиш соҳасини 25% га ошириш мумкин.', NULL, NULL, 1, TRUE, '2026-04-28 12:00:00+05'::TIMESTAMPTZ);
INSERT INTO indicators (indicator_id, district_id, no, slide, slide_no, name, description, value, found, source_org, ai_insight, kpi_count, kpi_pct, load_no, final_flag, date_modify) VALUES (409, 10, 32, 5, '5', 'Қайта тикланувчи энергия (Шамол ва Қуёш)', 'Устюрт текислигидаги доимий шамол оқими — яшил энергия потенциали', 'Жами: Яшил энергия салоҳияти | Кўрсаткич: 320+ кун шамолли ва қуёшли давр | Йўналиш: йирик шамол электр станциялари (WPP) | Инвестиция: $100 млн+ (хорижий инвесторлар ҳисобига)', TRUE, 'Энергетика вазирлиги', 'Устюрт кенгликларидан «Яшил энергия» ишлаб чиқаришда фойдаланиш, бу нафақат туманни, балки қўшни ҳудудларни ҳам арзон энергия билан таъминлашга хизмат қилади.', NULL, NULL, 1, TRUE, '2026-04-28 12:00:00+05'::TIMESTAMPTZ);
INSERT INTO indicators (indicator_id, district_id, no, slide, slide_no, name, description, value, found, source_org, ai_insight, kpi_count, kpi_pct, load_no, final_flag, date_modify) VALUES (410, 10, 33, 5, '5', 'Экстремал ва Экотуризм', 'Орол денгизи қирғоқлари, Устюрт каньонлари, Барсакелмес', 'Жами: Экотуризм салоҳияти | Объектлар: Орол денгизи, Устюрт каньонлари, Барсакелмес | Йўналиш: «Off-road» турлар, кемпинг ва астротуризм (юлдузларни кузатиш) | Потенциал: йиллик 50 000+ хорижий экстремал сайёҳ', TRUE, 'Туризм қўмитаси', '«Орол денгизига йўл» брендини кучайтириш. Мўйноқ билан интеграциялашган ҳолда Устюрт платосида эко-меҳмонхоналар ва Глэмпинглар тармоғини ташкил этиш зарур.', NULL, NULL, 1, TRUE, '2026-04-28 12:00:00+05'::TIMESTAMPTZ);
INSERT INTO indicators (indicator_id, district_id, no, slide, slide_no, name, description, value, found, source_org, ai_insight, kpi_count, kpi_pct, load_no, final_flag, date_modify) VALUES (411, 10, 34, 5, '5', 'Қурилиш материаллари саноати', 'Оҳактош, кварц қуми ва минерал туз конлари — қурилиш кластери', 'Жами: Қурилиш материаллари салоҳияти | Ресурс: оҳактош, кварц қуми ва минерал туз конлари | Имконият: ойна, қуруқ қурилиш аралашмалари ва иссиқлик сақловчи плиталар | Лойиҳа: 10 га майдонда «Қурилиш материаллари кластери»', TRUE, 'Геология қўмитаси', 'Маҳаллий хомашёдан фойдаланиб, экспортга йўналтирилган энергия тежовчи қурилиш материаллари ишлаб чиқаришни йўлга қўйиш, логистика харажатлари пастлиги ҳисобига рақобатбардошликни таъминлайди.', NULL, NULL, 1, TRUE, '2026-04-28 12:00:00+05'::TIMESTAMPTZ);
INSERT INTO indicators (indicator_id, district_id, no, slide, slide_no, name, description, value, found, source_org, ai_insight, kpi_count, kpi_pct, load_no, final_flag, date_modify) VALUES (412, 10, 35, 5, '5', 'Агротехнология ва чорвачилик', 'Катта ер майдонлари ва яйловлар — чорвачилик ва агротехнология салоҳияти', 'Жами: Агро салоҳият | Ресурс: катта ер майдонлари ва яйловлар | Йўналиш: туячилик ва терини қайта ишлаш | Технология: шўрланишга чидамли экинлар ва гидропоника', TRUE, 'Қишлоқ хўжалиги вазирлиги', 'Туя сути (қимиз) ва юнгини қайта ишлаш бўйича кичик корхоналар очиш. Бу чўл шароитида аҳоли бандлигини таъминлашнинг энг оптимал йўлидир.', NULL, NULL, 1, TRUE, '2026-04-28 12:00:00+05'::TIMESTAMPTZ);
INSERT INTO indicators (indicator_id, district_id, no, slide, slide_no, name, description, value, found, source_org, ai_insight, kpi_count, kpi_pct, load_no, final_flag, date_modify) VALUES (413, 10, 36, 6, '6', 'Стратегик хулоса: Қўнғирот – 2030', 'Концепция: «Саноат ва Логистика маркази»', 'Жами: Қўнғирот — Ўзбекистоннинг шимолий иқтисодий қалқони | Хулоса: кимё саноати ва транзит имкониятлари туманни яқин 5 йилда вилоятдаги энг йирик донорга айлантириши мумкин | Асосий драйвер: газ-кимё ва логистика уйғунлиги', TRUE, 'SQB', 'Туман иқтисодиётини диверсификация қилиш учун фақат хомашёга боғланиб қолмай, хизмат кўрсатиш ва юқори технологияли ишлаб чиқаришни (IT-логистика) ривожлантириш лозим.', NULL, NULL, 1, TRUE, '2026-04-28 12:00:00+05'::TIMESTAMPTZ);
INSERT INTO indicators (indicator_id, district_id, no, slide, slide_no, name, description, value, found, source_org, ai_insight, kpi_count, kpi_pct, load_no, final_flag, date_modify) VALUES (414, 10, 37, 6, '6', '«Йўл харитаси» – Биринчи босқич (2026)', 'Инфратузилма ва рақамлаштириш мақсадлари', 'Жами: 2026 йил биринчи босқич | Логистика: А-380 трассаси бўйича 3 та замонавий сервис мажмуасини ишга тушириш | Энергетика: корхоналарнинг 30% қисмини қуёш панелларига ўтказиш | Таълим: кимё ва логистика бўйича профессионал кадрлар тайёрлаш марказини очиш', TRUE, 'Хокимият', 'Биринчи босқичда 3 та устувор йўналишга эътибор қаратиш керак: логистика инфратузилмаси, яшил энергетика ва кадрлар тайёрлаш. Бу учлик бирга ишлаганда синергия эффекти пайдо бўлади — замонавий сервис марказлари янги иш ўринлари яратади, қуёш энергияси таннархни пасайтиради, малакали кадрлар эса барча лойиҳаларнинг сифатини оширади.', NULL, NULL, 1, TRUE, '2026-04-28 12:00:00+05'::TIMESTAMPTZ);
INSERT INTO indicators (indicator_id, district_id, no, slide, slide_no, name, description, value, found, source_org, ai_insight, kpi_count, kpi_pct, load_no, final_flag, date_modify) VALUES (415, 10, 38, 6, '6', 'Кутилаётган натижалар (KPI)', 'Прогноз кўрсаткичлари — 2027 йил якунигача', 'Жами: 2027 йил KPI мақсадлари | ЯҲМ ўсиши: +12–15% йиллик | Янги иш ўринлари: 5 000 та (асосан ёшлар ва хотин-қизлар учун) | Инвестиция ҳажми: $500 млн (тўғридан-тўғри хорижий инвестициялар)', TRUE, 'SQB', 'Ушбу мақсадларга эришиш учун «Инвесторлар учун очиқ эшиклар» тизимини яратиш ва бюрократияни минималлаштириш зарур.', NULL, NULL, 1, TRUE, '2026-04-28 12:00:00+05'::TIMESTAMPTZ);
INSERT INTO indicators (indicator_id, district_id, no, slide, slide_no, name, description, value, found, source_org, ai_insight, kpi_count, kpi_pct, load_no, final_flag, date_modify) VALUES (416, 10, 39, 6, '6', 'Хавф-хатарларни бошқариш', 'Сув тақчиллиги ва экология — асосий муаммо ва ечимлар', 'Жами: Экологик хавф-хатарлар | Муаммо: сув тақчиллиги ва экология | Ечим: сув тежовчи технологияларни 100% жорий этиш ва «Яшил белбоғ» лойиҳасини кенгайтириш (Саксовул экиш)', TRUE, 'Хокимият', 'Экологик барқарорлик — иқтисодий ўсишнинг асоси бўлиши керак. Ҳар бир йирик лойиҳа экологик экспертизадан ўтиши шарт.', NULL, NULL, 1, TRUE, '2026-04-28 12:00:00+05'::TIMESTAMPTZ);
INSERT INTO districts (district_id, region_id, slug, name_uz, name_ru, name_en, district_name, json_file, has_data, type, year, total_cards, load_no, final_flag, date_modify) VALUES (11, 4, 'qonlikol', 'Қонлиқўл', 'Канлыкуль', 'Qonlikol', '', 'qonlikol.json', TRUE, NULL, NULL, 43, 1, TRUE, '2026-04-28 12:00:00+05'::TIMESTAMPTZ);
INSERT INTO hero_kpis (hero_kpi_id, district_id, metric_name, metric_value, metric_unit, load_no, final_flag, date_modify) VALUES (33, 11, 'Аҳоли', 54.8, 'минг киши', 1, TRUE, '2026-04-28 12:00:00+05'::TIMESTAMPTZ);
INSERT INTO hero_kpis (hero_kpi_id, district_id, metric_name, metric_value, metric_unit, load_no, final_flag, date_modify) VALUES (34, 11, 'Маҳалла', 11, 'та', 1, TRUE, '2026-04-28 12:00:00+05'::TIMESTAMPTZ);
INSERT INTO hero_kpis (hero_kpi_id, district_id, metric_name, metric_value, metric_unit, load_no, final_flag, date_modify) VALUES (35, 11, 'Оила', 10787, 'та', 1, TRUE, '2026-04-28 12:00:00+05'::TIMESTAMPTZ);
INSERT INTO hero_kpis (hero_kpi_id, district_id, metric_name, metric_value, metric_unit, load_no, final_flag, date_modify) VALUES (36, 11, 'Хонадон', 9674, 'та', 1, TRUE, '2026-04-28 12:00:00+05'::TIMESTAMPTZ);
INSERT INTO indicators (indicator_id, district_id, no, slide, slide_no, name, description, value, found, source_org, ai_insight, kpi_count, kpi_pct, load_no, final_flag, date_modify) VALUES (417, 11, 1, 1, '1', 'Туманнинг макроиқтисодий кўрсаткичлари', 'Саноат ҳажми ва ташқи савдо динамикаси', 'Жами: 2025 йил кўрсаткичлари | Саноат ҳажми: 2021: 356,4 → 2022: 332,6 → 2023: 431,0 → 2024: 443,2 → 2025: 548,3 (млрд сўм) | Экспорт (2024): 13 872,3 минг $ | Импорт (2024): 3 265,7 минг $ | Ташқи савдо сальдоси: +10,6 млн $ (ижобий)', TRUE, 'Статистика ва Савдо-саноат палатаси', 'Туман иқтисодиётида экспорт ҳажми импортдан қарийб 4 баробар кўплиги жуда ижобий кўрсаткич. Саноат ҳажми 2025 йилда 548,3 млрд сўмга етиши прогноз қилинмоқда. Тавсия: экспортнинг асосий қисми тўқимачиликка тўғри келишини инобатга олиб, маҳсулот турини диверсификация қилиш лозим.', NULL, NULL, 1, TRUE, '2026-04-28 12:00:00+05'::TIMESTAMPTZ);
INSERT INTO indicators (indicator_id, district_id, no, slide, slide_no, name, description, value, found, source_org, ai_insight, kpi_count, kpi_pct, load_no, final_flag, date_modify) VALUES (418, 11, 2, 1, '1', 'Туман иқтисодиётининг драйверлари', 'Асосий ўсиш нуқталари ва бандлик тақсимоти', 'Жами: 3 та драйвер | 1-устувор: Тўқимачилик (саноат пойдевори) | 2-устувор: Қишлоқ хўжалиги (бандликнинг асосий манбаи) | 3-устувор: Озиқ-овқат маҳсулотлари ишлаб чиқариш | Бандлик: Қ/х 9,3 минг, Хизмат 3,4 минг, Саноат 2,5 минг киши', TRUE, 'Туман ҳокимияти / Бандлик маркази', 'Қишлоқ хўжалигида бандлик юқори (9,3 минг киши), лекин ЯҲМ таркибида хизматлар улуши 63,4% ни ташкил этади. Тавсия: қишлоқ хўжалиги маҳсулотларини чуқур қайта ишлаш (агрокластерлар) орқали саноатдаги бандликни ва қўшилган қийматни ошириш зарур.', NULL, NULL, 1, TRUE, '2026-04-28 12:00:00+05'::TIMESTAMPTZ);
INSERT INTO indicators (indicator_id, district_id, no, slide, slide_no, name, description, value, found, source_org, ai_insight, kpi_count, kpi_pct, load_no, final_flag, date_modify) VALUES (419, 11, 3, 1, '1', 'Саноат ишлаб чиқариш динамикаси', 'Саноат ишлаб чиқариш индекси ва корхоналар кесими', 'Жами: Саноат таҳлили | Саноат индекси: 2021: 104,0% → 2022: 96,0% (пасайиш) → 2023: 102,8% → 2024: 100,8% → 2025: 109,4% | Йирик корхоналар (2025): 328,1 млрд сўм | Кичик бизнес (2025): 220,1 млрд сўм', TRUE, 'Туман статистика бўлими', '2022 йилдаги пасайишдан сўнг саноат тикланиш босқичига кирди. 2025 йилда кичик бизнеснинг улуши кескин ортиши (220,1 млрд) кутилмоқда. Тавсия: кичик бизнес субъектларини тўқимачилик кластерлари атрофида кооперация асосида ривожлантириш лозим.', NULL, NULL, 1, TRUE, '2026-04-28 12:00:00+05'::TIMESTAMPTZ);
INSERT INTO indicators (indicator_id, district_id, no, slide, slide_no, name, description, value, found, source_org, ai_insight, kpi_count, kpi_pct, load_no, final_flag, date_modify) VALUES (420, 11, 4, 1, '1', 'Маҳаллий бюджет', 'Бюджет даромадлари динамикаси (млрд сўм)', '2021: 7,4 | 2022: 13,1 | 2023: 14,0 | 2024: 14,1 | 2025: 27,8 (млрд сўм)', TRUE, 'Туман молия бўлими', '2025 йилда маҳаллий бюджет даромадлари икки баробар (14,1 дан 27,8 га) ошиши прогноз қилинмоқда. Бу солиқ базасининг кенгайишини англатади. Тавсия: бюджет тушумларининг барқарорлигини таъминлаш учун солиқ имтиёзлари берилган корхоналарнинг самарадорлигини мониторинг қилиш керак.', NULL, NULL, 1, TRUE, '2026-04-28 12:00:00+05'::TIMESTAMPTZ);
INSERT INTO indicators (indicator_id, district_id, no, slide, slide_no, name, description, value, found, source_org, ai_insight, kpi_count, kpi_pct, load_no, final_flag, date_modify) VALUES (421, 11, 5, 1, '1', 'Ажратилган кредитлар (кичик бизнес)', 'Кичик тадбиркорликка ажратилган кредитлар динамикаси', '2021: 80 | 2022: 120 | 2023: 150 | 2024: 200 | 2025: 250 (млрд сўм)', TRUE, 'SQB', 'Кредитлаш ҳажмининг барқарор ўсиши (йиллик ўртача 25-30%) туманда тадбиркорлик фаоллиги ошаётганидан далолат беради. Бироқ, корхоналар демографиясидаги ёпилиш кўрсаткичларини инобатга олган ҳолда, кредитларни нафақат миқдор жиҳатидан кўпайтириш, балки уларнинг самарадорлигини (ROI) назорат қилиш зарур. Тавсия: кредит олган тадбиркорларга «Бизнес-инкубатор» хизматларини кўрсатиш орқали уларнинг фаолиятини ёпилиб кетишдан ҳимоя қилиш ва кредитларнинг қайтувчанлигини таъминлаш лозим.', NULL, NULL, 1, TRUE, '2026-04-28 12:00:00+05'::TIMESTAMPTZ);
INSERT INTO indicators (indicator_id, district_id, no, slide, slide_no, name, description, value, found, source_org, ai_insight, kpi_count, kpi_pct, load_no, final_flag, date_modify) VALUES (422, 11, 6, 1, '1', 'Google Trends иқтисодий фаоллик', 'Рақамли фаоллик индекси (0-100 балл)', 'Жами: Google Trends таҳлили | 2025 йил ҳолати: 54 балл (100 дан) — ўртача фаоллик | 2024 йил ўртача: 48 балл | 2025 йил ўртача: 54 балл (+12,5% ўсиш) | Асосий қидирувлар: Текстиль корхоналари, Иш ўринлари, Тадбиркорлик кредитлари', TRUE, 'Google Trends', 'Рақамли фаоллик индексининг ошиши аҳоли ва бизнеснинг интернет орқали иқтисодий имкониятларни қидириши ортганини билдиради. Тавсия: тўқимачилик ва озиқ-овқат маҳсулотларини сотиш учун маҳаллий тадбиркорларга электрон тижорат (E-commerce) майдончаларидан фойдаланишни ўргатиш керак.', NULL, NULL, 1, TRUE, '2026-04-28 12:00:00+05'::TIMESTAMPTZ);
INSERT INTO indicators (indicator_id, district_id, no, slide, slide_no, name, description, value, found, source_org, ai_insight, kpi_count, kpi_pct, load_no, final_flag, date_modify) VALUES (423, 11, 7, 2, '2', 'Ичимлик суви билан таъминланганлик', 'Таъминот даражаси динамикаси (%)', '2021: 80,3 | 2022: 82,2 | 2023: 83,4 | 2024: 86,6 | 2025: 86,6 (%)', TRUE, 'Сув хўжалиги бўлими', 'Ичимлик суви таъминоти 5 йил ичида 6,3% га яхшиланган ва республика бўйича ижобий кўрсаткичлардан бирига эга. Бироқ, 2024-2025 йилларда ўсиш тўхтаган. Тавсия: қамровни 90% дан ошириш учун чекка овулларда кичик локал сув тозалаш иншоотларини қуриш ва мавжуд тизимни рақамлаштириш лозим.', NULL, NULL, 1, TRUE, '2026-04-28 12:00:00+05'::TIMESTAMPTZ);
INSERT INTO indicators (indicator_id, district_id, no, slide, slide_no, name, description, value, found, source_org, ai_insight, kpi_count, kpi_pct, load_no, final_flag, date_modify) VALUES (424, 11, 8, 2, '2', 'Ички йўллар таъмирланиш даражаси', 'Йўл инфратузилмаси ҳолати', 'Жами: Йўл инфратузилмаси | Умумий йўллар узунлиги: 470,1 км | Асфальтланган йўллар улуши: 85,4% | Вилоят марказигача масофа: 80 км | Темир йўл станциясигача масофа: 0,5 км', TRUE, 'Йўл хўжалиги бўлими', 'Қонлиқўл йўлларнинг асфальтланиш даражаси (85,4%) бўйича юқори кўрсаткичга эга. Энг катта афзаллик — темир йўл станциясининг туман марказига жуда яқинлиги (500 метр). Тавсия: темир йўл яқинида «Қурилиш материаллари логистика маркази»ни ташкил этиш орқали мавжуд йўл инфратузилмасидан фойдаланиш самарадорлигини ошириш мумкин.', NULL, NULL, 1, TRUE, '2026-04-28 12:00:00+05'::TIMESTAMPTZ);
INSERT INTO indicators (indicator_id, district_id, no, slide, slide_no, name, description, value, found, source_org, ai_insight, kpi_count, kpi_pct, load_no, final_flag, date_modify) VALUES (425, 11, 9, 2, '2', 'Электр таъминоти сифат даражаси', 'Тизим барқарорлиги ва модернизация ҳолати', 'Жами: Электр инфратузилмаси | Ойига ўртача узилишлар: 1,2 марта | Трансформаторлар: 100% соз (эскирганлари йўқ) | Линияларни алмаштириш эҳтиёжи: 12,4% (паст) | Газ билан таъминланганлик: 98,7%', TRUE, 'Электр тармоқлари корхонаси', 'Электр таъминоти тизими республикадаги энг намунали ҳолатлардан бирида: трансформаторлар янгиланган ва узилишлар минимал. Тавсия: ушбу барқарор энергия тизимидан фойдаланиб, туманда энергия талаб қиладиган ишлаб чиқариш қувватларини (масалан, совутиш омборхоналари) кўпайтириш керак.', NULL, NULL, 1, TRUE, '2026-04-28 12:00:00+05'::TIMESTAMPTZ);
INSERT INTO indicators (indicator_id, district_id, no, slide, slide_no, name, description, value, found, source_org, ai_insight, kpi_count, kpi_pct, load_no, final_flag, date_modify) VALUES (426, 11, 10, 2, '2', 'Ер тоифалари ва ресурслар', 'Ресурс базаси ва фойдали қазилмалар', 'Жами: Ер ресурслари таҳлили | Умумий майдон: 74 409 гектар | Суғориладиган ер майдони: 33 144 гектар | Аҳоли зичлиги: 74,1 киши/км² | Суғориш каналлари бетонланиши: 67% | Фойдали қазилмалар: 2 та лёссимон жинслар (ғишт хомашёси) кони', TRUE, 'Кадастр агентлиги / Геология', 'Туман суғориш тизими яхши бетонланган (67%), бу сув тежаш имконини беради. Ер майдони кенг ва аҳоли зичлиги пастлиги катта саноат лойиҳалари учун қулай. Тавсия: мавжуд 1 085 минг куб метр лёссимон жинслар захираси асосида пишиқ ғишт ва қурилиш материаллари ишлаб чиқаришни кенгайтириш лозим.', NULL, NULL, 1, TRUE, '2026-04-28 12:00:00+05'::TIMESTAMPTZ);
INSERT INTO indicators (indicator_id, district_id, no, slide, slide_no, name, description, value, found, source_org, ai_insight, kpi_count, kpi_pct, load_no, final_flag, date_modify) VALUES (427, 11, 11, 2, '2', 'Жамоат транспорти ва коммуникация', 'Интернет, канализация ва алоқа сифати', 'Жами: Коммуникация таҳлили | Интернет қоплами: 65% | Интернет тезлиги: 25 Мбит/с | Канализация тармоғи: 2,2% (жуда паст)', TRUE, 'Алоқа компаниялари / Коммунал хизмат', 'Туманнинг энг заиф нуқтаси — канализация тизими (2,2%) ва интернет қоплами (65%). Тавсия: урбанизация даражасини ошириш учун марказий канализация тизимини қуриш бўйича давлат-хусусий шериклик лойиҳаларини ишлаб чиқиш ва интернет қопламини 4G/5G станциялари ҳисобига кенгайтириш зарур.', NULL, NULL, 1, TRUE, '2026-04-28 12:00:00+05'::TIMESTAMPTZ);
INSERT INTO indicators (indicator_id, district_id, no, slide, slide_no, name, description, value, found, source_org, ai_insight, kpi_count, kpi_pct, load_no, final_flag, date_modify) VALUES (428, 11, 12, 2, '2', 'Мактабгача таълим қамрови', '3 645 нафар бола қамраб олинган (81%, 2025 йил)', '2021: 68 | 2022: 74 | 2023: 76 | 2024: 79 | 2025: 81 (%)', TRUE, 'Мактабгача ва мактаб таълими вазирлиги', 'Қамровнинг 81% га етиши ижобий натижа, бироқ қолган 19% болаларни қамраб олиш учун давлат-хусусий шериклик асосидаги нодавлат МТМларни кўпайтириш лозим. Чекка маҳаллаларда оилавий МТМларни қўллаб-қувватлаш ва боғча ёшидаги болаларнинг интеллектуал салоҳиятини ошириш учун МТМларда СИ ёрдамида ишлайдиган интерфаол таълим ўйинларини жорий этиш тавсия этилади.', NULL, NULL, 1, TRUE, '2026-04-28 12:00:00+05'::TIMESTAMPTZ);
INSERT INTO indicators (indicator_id, district_id, no, slide, slide_no, name, description, value, found, source_org, ai_insight, kpi_count, kpi_pct, load_no, final_flag, date_modify) VALUES (429, 11, 13, 3, '3', 'Меҳнат ресурслари', 'Аҳоли, меҳнат ресурслари ва маош динамикаси', 'Жами: Меҳнат бозори таҳлили | Аҳоли (2025): 54,8 минг киши | Меҳнат ресурслари: 2021: 19,37 → 2025: 16,94 (минг киши) | Ўртача маош (2025): 4 007,1 минг сўм | Маҳаллалар: 11 та | Оилалар: 10 787 та | Хонадонлар: 9 674 та', TRUE, 'Статистика бўлими ва Бандлик маркази', 'Аҳоли сони ўсаётган бир шароитда меҳнат ресурсларининг камайиши (19,3 мингдан 16,9 мингга) кузатилмоқда. Бу аҳолининг қариши ёки миграция белгиси бўлиши мумкин. Иш самарадорлигини ошириш учун рақамли технологияларни жорий этиш ва қолган ресурсни юқори даромадли соҳаларга қайта ўқитиш зарур.', NULL, NULL, 1, TRUE, '2026-04-28 12:00:00+05'::TIMESTAMPTZ);
INSERT INTO indicators (indicator_id, district_id, no, slide, slide_no, name, description, value, found, source_org, ai_insight, kpi_count, kpi_pct, load_no, final_flag, date_modify) VALUES (430, 11, 14, 3, '3', 'Бандликни ошириш имкониятлари', 'Расмий ва норасмий бандлик динамикаси', 'Жами: Бандлик таҳлили | Банд аҳоли (2025): 10 180 киши (2021: 8 143 → 2025: 10 180) | Норасмий секторда бандлик: 5 215 киши | Солиқ йўқотиши: йилига 5 млрд сўм', TRUE, 'Бандлик маркази / Давлат солиқ қўмитаси', 'Банд аҳоли сонининг 2024 йилдан бошлаб ўсиши (9,4 минг) ижобий суръат. Норасмий сектордаги 5,2 минг кишини «ўзини-ўзи банд қилиш» орқали легаллаштириш бюджет тушумини кескин оширади.', NULL, NULL, 1, TRUE, '2026-04-28 12:00:00+05'::TIMESTAMPTZ);
INSERT INTO indicators (indicator_id, district_id, no, slide, slide_no, name, description, value, found, source_org, ai_insight, kpi_count, kpi_pct, load_no, final_flag, date_modify) VALUES (431, 11, 15, 3, '3', 'Ишсизлик кўрсаткичлари', '906 нафар ишсиз (5,3%)', '2021: 10,1 | 2022: 9,3 | 2023: 7,5 | 2024: 5,8 | 2025: 5,3 | 2026: 4,9 (%)', TRUE, 'Бандлик маркази', 'Ишсизликни 2021 йилдаги 10,1% дан 2025 йилда 5,3% гача тушириш прогноз қилинган. Бунга эришиш учун асосий эътиборни ишсиз аёлларга (528 киши) қаратиш ва уларни касаначиликка жалб қилиш лозим.', 906, 5.3, 1, TRUE, '2026-04-28 12:00:00+05'::TIMESTAMPTZ);
INSERT INTO indicators (indicator_id, district_id, no, slide, slide_no, name, description, value, found, source_org, ai_insight, kpi_count, kpi_pct, load_no, final_flag, date_modify) VALUES (432, 11, 16, 3, '3', 'Камбағаллик кўрсаткичлари', '1 543 та кам таъминланган оила (6%)', 'Жами: Камбағаллик кўрсаткичлари | Камбағаллик даражаси (2025): 7,5% | Камбағал оилалар: 1 543 та | Камбағаллик тренди: 18% → 14% → 15% → 9% → 7,5% | Мақсад: 2026 йил охиригача 3,6% га тушириш', TRUE, 'Статистика бўлими / МФЙ', 'Камбағалликни 2026 йил охиригача 3,6% га тушириш учун ҳар бир камбағал оилага мақсадли микрокредит ва субсидия пакети шакллантирилиши керак. Ижтимоий ёрдамни иш билан ва микролойиҳалар билан боғлаш, барқарор даромад манбаини яратишга эътиборни қаратиш зарур.', 1543, 7.5, 1, TRUE, '2026-04-28 12:00:00+05'::TIMESTAMPTZ);
INSERT INTO indicators (indicator_id, district_id, no, slide, slide_no, name, description, value, found, source_org, ai_insight, kpi_count, kpi_pct, load_no, final_flag, date_modify) VALUES (433, 11, 17, 3, '3', '«Барқарор келажак» — ёшлар даромадини ошириш', '328 нафар ишсиз ёшлар бандлигини таъминлаш (2026 режа)', 'Жами: 328 нафар ёшлар (2026 режа) | Доимий ишга жойлаштириш: 150 нафар | Тадбиркорликка жалб қилиш: 85 нафар | Кредит ва субсидия ажратиш: 45 нафар | Қайта касбга ўқитиш: 48 нафар', TRUE, 'Бандлик маркази', 'Ёшлар бандлигини таъминлаш учун тумандаги мавжуд бўш ер майдонларидан деҳқончилик учун ажратиш ва рақамли технологиялар (IT) бўйича қисқа муддатли курсларни ташкил этиш орқали масофавий хизматлар (freelance) бозорига кириш зарур.', NULL, NULL, 1, TRUE, '2026-04-28 12:00:00+05'::TIMESTAMPTZ);
INSERT INTO indicators (indicator_id, district_id, no, slide, slide_no, name, description, value, found, source_org, ai_insight, kpi_count, kpi_pct, load_no, final_flag, date_modify) VALUES (434, 11, 18, 3, '3', 'Аёллар бандлиги ва даромадини ошириш', '528 нафар ишсиз аёлларнинг бандлигини таъминлаш (2026 режа)', 'Жами: 528 нафар аёллар (2026 режа) | Доимий ва мавсумий иш: 320 нафар | Касаначилик ва ҳунармандчилик: 120 нафар | Тадбиркорлик ва касбга ўқитиш: 88 нафар | Ижтимоий ҳимоя: 4 501 та оила қамровида', TRUE, 'Бандлик маркази / Ижтимоий ҳимоя агентлиги', 'Хотин-қизлар бандлигини оширишда туманнинг ҳунармандчилик салоҳиятидан фойдаланиш, «Уста-шогирд» анъаналарини қайта тиклаш ва уйда ўтирган аёллар учун микро-кредитлар ажратиш орқали кичик ишлаб чиқариш цехларини ташкил этиш самара беради.', NULL, NULL, 1, TRUE, '2026-04-28 12:00:00+05'::TIMESTAMPTZ);
INSERT INTO indicators (indicator_id, district_id, no, slide, slide_no, name, description, value, found, source_org, ai_insight, kpi_count, kpi_pct, load_no, final_flag, date_modify) VALUES (435, 11, 19, 3, '3', 'Коллежлар ва ўқувчилар', 'Касб-ҳунар таълими', 'Жами: Коллеж таълими | Коллежлар сони: 2 та | Ўқувчилар сони: 1 480 та', TRUE, 'Мактабгача ва мактаб таълими бўлими', 'Туманда 2 та коллежда 1 480 нафар ўқувчи таҳсил олмоқда. Коллеж битирувчиларини маҳаллий корхоналарга ишга жойлаштириш тизимини кучайтириш ва дуал таълим дастурларини жорий этиш тавсия этилади.', NULL, NULL, 1, TRUE, '2026-04-28 12:00:00+05'::TIMESTAMPTZ);
INSERT INTO indicators (indicator_id, district_id, no, slide, slide_no, name, description, value, found, source_org, ai_insight, kpi_count, kpi_pct, load_no, final_flag, date_modify) VALUES (436, 11, 20, 3, '3', 'Техникумлар', 'Касб-ҳунар таълими муассасалари', 'Жами: Касб-ҳунар таълими | Техникумлар сони: 1 та | Ўқувчилар сони: 1 060 та', TRUE, 'Ҳокимият', 'Туманда 1 та техникумда 1 060 нафар ўқувчи таҳсил олмоқда. Ўқувчиларни тумандаги устувор соҳалар (тўқимачилик, қишлоқ хўжалиги) бўйича тайёрлаш ва маҳаллий меҳнат бозорига йўналтириш лозим.', NULL, NULL, 1, TRUE, '2026-04-28 12:00:00+05'::TIMESTAMPTZ);
INSERT INTO indicators (indicator_id, district_id, no, slide, slide_no, name, description, value, found, source_org, ai_insight, kpi_count, kpi_pct, load_no, final_flag, date_modify) VALUES (437, 11, 21, 4, '4', 'Сунъий интеллект куни ва ходимлар малакаси', 'Маълумотлар таҳлили ва автоматизация — ҳар ойнинг сўнгги жума куни «AI Day»', 'Жами: 3 босқичли СИ ўқитиш тизими | 1-босқич: Маълумотлар билан ишлаш — Excel ва СИ ёрдамида катта ҳажмдаги маълумотларни тезкор таҳлил қилиш | 2-босқич: Жараёнларни автоматлаштириш — кундалик такрорланувчи ишларни СИ га топшириш | 3-босқич: Натижадорлик аудити — СИ ёрдамида бажарилган ишларнинг сифати ва вақт тежалишини баҳолаш', TRUE, 'SQB / Туман ҳокимияти', '«AI Day» фақат назария эмас, балки амалий воркшоп бўлиши керак. Мақсад — ходимларнинг техник кўникмаларини ошириш орқали туман ҳокимияти ва банк тизимидаги қоғозбозликни 30% га камайтириш.', NULL, NULL, 1, TRUE, '2026-04-28 12:00:00+05'::TIMESTAMPTZ);
INSERT INTO indicators (indicator_id, district_id, no, slide, slide_no, name, description, value, found, source_org, ai_insight, kpi_count, kpi_pct, load_no, final_flag, date_modify) VALUES (438, 11, 22, 4, '4', 'Раҳбарлар ва банкирларни СИ га ўқитиш', 'Раҳбар кадрлар ва банк ходимларининг қарор қабул қилиш тезлигини ошириш учун тизимли СИ таълими', 'Жами: 4 босқичли СИ ўқитиш | 1-босқич: Ҳоким ва ўринбосарлари — СИ стратегияси ва маълумотларга асосланган қарорлар | 2-босқич: Банк филиал раҳбарлари — СИ скоринг, рискларни бошқариш ва портфель таҳлили | 3-босқич: Маҳалла банкирлари — СИ платформалари орқали мижозларга тезкор хизмат | 4-босқич: МФЙ раислари — СИ ёрдамида маҳалла маълумотларини таҳлил ва ҳисобот', TRUE, 'SQB / Туман ҳокимияти', 'Раҳбарларни ўқитиш «юқоридан пастга» тамойилида амалга оширилади. Аввал стратегик даражада СИ имкониятлари тушунилади, кейин ижрочилар даражасида техник кўникмалар шакллантирилади. Ҳар бир босқич учун махсус тайёр буйруқлар тўплами яратиш орқали иш самарадорлигини 2 баробарга ошириш мумкин.', NULL, NULL, 1, TRUE, '2026-04-28 12:00:00+05'::TIMESTAMPTZ);
INSERT INTO indicators (indicator_id, district_id, no, slide, slide_no, name, description, value, found, source_org, ai_insight, kpi_count, kpi_pct, load_no, final_flag, date_modify) VALUES (439, 11, 23, 4, '4', 'Аҳолини СИ орқали тадбиркорликка ўқитиш', 'Ёшлар ва ишсиз аҳолини замонавий технологиялар орқали онлайн даромад топишга ўргатиш', 'Жами: 3 та асосий йўналиш | 1-йўналиш: No-code платформалар — дастурлаш кодларисиз веб-сайтлар ва мобил иловалар яратиш | 2-йўналиш: СИ дизайн ва контент — СИ ёрдамида профессионал реклама ролик ва баннерлар тайёрлаш | 3-йўналиш: SMM ва СИ — ижтимоий тармоқларда бизнесни СИ ботлари орқали бошқариш', TRUE, 'Маҳаллабай ишлаш маркази / SQB', 'Ушбу ўқитиш тизими тумандаги ишсизлик юқори бўлган маҳаллаларда «Рақамли тадбиркорлик» экотизимини яратади. Бу аҳолига ўз уйидан туриб, нафақат Ўзбекистон, балки глобал бозорга хизмат кўрсатиш имконини беради.', NULL, NULL, 1, TRUE, '2026-04-28 12:00:00+05'::TIMESTAMPTZ);
INSERT INTO indicators (indicator_id, district_id, no, slide, slide_no, name, description, value, found, source_org, ai_insight, kpi_count, kpi_pct, load_no, final_flag, date_modify) VALUES (440, 11, 24, 4, '4', '«SQB AI Advisor» — ақлли ёрдамчи платформа', 'Маҳалла банкирлари ва тадбиркорларга СИ ёрдами берувчи платформа', 'Жами: SQB AI Advisor функциялари | СИ маслаҳатчи чат-боти: тадбиркорлик, ҳуқуқий, молиявий саволларга жавоб | Бизнес-режа генератори: автоматик бизнес-режа тузиш | Кредит мослаштириш: мижозга мос кредит маҳсулотини танлаш | Маҳалла агенти самарадорлиги: онлайн KPI мониторинг | Прогноз: даромадни ошириш тавсиялари, мавсумий хавфлар', TRUE, 'SQB', '«SQB AI Advisor» платформаси Қонлиқўл туманидаги маҳалла банкири ва тадбиркорларга кундалик ишларда СИ ёрдамини беради: мижозларга автоматик маслаҳат, бизнес-режа генератори, кредит мослаштириш ва самарадорлик мониторинги. 2026 йил якунигача барча маҳаллаларда жорий этиш режалаштирилган.', NULL, NULL, 1, TRUE, '2026-04-28 12:00:00+05'::TIMESTAMPTZ);
INSERT INTO indicators (indicator_id, district_id, no, slide, slide_no, name, description, value, found, source_org, ai_insight, kpi_count, kpi_pct, load_no, final_flag, date_modify) VALUES (441, 11, 25, 4, '4', 'Маҳалла ихтисослашуви', 'Туман маҳаллаларининг типологияси ва ихтисослашув йўналишлари', 'Жами: 11 та маҳалла | Енгил (яхши): 4 та | Ўрта: 6 та | Оғир: 1 та | Маҳалла-8: деҳқончилик (сабзавот ва полиз) | Маҳалла-1: савдо ва хизмат кўрсатиш | Маҳалла-2: чорвачилик (сут ва гўшт йўналиши)', TRUE, 'МФЙ агентлиги / SQB', 'Маҳаллаларнинг 50% дан ортиғи «ўрта» тоифада эканлиги иқтисодий ўсиш учун катта захира борлигини англатади. Деҳқончилик маҳаллаларида қайта ишлаш даражасининг 0% эканлиги асосий нуқта ҳисобланади.', NULL, NULL, 1, TRUE, '2026-04-28 12:00:00+05'::TIMESTAMPTZ);
INSERT INTO indicators (indicator_id, district_id, no, slide, slide_no, name, description, value, found, source_org, ai_insight, kpi_count, kpi_pct, load_no, final_flag, date_modify) VALUES (442, 11, 26, 4, '4', 'Маҳалла драйвер секторлари', 'Иқтисодий ўсишни ҳаракатлантирувчи соҳалар', 'Жами: 3 та драйвер сектор | Қишлоқ хўжалиги: пахта ва ғалладан ташқари мева-сабзавотчилик | Чорвачилик: яйлов ерларининг кенглиги (45 000 га) ҳисобига | Ҳунармандчилик: маҳаллий анъанавий ишлаб чиқариш', TRUE, 'МФЙ агентлиги / SQB', 'Маҳалла драйверларини ривожлантиришда 45 минг гектар яйлов ерларидан самарали фойдаланиш учун чорвачилик кластерларини кўпайтириш ва гўштни қайта ишлашни йўлга қўйиш лозим.', NULL, NULL, 1, TRUE, '2026-04-28 12:00:00+05'::TIMESTAMPTZ);
INSERT INTO indicators (indicator_id, district_id, no, slide, slide_no, name, description, value, found, source_org, ai_insight, kpi_count, kpi_pct, load_no, final_flag, date_modify) VALUES (443, 11, 27, 4, '4', 'Микролойиҳалар сони ва иш ўринлари', 'Микролойиҳалар самарадорлиги', 'Жами: 110 та лойиҳа | Яратилган иш ўринлари: 200 та | Банк маблағлари: 7,7 млрд сўм | Ўртача битта иш ўрни харажати: 38,5 млн сўм', TRUE, 'SQB / Туман ҳокимияти', 'Ажратилган маблағлар (7,7 млрд сўм) ҳажми лойиҳалар сонига нисбатан юқори эмас. Бу кичик оилавий тадбиркорликка урғу берилаётганини кўрсатади. Навбатдаги босқичда лойиҳаларни «кичик»дан «ўрта» бизнесга ўтказиш орқали иш ўринлари барқарорлигини таъминлаш лозим.', NULL, NULL, 1, TRUE, '2026-04-28 12:00:00+05'::TIMESTAMPTZ);
INSERT INTO indicators (indicator_id, district_id, no, slide, slide_no, name, description, value, found, source_org, ai_insight, kpi_count, kpi_pct, load_no, final_flag, date_modify) VALUES (444, 11, 28, 4, '4', 'Ишсизлик юқори маҳаллалар', 'Жорий ҳолат ва бандлик режаси', 'Жами: 1 та оғир тоифадаги маҳалла | Бандлик режаси: 60 та янги иш ўрни яратиш | Лойиҳавий ечим: 3 та янги ишлаб чиқариш лойиҳасини ишга тушириш | Экспорт кутилмаси: маҳалла корхоналари экспортини +25% га ошириш', TRUE, 'МФЙ агентлиги / Бандлик маркази', 'Ишсизлик юқори бўлган маҳаллада 60 та иш ўрни яратиш учун «Ҳар бир оила — тадбиркор» дастури доирасида карам ва картошка етиштиришга ихтисослашган кичик иссиқхоналар ташкил этиш тавсия этилади.', NULL, NULL, 1, TRUE, '2026-04-28 12:00:00+05'::TIMESTAMPTZ);
INSERT INTO indicators (indicator_id, district_id, no, slide, slide_no, name, description, value, found, source_org, ai_insight, kpi_count, kpi_pct, load_no, final_flag, date_modify) VALUES (445, 11, 29, 4, '4', 'SQB рақамли хизматлари', 'SQB банкнинг рақамли ва мобил молиявий хизматлар экотизими', 'Жами: 3 та рақамли платформа | SQB Mobile: жисмоний шахслар учун мобил банк — тўловлар, ўтказмалар, онлайн кредит | SQB Business: юридик шахслар учун онлайн бухгалтерия, тўлов, ҳисоб-китоб | SQB AI Advisor: сунъий интеллект асосидаги молиявий маслаҳатчи — кредит скоринг, инвестиция таҳлили', TRUE, 'SQB', 'Сунъий интеллектга асосланган «AI Advisor» мавжудлиги сабабли, кредит скоринги ва инвестиция таҳлилини тўлиқ автоматлаштириш керак. Масофавий молиявий амалиётларни кенгайтириш учун мижозларни «Mobile» ва «Business» платформаларига фаол ўтказиш лозим.', NULL, NULL, 1, TRUE, '2026-04-28 12:00:00+05'::TIMESTAMPTZ);
INSERT INTO indicators (indicator_id, district_id, no, slide, slide_no, name, description, value, found, source_org, ai_insight, kpi_count, kpi_pct, load_no, final_flag, date_modify) VALUES (446, 11, 30, 4, '4', '«Ҳар бир оила — тадбиркор» дастури', 'Оилавий тадбиркорлик учун имтиёзли кредит', 'Жами: Оилавий тадбиркорлик дастури | Иштирокчи банклар: SQB ва бошқа тижорат банклари | Фоиз ставкаси: 12% | Максимал сумма: 300 млн сўм | Муддат: 3 йилгача | Имтиёзли давр: 3–6 ой', TRUE, 'Марказий банк', 'Оилавий тадбиркорликни кўпайтириш учун SQB AI Advisor платформасидан фойдаланиш тавсия этилади. Платформа орқали кредит скоринги, бизнес-режа тузиш ва молиявий маслаҳат олиш имконияти мавжуд. Маҳалла банкирлари ҳар бир оилани платформага йўналтириш ва имтиёзли кредитдан самарали фойдаланишга ёрдам бериши керак.', NULL, NULL, 1, TRUE, '2026-04-28 12:00:00+05'::TIMESTAMPTZ);
INSERT INTO indicators (indicator_id, district_id, no, slide, slide_no, name, description, value, found, source_org, ai_insight, kpi_count, kpi_pct, load_no, final_flag, date_modify) VALUES (447, 11, 31, 4, '4', '«HAMROH» хотин-қизлар тадбиркорлиги', 'Хотин-қизлар учун махсус молиявий дастур', 'Жами: Хотин-қизлар учун махсус молиявий дастур | Иштирокчи банклар: SQB ва бошқа тижорат банклари | Гаровсиз кредит: 100 млн сўмгача | Компания кафиллиги: 70%', TRUE, 'Марказий банк', 'HAMROH — хотин-қизлар тадбиркорлигини қўллаб-қувватлашнинг энг катта давлат дастури. Қонлиқўлда аёллар тадбиркорлиги потенциали юқори (тикувчилик, савдо-хизмат, ҳунармандчилик). Тавсия: маҳалла банкирлари орқали аёлларни актив жалб қилиш, бизнес тренинглар ташкил этиш ва муваффақиятли намуналарни кенг оммавий таништириш.', NULL, NULL, 1, TRUE, '2026-04-28 12:00:00+05'::TIMESTAMPTZ);
INSERT INTO indicators (indicator_id, district_id, no, slide, slide_no, name, description, value, found, source_org, ai_insight, kpi_count, kpi_pct, load_no, final_flag, date_modify) VALUES (448, 11, 32, 4, '4', 'Ишсизлик юқори маҳаллаларни ҳоли ҳудудга айлантириш режаси', 'Бостон МФЙда 78 нафар ишсизни бандликка жалб қилиш режаси', 'Жами: 1 та маҳалла, 78 нафар ишсиз | Бостон МФЙ: 78 нафар — аёллар 28, эркаклар 32, ёшлар 18 | Таркиб: ёшлар 23%, аёллар 36%, эркаклар 41% | Кредит маҳсулотлари: Ёшлар бизнесда, Ҳамроҳ (аёллар), Маҳалла лойиҳаси | Ишчилар: 114 нафар (хотин-қизлар 16, ёшлар 22, эркак 98)', TRUE, 'SQB / МФЙ агентлиги', 'Бостон МФЙда ишсизлик даражаси юқори бўлиб, асосий улушни эркаклар (41%) ва аёллар (36%) ташкил қилади. «Бир маҳалла — бир драйвер йўналиш» модели жорий қилиниши мақсадга мувофиқ. Ишсиз аҳолини сегментация қилиб, 2–3 ойлик тезкор цикл орқали микролойиҳаларга жалб қилиш ва бандликни таъминлаш мумкин.', NULL, NULL, 1, TRUE, '2026-04-28 12:00:00+05'::TIMESTAMPTZ);
INSERT INTO indicators (indicator_id, district_id, no, slide, slide_no, name, description, value, found, source_org, ai_insight, kpi_count, kpi_pct, load_no, final_flag, date_modify) VALUES (449, 11, 33, 5, '5', 'Қуёш ва шамол энергетикаси', 'Қорақалпоғистоннинг очиқ кенгликлари ва юқори инсоляцияси', 'Жами: Муқобил энергия имкониятлари | 300+ қуёшли кун ва доимий шамол оқими | Йўналиш: гибрид (қуёш+шамол) кичик станциялар | Имконият: сув насослари ва фермер хўжаликларини мустақил энергия билан таъминлаш | Инвестиция: $5–15 млн (пилот лойиҳалар)', TRUE, 'Энергетика вазирлиги / Ҳокимият', 'Қонлиқўлда ер майдони кенг, лекин шўрланиш даражаси юқори ерлардан айнан «яшил энергия» парклари учун фойдаланиш керак. Бу қишлоқ хўжалигида сув чиқариш таннархини 30% гача камайтириш имконини беради.', NULL, NULL, 1, TRUE, '2026-04-28 12:00:00+05'::TIMESTAMPTZ);
INSERT INTO indicators (indicator_id, district_id, no, slide, slide_no, name, description, value, found, source_org, ai_insight, kpi_count, kpi_pct, load_no, final_flag, date_modify) VALUES (450, 11, 34, 5, '5', 'Транспорт-логистика «Дарвозаси»', 'А380 халқаро автомагистрали ва темир йўл кесишмаси', 'Жами: Логистика потенциали | Локация: Қўнғирот ва Нукус оралиғидаги стратегик нуқта | Объект: йўл бўйи хизмати (Camping, TIR-park) | Салоҳият: кунига 2–3 минг транзит юкли автомобиллар', TRUE, 'Транспорт вазирлиги', 'Туман орқали ўтувчи А380 трассаси бўйида замонавий логистика маркази ва юк машиналари учун сервис хабини ташкил этиш лозим. Бу фақат «ошхона» эмас, балки омборхона ва тезкор таъмирлаш хизматларини ҳам ўз ичига олиши керак.', NULL, NULL, 1, TRUE, '2026-04-28 12:00:00+05'::TIMESTAMPTZ);
INSERT INTO indicators (indicator_id, district_id, no, slide, slide_no, name, description, value, found, source_org, ai_insight, kpi_count, kpi_pct, load_no, final_flag, date_modify) VALUES (451, 11, 35, 5, '5', 'Шўрга чидамли агро-кластерлар', 'Тупроқ иқлимига мос экинлар ва қайта ишлаш', 'Жами: Агро-кластер стратегияси | Ресурс: мия (солодка) ва озуқабоп экинлар | Имконият: хом ашёни қайта ишлаш ва экспорт қилиш | Инновация: томчилатиб суғоришнинг «ақлли» тизимлари', TRUE, 'Қишлоқ хўжалиги вазирлиги', 'Анъанавий пахта ва ғалладан ташқари, Қонлиқўлда мия илдизини саноат усулида қайта ишлаш заводини қуриш керак. Тайёр экстракт хом ашёдан 5-7 баробар қимматроқ сотилади.', NULL, NULL, 1, TRUE, '2026-04-28 12:00:00+05'::TIMESTAMPTZ);
INSERT INTO indicators (indicator_id, district_id, no, slide, slide_no, name, description, value, found, source_org, ai_insight, kpi_count, kpi_pct, load_no, final_flag, date_modify) VALUES (452, 11, 36, 5, '5', 'Чорвачилик ва терини қайта ишлаш', 'Яйлов чорвачилиги салоҳияти ва қайта ишлаш', 'Жами: Чорвачилик стратегияси | Кўрсаткич: қорамол ва майда шохли моллар сонининг барқарор ўсиши | Лойиҳа: гўшт консерва заводи ва терини бошланғич ишлаш', TRUE, 'Ветеринария қўмитаси', 'Шу вақтгача чорва маҳсулотлари тирик вазнда сотилган бўлса, энди «Қонлиқўл гўшт маҳсулотлари» бренди остида ярим тайёр маҳсулотлар занжирини яратиш вақти келди. Бу маҳаллий аҳоли учун камида 200 та янги иш ўрни демакдир.', NULL, NULL, 1, TRUE, '2026-04-28 12:00:00+05'::TIMESTAMPTZ);
INSERT INTO indicators (indicator_id, district_id, no, slide, slide_no, name, description, value, found, source_org, ai_insight, kpi_count, kpi_pct, load_no, final_flag, date_modify) VALUES (453, 11, 37, 5, '5', 'Қурилиш материаллари кластери', 'Маҳаллий хом ашё захиралари ва ишлаб чиқариш имкониятлари', 'Жами: Қурилиш материаллари | Хом ашё: қум захиралари | Имконият: ғишт, қуруқ қоришмалар ва бетон маҳсулотлари | Бозор: Нукус ва Қўнғиротдаги қурилиш бумлари учун яқин етказиб берувчи', TRUE, 'Геология қўмитаси', 'Транспорт харажатлари камлиги ҳисобига Қонлиқўлда ишлаб чиқарилган қурилиш материаллари қўшни туманларда рақобатбардош бўлади. Кичик саноат зонасида қурилиш материалларига ихтисослашган технопарк яратиш лозим.', NULL, NULL, 1, TRUE, '2026-04-28 12:00:00+05'::TIMESTAMPTZ);
INSERT INTO indicators (indicator_id, district_id, no, slide, slide_no, name, description, value, found, source_org, ai_insight, kpi_count, kpi_pct, load_no, final_flag, date_modify) VALUES (454, 11, 38, 5, '5', 'Рақамли таълим ва IT-аутсорсинг', 'Ёшлар демографияси ва масофавий иш имкониятлари', 'Жами: IT салоҳияти | Аҳоли: ёшлар улуши 40% дан юқори | Инфратузилма: рақамли технологиялар маркази | Йўналиш: масофавий хизматлар (BPO) ва IT-аутсорсинг', TRUE, 'IT-Park', 'Жисмоний ер ва сув ресурслари чекланган шароитда, «интеллектуал экспорт»га урғу бериш керак. Қонлиқўллик ёшларни масофавий хизматлар (BPO) кўрсатишга ўқитиш орқали туманга валюта тушумини таъминлаш мумкин.', NULL, NULL, 1, TRUE, '2026-04-28 12:00:00+05'::TIMESTAMPTZ);
INSERT INTO indicators (indicator_id, district_id, no, slide, slide_no, name, description, value, found, source_org, ai_insight, kpi_count, kpi_pct, load_no, final_flag, date_modify) VALUES (455, 11, 39, 6, '6', 'Стратегик хулоса: «Логистик Хаб ва Агро-Инновация»', 'Туманнинг иқтисодий моделини трансформация қилиш', 'Жами: Стратегик хулоса | Хулоса: Қонлиқўл фақат қишлоқ хўжалиги тумани эмас, балки шимолий йўналишдаги муҳим транзит-хизмат кўрсатиш марказига айланиши керак', TRUE, 'СИ таҳлили', 'Туманнинг иқтисодий барқарорлигини таъминлаш учун «Қишлоқ хўжалиги + Транспорт хизмати + Яшил энергия» триадасини асосий драйвер сифатида қабул қилиш лозим.', NULL, NULL, 1, TRUE, '2026-04-28 12:00:00+05'::TIMESTAMPTZ);
INSERT INTO indicators (indicator_id, district_id, no, slide, slide_no, name, description, value, found, source_org, ai_insight, kpi_count, kpi_pct, load_no, final_flag, date_modify) VALUES (456, 11, 40, 6, '6', '2025–2026 йиллар учун «Йўл харитаси»', 'Босқичма-босқич ривожланиш режаси', 'Жами: 3 босқичли режа | 1-босқич: А380 бўйида «Сервис зонаси» учун ер ажратиш ва инвестор жалб қилиш | 2-босқич: Мия ва озуқа экинлари кластерини тўлиқ қувватга чиқариш | 3-босқич: Ижтимоий соҳа ва сув таъминотини рақамлаштириш', TRUE, 'Ҳокимият режаси', 'Босқичма-босқич ёндашув тўғри стратегия. Биринчи навбатда А380 трассаси бўйида сервис зонасини ташкил этиш тезкор даромад манбаи бўлади, кейинги босқичларда агро-кластер ва рақамлаштириш узоқ муддатли барқарорликни таъминлайди.', NULL, NULL, 1, TRUE, '2026-04-28 12:00:00+05'::TIMESTAMPTZ);
INSERT INTO indicators (indicator_id, district_id, no, slide, slide_no, name, description, value, found, source_org, ai_insight, kpi_count, kpi_pct, load_no, final_flag, date_modify) VALUES (457, 11, 41, 6, '6', 'Инвестициявий жозибадорлик', 'Инвесторлар учун таклиф ва имтиёзлар', 'Жами: Инвестиция таклифи | Пакетлар: «Тайёр лойиҳа» тамойили асосида 10 та истиқболли лойиҳа | Имтиёз: Қорақалпоғистон учун белгиланган махсус солиқ ставкалари (1%)', TRUE, 'Инвестициялар, саноат ва савдо вазирлиги', 'Инвесторларни жалб қилишда «кам солиқ ва арзон логистика» аргументидан фойдаланиш керак. Қонлиқўл — Қозоғистон ва Россия бозорига чиқиш учун энг қулай нуқталардан биридир.', NULL, NULL, 1, TRUE, '2026-04-28 12:00:00+05'::TIMESTAMPTZ);
INSERT INTO indicators (indicator_id, district_id, no, slide, slide_no, name, description, value, found, source_org, ai_insight, kpi_count, kpi_pct, load_no, final_flag, date_modify) VALUES (458, 11, 42, 6, '6', 'Сув тежовчи технологияларга ўтиш', 'Экологик барқарорлик режаси', 'Жами: Сув тежаш стратегияси | Мақсад: сув сарфини 40% га камайтириш | Механизм: субсидиялар ва имтиёзли кредитлар ҳисобига лазерли текислаш ва томчилатиб суғоришни жорий этиш', TRUE, 'Сув хўжалиги вазирлиги', 'Сув тақчиллиги Қонлиқўлнинг энг катта экологик хавфи. Томчилатиб суғориш ва лазерли текислаш технологияларини жорий этиш орқали сув сарфини 40% га камайтириш ва фермер даромадини ошириш мумкин.', NULL, NULL, 1, TRUE, '2026-04-28 12:00:00+05'::TIMESTAMPTZ);
INSERT INTO indicators (indicator_id, district_id, no, slide, slide_no, name, description, value, found, source_org, ai_insight, kpi_count, kpi_pct, load_no, final_flag, date_modify) VALUES (459, 11, 43, 6, '6', 'Ижтимоий капитал ва бандлик', 'Иш ўринлари яратиш прогнози', 'Жами: Бандлик прогнози | Прогноз: йилига 1 500 та янги иш ўрни | Йўналиш: хизмат кўрсатиш соҳаси (40%) ва қайта ишлаш саноати (60%)', TRUE, 'Бандлик вазирлиги', 'Йилига 1 500 та янги иш ўрни яратиш режаси саноат ва хизматлар секторида бандликни барқарор ошириш имконини беради. Қайта ишлаш саноатига 60% урғу бериш тўғри стратегия — бу қишлоқ хўжалиги маҳсулотларига қўшимча қиймат яратади.', NULL, NULL, 1, TRUE, '2026-04-28 12:00:00+05'::TIMESTAMPTZ);
INSERT INTO districts (district_id, region_id, slug, name_uz, name_ru, name_en, district_name, json_file, has_data, type, year, total_cards, load_no, final_flag, date_modify) VALUES (12, 4, 'toxiatosh', 'Тахиатош', 'Тахиаташ', 'Taxiatosh', '', 'toxiatosh.json', FALSE, NULL, NULL, 0, 1, TRUE, '2026-04-28 12:00:00+05'::TIMESTAMPTZ);

-- districts for region: sirdaryo
INSERT INTO districts (district_id, region_id, slug, name_uz, name_ru, name_en, district_name, json_file, has_data, type, year, total_cards, load_no, final_flag, date_modify) VALUES (13, 5, 'guliston', 'Гулистон', 'Гулистан', 'Guliston', 'Гулистон тумани', 'guliston.json', TRUE, NULL, 2026, 46, 1, TRUE, '2026-04-28 12:00:00+05'::TIMESTAMPTZ);
INSERT INTO hero_kpis (hero_kpi_id, district_id, metric_name, metric_value, metric_unit, load_no, final_flag, date_modify) VALUES (37, 13, 'Аҳоли', 78.0, 'минг киши', 1, TRUE, '2026-04-28 12:00:00+05'::TIMESTAMPTZ);
INSERT INTO hero_kpis (hero_kpi_id, district_id, metric_name, metric_value, metric_unit, load_no, final_flag, date_modify) VALUES (38, 13, 'Маҳалла', 24, 'та', 1, TRUE, '2026-04-28 12:00:00+05'::TIMESTAMPTZ);
INSERT INTO hero_kpis (hero_kpi_id, district_id, metric_name, metric_value, metric_unit, load_no, final_flag, date_modify) VALUES (39, 13, 'Оила', 200000, 'та', 1, TRUE, '2026-04-28 12:00:00+05'::TIMESTAMPTZ);
INSERT INTO hero_kpis (hero_kpi_id, district_id, metric_name, metric_value, metric_unit, load_no, final_flag, date_modify) VALUES (40, 13, 'Хонадон', 195000, 'та', 1, TRUE, '2026-04-28 12:00:00+05'::TIMESTAMPTZ);
INSERT INTO indicators (indicator_id, district_id, no, slide, slide_no, name, description, value, found, source_org, ai_insight, kpi_count, kpi_pct, load_no, final_flag, date_modify) VALUES (460, 13, 1, 1, '1', 'Туманнинг макроиқтисодий кўрсаткичлари', 'Саноат, хизматлар ва экспорт ҳажми динамикаси (2021–2025)', 'Саноат ҳажми (млрд сўм): 2021: 361,7 | 2022: 362,0 | 2023: 423,5 | 2024: 447,2 | 2025: 526,3 | Хизматлар ҳажми (млрд сўм): 2021: 194,0 | 2022: 225,0 | 2023: 264,0 | 2024: 350,0 | 2025: 419,0 | Экспорт ҳажми (минг $): 2021: 9000 | 2022: 11500 | 2023: 15000 | 2024: 20500 | 2025: 26500 | Янги корхоналар: 1 500 та (600 та ёпилган)', TRUE, 'Статистика бўлими', 'Гулистон туманида экспорт ҳажми 5 йил ичида қарийб 3 бараварга ошгани иқтисодиётнинг ташқи бозорга йўналтирилганлигини кўрсатади. 2026 йилда хизмат кўрсатиш соҳасининг иқтисодиётдаги улуши (45%) юқорилигини инобатга олиб, туманни вилоятнинг сервис ва логистика марказига айлантириш стратегик аҳамиятга эга.', NULL, NULL, 1, TRUE, '2026-04-28 12:00:00+05'::TIMESTAMPTZ);
INSERT INTO indicators (indicator_id, district_id, no, slide, slide_no, name, description, value, found, source_org, ai_insight, kpi_count, kpi_pct, load_no, final_flag, date_modify) VALUES (461, 13, 2, 1, '1', 'Туман иқтисодиётининг 4 та драйвери', 'Ихтисослашув ва бандлик тақсимоти', 'Жами: 4 та драйвер | Хизмат кўрсатиш: 45% (20,3 минг киши банд) | Саноат: 30% (11,2 минг киши банд) | Қишлоқ хўжалиги: 25% (14,5 минг киши банд) | Ташқи савдо: Йиллик 26,5 млн $ экспорт', TRUE, 'Статистика бўлими / Ҳокимият', 'Хизматлар соҳаси драйвер бўлса-да, саноатнинг ўсиш индекси (2025 йилда 140-160) истиқболлироқ. 2026 йилда қишлоқ хўжалиги маҳсулотларини саноат усулида қайта ишлаш кластерларини кенгайтириш орқали қўшилган қиймат занжирини яратиш тавсия этилади.', NULL, NULL, 1, TRUE, '2026-04-28 12:00:00+05'::TIMESTAMPTZ);
INSERT INTO indicators (indicator_id, district_id, no, slide, slide_no, name, description, value, found, source_org, ai_insight, kpi_count, kpi_pct, load_no, final_flag, date_modify) VALUES (462, 13, 3, 1, '1', 'Саноат маҳсулотлари ишлаб чиқариш динамикаси', '2021-2026 йиллар давомида саноат ҳажми ўзгариши', 'Саноат ҳажми (млрд сўм): 2021: 361,7 | 2022: 362,0 | 2023: 423,5 | 2024: 447,2 | 2025: 526,3 | 2026 (прогноз): ~560,0 (105-106% ўсиш)', TRUE, 'Статистика бўлими', '2025 йилда йирик корхоналар (700 млрд сўм) ва кичик бизнес (690 млрд сўм) ўртасидаги мувозанат саноатнинг соғлом ривожланаётганидан далолат беради. 2026 йилда янги ташкил этилган 1500 та корхонанинг экспорт салоҳиятини оширишга эътибор қаратиш лозим.', NULL, NULL, 1, TRUE, '2026-04-28 12:00:00+05'::TIMESTAMPTZ);
INSERT INTO indicators (indicator_id, district_id, no, slide, slide_no, name, description, value, found, source_org, ai_insight, kpi_count, kpi_pct, load_no, final_flag, date_modify) VALUES (463, 13, 4, 1, '1', 'Маҳаллий бюджет', 'Бюджет даромадлари динамикаси (2021–2025)', 'Бюджет даромадлари (млрд сўм): 2021: 62,5 | 2022: 80,0 | 2023: 95,0 | 2024: 140,0 | 2025: 185,0 | Контингент бюджет (2025): 370,0 млрд сўм', TRUE, 'Туман молия бўлими', 'Маҳаллий бюджет даромадлари 5 йил ичида 3 баравар ўсган. 2026 йилда маҳаллий бюджетнинг даромад манбаларини диверсификация қилиш ва солиқ базасини кенгайтириш орқали контингент бюджет режасини 400 млрд сўмдан ошириш имконияти мавжуд.', NULL, NULL, 1, TRUE, '2026-04-28 12:00:00+05'::TIMESTAMPTZ);
INSERT INTO indicators (indicator_id, district_id, no, slide, slide_no, name, description, value, found, source_org, ai_insight, kpi_count, kpi_pct, load_no, final_flag, date_modify) VALUES (464, 13, 5, 1, '1', 'Ажратилган кредитлар — NPL ҳолати', 'Кредит сифати ва муаммоли кредитлар динамикаси', 'NPL (%): 2021: 3,9 | 2022: 4,5 | 2023: 4,9 | 2024: 5,0 | 2025: 5,5 (%)', TRUE, 'Марказий банк / SQB', 'Муаммоли кредитлар (NPL) улушининг йилдан-йилга ўсиб бораётгани (3,9% дан 5,5% гача) хавотирли сигналдир. 2026 йилда кредит ажратишда лойиҳаларнинг молиявий барқарорлигини қаттиқ назорат қилиш ва муаммоли активлар билан ишлаш тизимини такомиллаштириш зарур. Кредитларни кўпроқ хизмат кўрсатиш ва экспортёр корхоналарга йўналтириш тавсия этилади.', NULL, NULL, 1, TRUE, '2026-04-28 12:00:00+05'::TIMESTAMPTZ);
INSERT INTO indicators (indicator_id, district_id, no, slide, slide_no, name, description, value, found, source_org, ai_insight, kpi_count, kpi_pct, load_no, final_flag, date_modify) VALUES (465, 13, 6, 1, '1', 'Google Trends иқтисодий фаоллик', 'Транспорт фаоллиги ва ижтимоий кутишлар', 'Юк айланмаси: 7 281 минг тонна | Йўловчи ташиш: 25 483,2 минг киши | Ижтимоий кутиш: Аҳоли ва бизнеснинг 65% и келажакка ижобий қарайди', TRUE, 'Google Trends таҳлили', 'Юк айланмасининг юқорилиги (7,2 млн тонна) Гулистон туманининг логистик жозибадорлигини исботлайди. 2026 йилда Google қидирув сўровларида «транспорт логистикаси» ва «омборхона хизматлари»га бўлган қизиқишни таҳлил қилиш орқали туманга йирик инвесторларни жалб қилиш мумкин.', NULL, NULL, 1, TRUE, '2026-04-28 12:00:00+05'::TIMESTAMPTZ);
INSERT INTO indicators (indicator_id, district_id, no, slide, slide_no, name, description, value, found, source_org, ai_insight, kpi_count, kpi_pct, load_no, final_flag, date_modify) VALUES (466, 13, 7, 2, '2', 'Ичимлик суви билан таъминланганлик', 'Аҳолини тоза ичимлик суви билан таъминлаш динамикаси (%)', 'Таъминланганлик (%): 2021: 96,0 | 2022: 96,5 | 2023: 97,0 | 2024: 97,6 | 2025: 97,9 | 2026 (прогноз): 98,2+ (%)', TRUE, 'Сув хўжалиги', 'Гулистон туманида ичимлик суви билан таъминланиш даражаси республика бўйича энг юқори кўрсаткичлардан бири. Эндиги асосий эътиборни сув тармоқларининг техник ҳолатини сақлаб туриш ва сув исрофини камайтириш учун «ақлли» ҳисоблагичлар тизимини 100% га етказишга қаратиш лозим.', NULL, NULL, 1, TRUE, '2026-04-28 12:00:00+05'::TIMESTAMPTZ);
INSERT INTO indicators (indicator_id, district_id, no, slide, slide_no, name, description, value, found, source_org, ai_insight, kpi_count, kpi_pct, load_no, final_flag, date_modify) VALUES (467, 13, 8, 2, '2', 'Ички йўллар таъмирланиш даражаси', 'Йўллар узунлиги ва асфальтланган улуши', 'Жами: Йўллар таҳлили | Йўллар узунлиги: 310 км | Асфальтланган йўллар улуши (2025): 82% | Суғориш каналлари бетонлаш: 80%', TRUE, 'Йўл хўжалиги / Ҳокимият', 'Йўлларнинг 82% асфальтлангани туманнинг логистик жозибадорлигини оширади. 2026 йилда саноат зоналарига олиб борувчи йўллар сифатини халқаро стандартларга мослаштириш ва мавжуд ички йўлларни жорий таъмирлаш тизимини рақамлаштиришга қаратиш тавсия этилади.', NULL, NULL, 1, TRUE, '2026-04-28 12:00:00+05'::TIMESTAMPTZ);
INSERT INTO indicators (indicator_id, district_id, no, slide, slide_no, name, description, value, found, source_org, ai_insight, kpi_count, kpi_pct, load_no, final_flag, date_modify) VALUES (468, 13, 9, 2, '2', 'Электр таъминоти сифат даражаси', 'Электр тармоқлари ҳолати ва модернизация эҳтиёжи', 'Жами: Энергия таъминоти таҳлили | Электр узилишлари: Ойига ўртача 2 марта | Трансформаторлар: 35% эскирган | Линиялар: 25% алмаштириш зарур | Интернет қоплами: 97%, тезлик 70-120 Мбит/с', TRUE, 'Электр тармоқлари / Ҳокимият', 'Электр узилишлари сони кам бўлса-да, трансформаторларнинг 35% эскирганлиги саноат корхоналари учун хавф туғдириши мумкин. 2026 йилда модернизация ишларини «Гул-истон» кичик саноат зонаси атрофидан бошлаш ва муқобил энергия манбаларини жамоат биноларига жорий этишни тезлаштириш лозим.', NULL, NULL, 1, TRUE, '2026-04-28 12:00:00+05'::TIMESTAMPTZ);
INSERT INTO indicators (indicator_id, district_id, no, slide, slide_no, name, description, value, found, source_org, ai_insight, kpi_count, kpi_pct, load_no, final_flag, date_modify) VALUES (469, 13, 10, 2, '2', 'Ер тоифалари бўйича рўйхат', 'Ер фонди таркиби ва саноат зоналари', 'Жами: Ер ресурслари таҳлили | Умумий майдон: 34 900 га | Суғориладиган ер: 12 000 га | Саноат зонасидан фойдаланиш: 75-85% | Фойдали қазилмалар: 3 та қум-шағал кони', TRUE, 'Кадастр агентлиги / Ҳокимият', 'Саноат зонасида ердан фойдаланиш 75-85% атрофида — янги инвесторлар учун захира ерлар мавжуд. 2026 йилда бўш турган ерларни «Loyiha fabrikasi» орқали қурилиш материаллари (қум-шағал захирасига таяниб) ишлаб чиқариш лойиҳаларига йўналтириш самарали бўлади.', NULL, NULL, 1, TRUE, '2026-04-28 12:00:00+05'::TIMESTAMPTZ);
INSERT INTO indicators (indicator_id, district_id, no, slide, slide_no, name, description, value, found, source_org, ai_insight, kpi_count, kpi_pct, load_no, final_flag, date_modify) VALUES (470, 13, 11, 2, '2', 'Жамоат транспортидан фойдаланиш', 'Транспорт инфратузилмаси ва йўловчи айланмаси', 'Вилоят марказигача: 10 км | Темир йўл станциясигача: 2 км | Йўловчи ташиш (йиллик): 25 483,2 минг киши | Канализация таъминоти: 60%', TRUE, 'Йўл хўжалиги / Статистика бўлими', 'Вилоят марказига жуда яқинлиги (10 км) туман аҳолисининг кундалик мобиллигини оширади. 2026 йилда Гулистон шаҳри ва туман ўртасидаги транспорт оқимини бошқариш учун электробуслар қатновини йўлга қўйиш ва бекатларда «ақлли» мониторинг тизимини жорий этиш мақсадга мувофиқ.', NULL, NULL, 1, TRUE, '2026-04-28 12:00:00+05'::TIMESTAMPTZ);
INSERT INTO indicators (indicator_id, district_id, no, slide, slide_no, name, description, value, found, source_org, ai_insight, kpi_count, kpi_pct, load_no, final_flag, date_modify) VALUES (471, 13, 12, 2, '2', 'Мактабгача таълим қамрови', 'МТТга қамраб олиш даражаси динамикаси', 'МТТ қамрови (%): 2023: 82,6 | 2024: 84,8 | 2025: 87,1 | 2026 (прогноз): 90,0 (%)', TRUE, 'Мактабгача ва мактаб таълими бўлими', 'Қамров даражасининг йиллик барқарор ўсиши (ўртача +2,2%) инфратузилма аҳоли ўсишига мос кенгаяётганидан далолат беради. 2026 йилда 90% маррага эришиш учун давлат-хусусий шериклик асосидаги МТТларни қўллаб-қувватлаш ва мавжуд 340 та бўш ўриндан самарали фойдаланиш зарур.', NULL, NULL, 1, TRUE, '2026-04-28 12:00:00+05'::TIMESTAMPTZ);
INSERT INTO indicators (indicator_id, district_id, no, slide, slide_no, name, description, value, found, source_org, ai_insight, kpi_count, kpi_pct, load_no, final_flag, date_modify) VALUES (472, 13, 13, 3, '3', 'Меҳнат ресурслари', 'Меҳнат ресурслари динамикаси ва бандлик кўрсаткичлари', 'Меҳнат ресурслари (минг киши): 2021: 43,5 | 2022: 44,5 | 2023: 45,0 | 2024: 45,5 | 2025: 46,0', TRUE, 'Бандлик маркази', 'Меҳнат ресурслари барқарор ўсиб бормоқда. Бандликни ошириш учун чорвачилик, қурилиш ва хизматлар соҳалари бўйича қисқа муддатли ўқув дастурларини кенгайтириш зарур.', NULL, NULL, 1, TRUE, '2026-04-28 12:00:00+05'::TIMESTAMPTZ);
INSERT INTO indicators (indicator_id, district_id, no, slide, slide_no, name, description, value, found, source_org, ai_insight, kpi_count, kpi_pct, load_no, final_flag, date_modify) VALUES (473, 13, 14, 3, '3', 'Бандликни ошириш имкониятлари', 'Меҳнат бозори резервлари ва миграция динамикаси', 'Банд аҳоли (2025): 40 500 киши (+2,8%) | Қайтган мигрантлар (2025): 5 000 киши (+11,1%) | Норасмий секторда бандлик (2021): 17 000 киши | Хорижга кетганлар: 2021: 8500 | 2022: 9500 | 2023: 10000 | 2024: 10500 | 2025: 11500', TRUE, 'Бандлик маркази / ИИВ миграция', 'Хорижга кетиш йилдан йилга ошиб бормоқда — бу меҳнат бозорига кучли юк туширади. Норасмий секторни расмийлаштириш ва қайтган мигрантларни маҳаллий иқтисодиётга жалб қилиш орқали бандликни сезиларли ошириш мумкин.', NULL, NULL, 1, TRUE, '2026-04-28 12:00:00+05'::TIMESTAMPTZ);
INSERT INTO indicators (indicator_id, district_id, no, slide, slide_no, name, description, value, found, source_org, ai_insight, kpi_count, kpi_pct, load_no, final_flag, date_modify) VALUES (474, 13, 15, 3, '3', 'Ишсизлик кўрсаткичлари', '2 000 нафар ишсиз — 7,0% (2025)', 'Ишсизлик (%): 2021: 9,5 | 2022: 9,0 | 2023: 8,5 | 2024: 8,0 | 2025: 7,0 (%) | Ишсизлар сони (2025): 2 000 киши (−9,1%) | Мақсад: 2027 йилгача 2% га тушириш', TRUE, 'Бандлик маркази', 'Ишсизликни 2% га тушириш учун ёшлар ва аёллар бўйича манзилли ишга жойлаштириш дастурлари ва қисқа муддатли касбий курсларни кенгайтириш лозим. Ҳар бир маҳаллада талаб юқори касблар бўйича тезкор ўқитиш ва микролойиҳаларга жалб қилиш механизмини кучайтириш зарур.', 2000, 7.0, 1, TRUE, '2026-04-28 12:00:00+05'::TIMESTAMPTZ);
INSERT INTO indicators (indicator_id, district_id, no, slide, slide_no, name, description, value, found, source_org, ai_insight, kpi_count, kpi_pct, load_no, final_flag, date_modify) VALUES (475, 13, 16, 3, '3', 'Камбағаллик кўрсаткичлари', '2 200 оила - 10.5% (2025)', 'Камбағаллик (%): 2021: 14,0 | 2022: 13,5 | 2023: 13,0 | 2024: 12,0 | 2025: 10,5 (%) | Камбағал оилалар (2025): 2 200 та (−8,3%) | Ижтимоий ҳимояга муҳтож: 7 000 оила', TRUE, 'Статистика бўлими / МФЙ', 'Камбағалликни камайтириш учун ҳар бир камбағал оилага мақсадли микрокредит ва субсидия пакети шакллантирилиши керак. Ижтимоий ёрдамни иш ва микролойиҳалар билан боғлаш, барқарор даромад манбаини яратишга эътиборни қаратиш зарур.', 2200, 10.5, 1, TRUE, '2026-04-28 12:00:00+05'::TIMESTAMPTZ);
INSERT INTO indicators (indicator_id, district_id, no, slide, slide_no, name, description, value, found, source_org, ai_insight, kpi_count, kpi_pct, load_no, final_flag, date_modify) VALUES (476, 13, 17, 3, '3', '«Барқарор келажак» — ёшлар даромадини ошириш', 'Ёшлар бандлиги ва миграция оқими', '', FALSE, 'SQB', 'Маълумот SQB дан сўралмоқда. Тўлдирилгандан сўнг таҳлил берилади.', NULL, NULL, 1, TRUE, '2026-04-28 12:00:00+05'::TIMESTAMPTZ);
INSERT INTO indicators (indicator_id, district_id, no, slide, slide_no, name, description, value, found, source_org, ai_insight, kpi_count, kpi_pct, load_no, final_flag, date_modify) VALUES (477, 13, 18, 3, '3', 'Аёллар бандлиги 2026 режаси', 'Аёллар ишсизлиги ва ижтимоий қўллаб-қувватлаш', '', FALSE, 'Бандлик вазирлиги', 'Маълумот Меҳнат вазирлигидан сўралмоқда. Тўлдирилгандан сўнг таҳлил берилади.', NULL, NULL, 1, TRUE, '2026-04-28 12:00:00+05'::TIMESTAMPTZ);
INSERT INTO indicators (indicator_id, district_id, no, slide, slide_no, name, description, value, found, source_org, ai_insight, kpi_count, kpi_pct, load_no, final_flag, date_modify) VALUES (478, 13, 19, 3, '3', 'Олий таълим муассасалари', 'ОТМ сони, талабалар ва қуввати', '', FALSE, 'Ҳокимият', 'Маълумот Ҳокимиятдан сўралмоқда. Тўлдирилгандан сўнг таҳлил берилади.', NULL, NULL, 1, TRUE, '2026-04-28 12:00:00+05'::TIMESTAMPTZ);
INSERT INTO indicators (indicator_id, district_id, no, slide, slide_no, name, description, value, found, source_org, ai_insight, kpi_count, kpi_pct, load_no, final_flag, date_modify) VALUES (479, 13, 20, 3, '3', 'Техникумлар ва мактаблар', 'Мактаб/техникум сони, сменалар, ўқувчилар', '', FALSE, 'Мактабгача ва мактаб таълими бўлими', 'Маълумот Халқ таълимидан сўралмоқда. Тўлдирилгандан сўнг таҳлил берилади.', NULL, NULL, 1, TRUE, '2026-04-28 12:00:00+05'::TIMESTAMPTZ);
INSERT INTO indicators (indicator_id, district_id, no, slide, slide_no, name, description, value, found, source_org, ai_insight, kpi_count, kpi_pct, load_no, final_flag, date_modify) VALUES (480, 13, 21, 4, '4', 'Маҳалла ихтисослашуви', '24 та маҳалланинг иқтисодий фаолият йўналишлари ва тоифалари', 'Жами: 24 та маҳалла | Ипакчилик маҳаллалари: 3 та (Сойибобод, Мустақиллик, Чортоқ) | Картошка/карам: 6 та МФЙ | Маҳалла типологияси: Оғир: 8 та, Ўрта: 10 та, Енгил: 8 та', TRUE, 'МФЙ агентлиги', 'Ипакчилик (3 МФЙ) ва картошкачилик (6 МФЙ) салоҳиятини қайта ишлаш занжирига уланиш орқали маҳалла даражасида қўшимча иш ўринлари яратиш мумкин.', NULL, NULL, 1, TRUE, '2026-04-28 12:00:00+05'::TIMESTAMPTZ);
INSERT INTO indicators (indicator_id, district_id, no, slide, slide_no, name, description, value, found, source_org, ai_insight, kpi_count, kpi_pct, load_no, final_flag, date_modify) VALUES (481, 13, 22, 4, '4', 'Маҳалла драйвер секторлари', 'Маҳалла даражасида иқтисодий ўсишни бошқарувчи тармоқлар', 'Жами: 3 та драйвер сектор | 1-сектор Чорвачилик: асосий даромад манбаи | 2-сектор Қурилиш: инфратузилма ва иш ўринлари | 3-сектор Хизматлар: турмуш даражасини ошириш', TRUE, 'МФЙ агентлиги / SQB', 'Драйвер секторларни алоҳида эмас, «чорвачилик + қишлоқ хўжалиги + хизмат» занжирида боғлаш керак. Тайёр маҳсулотни бозорга чиқариш ва онлайн сотув каналларини кенгайтириш орқали қўшимча қийматни ошириш тавсия этилади.', NULL, NULL, 1, TRUE, '2026-04-28 12:00:00+05'::TIMESTAMPTZ);
INSERT INTO indicators (indicator_id, district_id, no, slide, slide_no, name, description, value, found, source_org, ai_insight, kpi_count, kpi_pct, load_no, final_flag, date_modify) VALUES (482, 13, 23, 4, '4', 'Микролойиҳалар сони ва иш ўринлари', '2026 йил учун режалаштирилган лойиҳалар ва иш ўринлари', 'Жами: 80 та лойиҳа, 400 та иш ўрни | Умумий қиймат: 25 млрд сўм | Саноат лойиҳалари (2026): 3 та, 2,27 млрд сўм | Хизмат лойиҳалари (2026): 6 та, 10 млрд сўм | Жами иш ўрни (режа): 2 280 та | Инвестиция (режа): 120 млрд сўм', TRUE, 'SQB / Шаҳар ҳокимияти', '80 та микролойиҳа орқали 400 та иш ўрни яратилган. Банкирлар вазифалари: (1) лойиҳани танлаш ва скоринг; (2) кредит расмийлаштиришда ёрдам; (3) лойиҳа амалга оширилишини мониторинг; (4) тадбиркорларга молиявий маслаҳат.', NULL, NULL, 1, TRUE, '2026-04-28 12:00:00+05'::TIMESTAMPTZ);
INSERT INTO indicators (indicator_id, district_id, no, slide, slide_no, name, description, value, found, source_org, ai_insight, kpi_count, kpi_pct, load_no, final_flag, date_modify) VALUES (483, 13, 24, 4, '4', 'Ишсизлик юқори маҳаллалар', 'Оғир тоифадаги маҳаллалар бўйича манзилли иш режаси', 'Жами: 24 та маҳалла | Қизил тоифа: 8 та | Сариқ тоифа: 10 та | Яшил тоифа: 8 та | Оғир маҳаллалар: А. Яссавий, Бирлашган, А. Навоий, Иноқлик, Чортоқ', TRUE, 'МФЙ агентлиги', 'Оғир тоифадаги 5 та маҳаллада «бир маҳалла — бир драйвер йўналиш» тамойили асосида тезкор бандлик режаси ишга туширилиши керак. Аввало ишсиз аҳолини кўникма бўйича сегментация қилиб, 3 ойлик қисқа циклда ишга жойлаштириш ва микролойиҳага улаш механизмлари қўлланиши лозим.', NULL, NULL, 1, TRUE, '2026-04-28 12:00:00+05'::TIMESTAMPTZ);
INSERT INTO indicators (indicator_id, district_id, no, slide, slide_no, name, description, value, found, source_org, ai_insight, kpi_count, kpi_pct, load_no, final_flag, date_modify) VALUES (484, 13, 25, 4, '4', 'SQB рақамли хизматлари', 'Банк инфратузилмаси ва маҳалла банкирлари', 'Жами: SQB рақамли хизматлари | Банкоматлар: 7 та | Бошқа банклар: 2 та | Банк ходимлари: 55 нафар | Маҳалла банкирлари: 4 нафар', TRUE, 'SQB / Марказий банк', 'Маҳалла банкирлари сони жуда кам (4 та) — бу 24 та МФЙ учун етарли эмас. Банкирлар сонини ошириш ва аёл банкирларни жалб қилиш тавсия этилади.', NULL, NULL, 1, TRUE, '2026-04-28 12:00:00+05'::TIMESTAMPTZ);
INSERT INTO indicators (indicator_id, district_id, no, slide, slide_no, name, description, value, found, source_org, ai_insight, kpi_count, kpi_pct, load_no, final_flag, date_modify) VALUES (485, 13, 26, 4, '4', 'Ишсизлик юқори маҳаллаларни ривожлантириш режаси', 'Оғир тоифадаги 5 та маҳаллада бандликни таъминлаш стратегияси', 'Жами: 5 та маҳалла, оғир тоифа | А.Яссавий, Бирлашган, А.Навоий, Иноқлик, Чортоқ | Ишсизлар (2025): 2 000 киши | Ёшлар (16–30): 1 200 киши | Аёллар: 1 190 киши | Мақсад: 2027 йилгача 2% га тушириш', TRUE, 'SQB / МФЙ агентлиги', '5 та оғир маҳаллада ёшлар (1 200) ва аёллар (1 190) ишсизлиги юқори. «Бир маҳалла — бир драйвер йўналиш» модели жорий қилиниши мақсадга мувофиқ. 2–3 ойлик тезкор цикл орқали микролойиҳаларга жалб қилиш ва бандликни таъминлаш мумкин.', NULL, NULL, 1, TRUE, '2026-04-28 12:00:00+05'::TIMESTAMPTZ);
INSERT INTO indicators (indicator_id, district_id, no, slide, slide_no, name, description, value, found, source_org, ai_insight, kpi_count, kpi_pct, load_no, final_flag, date_modify) VALUES (486, 13, 27, 4, '4', 'Сунъий интеллект куни ва ходимлар малакаси', 'Банкда СИ кўникмаларини мунтазам ошириш дастури', 'Жами: СИ малака ошириш дастури | «Сунъий интеллект куни» — ҳар ҳафтанинг жума куни СИ ўқитишга бағишланади | 1-босқич: Ҳар ҳафта жума куни СИ ўқитиш куни | 2-босқич: Туман ҳокимлари ва ҳоким ўринбосарлари — СИ ўқитиш ва қўллашни жорий қилиш | 3-босқич: Банк филиал раҳбарлари ва маҳалла банкирлари — СИ скоринг, риск таҳлили | 4-босқич: Маҳалла раислари ва ҳоким ёрдамчилари — СИ маълумотлар таҳлили', TRUE, 'SQB', 'Банк ходимларининг СИ саводхонлиги мунтазам оширилмоқда. Ҳафталик «СИ куни» амалиёти орқали ходимлар янги технологияларни кундалик ишга татбиқ этишни ўрганмоқда. Кейинги босқичда ҳар бир бўлим учун СИ KPI жорий этиш тавсия этилади.', NULL, NULL, 1, TRUE, '2026-04-28 12:00:00+05'::TIMESTAMPTZ);
INSERT INTO indicators (indicator_id, district_id, no, slide, slide_no, name, description, value, found, source_org, ai_insight, kpi_count, kpi_pct, load_no, final_flag, date_modify) VALUES (487, 13, 28, 4, '4', 'Раҳбарлар ва банкирларни СИ га ўқитиш', 'Ҳоким, банк раҳбарлари ва маҳалла банкирларини босқичма-босқич ўқитиш', 'Жами: 4 босқичли СИ ўқитиш | 1-босқич: Ҳоким ва ўринбосарлар — стратегия | 2-босқич: Филиал раҳбарлари — скоринг ва риск | 3-босқич: Маҳалла банкирлари — мижоз хизмати | 4-босқич: МФЙ раислари — маълумотлар таҳлили', TRUE, 'SQB', 'Раҳбарларни СИ га ўқитиш «юқоридан пастга» тамойилида амалга оширилади: аввал ҳоким даражасида стратегик қарорлар учун СИ, кейин банк раҳбарларига скоринг ва таҳлил, сўнг маҳалла банкирларига мижоз билан ишлаш учун СИ платформа ўргатилади. Ҳар босқич 2–4 ҳафта давом этади.', NULL, NULL, 1, TRUE, '2026-04-28 12:00:00+05'::TIMESTAMPTZ);
INSERT INTO indicators (indicator_id, district_id, no, slide, slide_no, name, description, value, found, source_org, ai_insight, kpi_count, kpi_pct, load_no, final_flag, date_modify) VALUES (488, 13, 29, 4, '4', '«SQB AI Advisor» — ақлли ёрдамчи платформа', 'Маҳалла банкирлари ва тадбиркорларга СИ ёрдами берувчи платформа', 'Жами: SQB AI Advisor функциялари | СИ маслаҳатчи чат-боти: тадбиркорлик, ҳуқуқий, молиявий саволларга жавоб | Бизнес-режа генератори: автоматик тузиш | Кредит мослаштириш: мижозга мос маҳсулот | KPI мониторинг: маҳалла агенти самарадорлиги | Прогноз: даромадни ошириш тавсиялари', TRUE, 'SQB', '«SQB AI Advisor» платформаси маҳалла банкири ва тадбиркорларга кундалик ишларда СИ ёрдамини беради: мижозларга автоматик маслаҳат, бизнес-режа генератори, кредит мослаштириш ва самарадорлик мониторинги. 2026 йил якунигача барча маҳаллаларда жорий этиш режалаштирилган.', NULL, NULL, 1, TRUE, '2026-04-28 12:00:00+05'::TIMESTAMPTZ);
INSERT INTO indicators (indicator_id, district_id, no, slide, slide_no, name, description, value, found, source_org, ai_insight, kpi_count, kpi_pct, load_no, final_flag, date_modify) VALUES (489, 13, 30, 4, '4', '«Ҳар бир оила — тадбиркор» дастури', 'Оилавий тадбиркорлик учун имтиёзли кредит', 'Жами: Оилавий тадбиркорлик дастури | Иштирокчи банклар: SQB ва бошқа тижорат банклари | Фоиз ставкаси: 18% | Максимал сумма: 300 млн сўм | Муддат: 3 йилгача | Имтиёзли давр: 3–6 ой', TRUE, 'Марказий банк', 'Оилавий тадбиркорликни кўпайтириш учун SQB AI Advisor платформасидан фойдаланиш тавсия этилади. Платформа орқали кредит скоринг, бизнес-режа тузиш ва молиявий маслаҳат олиш имконияти мавжуд. Маҳалла банкирлари ҳар бир оилани платформага йўналтириш ва имтиёзли кредитдан самарали фойдаланишга ёрдам бериши керак.', NULL, NULL, 1, TRUE, '2026-04-28 12:00:00+05'::TIMESTAMPTZ);
INSERT INTO indicators (indicator_id, district_id, no, slide, slide_no, name, description, value, found, source_org, ai_insight, kpi_count, kpi_pct, load_no, final_flag, date_modify) VALUES (490, 13, 31, 4, '4', '«HAMROH» хотин-қизлар тадбиркорлиги', 'Хотин-қизлар учун махсус молиявий дастур', 'Жами: HAMROH дастури | Иштирокчи банклар: SQB, Халқ банки, Микрокредит банк, Агро банк | Гаровсиз кредит: 100 млн сўмгача | Компания кафиллиги: 70%', TRUE, 'Марказий банк', 'HAMROH — хотин-қизлар тадбиркорлигини қўллаб-қувватлашнинг энг катта давлат дастури. Маҳалла банкирлари орқали аёлларни фаол жалб қилиш, бизнес тренинглар ташкил этиш ва муваффақиятли намуналарни кенг оммавий таништириш тавсия этилади.', NULL, NULL, 1, TRUE, '2026-04-28 12:00:00+05'::TIMESTAMPTZ);
INSERT INTO indicators (indicator_id, district_id, no, slide, slide_no, name, description, value, found, source_org, ai_insight, kpi_count, kpi_pct, load_no, final_flag, date_modify) VALUES (491, 13, 32, 4, '4', 'Аҳолини СИ орқали тадбиркорликка ўқитиш', 'Фуқароларни СИ платформаси орқали касб танлаш ва тадбиркорликка тайёрлаш', 'Жами: 250 нафар СИ орқали ўқитиш (2026 режа) | СИ таҳлили: ҳар бир мурожаатчининг кўникмаси ва қизиқиши аниқланади | СИ-ментор (чатбот): индивидуал ўқув дастури тузилади | Тадбиркорлик йўналиши: бизнес-режа + микрокредит | Касб йўналиши: тайёр иш ўринларига йўналтириш | 24 та маҳалладан камида 10 нафардан жалб қилиш', TRUE, 'SQB', 'СИ платформаси орқали ҳар бир фуқаро индивидуал баҳоланади: кўникмаси кучли бўлганлар ишга, тадбиркорлик қобилияти борлар бизнесга йўналтирилади. 24 та маҳалладан камида 250 нафарни 2026 йил якунигача СИ тренингига жалб қилиш ва 80% иштирокчини 3 ой ичида даромадли фаолиятга ўтказиш мақсад қилинган.', NULL, NULL, 1, TRUE, '2026-04-28 12:00:00+05'::TIMESTAMPTZ);
INSERT INTO indicators (indicator_id, district_id, no, slide, slide_no, name, description, value, found, source_org, ai_insight, kpi_count, kpi_pct, load_no, final_flag, date_modify) VALUES (492, 13, 33, 5, '5', 'Агрокластер ва чуқур қайта ишлаш саноати', 'Қишлоқ хўжалиги — туман драйвери, аммо қайта ишлаш даражаси паст', 'Жон бошига қ/х ҳажми: 24 038 минг сўм (вилоят ўртачасидан 26% юқори) | Дон экин майдони: 21 800 га | Гўшт қайта ишлаш: 21% | Сабзавот қайта ишлаш: 11% | Фермер кластерлари: 5 та', TRUE, 'Туман ҳокимияти / SQB', 'Жон бошига қ/х ҳажми вилоят ўртачасидан сезиларли юқори, лекин гўшт (21%) ва сабзавот (11%) қайта ишлаш улуши жуда паст. 3–5 та «ФудПарк» қуриш ва фермер кластерларини 5 тадан 12 тагача ошириб, ҳар бирига SQB орқали 3–5 млрд сўмлик «кластер кредити» таклиф қилиш импорт ўрнини босувчи маҳсулотлар ҳажмини 2028 йилгача 2 баравар оширади.', NULL, NULL, 1, TRUE, '2026-04-28 12:00:00+05'::TIMESTAMPTZ);
INSERT INTO indicators (indicator_id, district_id, no, slide, slide_no, name, description, value, found, source_org, ai_insight, kpi_count, kpi_pct, load_no, final_flag, date_modify) VALUES (493, 13, 34, 5, '5', 'Ипакчилик ва пистачилик — ноёб ихтисослашув', 'Уч маҳалла ипак қурти, 30 гектар пистачилик — премиум экспорт тармоғи', 'Ипакчилик маҳаллалари: 3 та (Сойибобод, Мустақиллик, Чортоқ) | Пистачилик: 30 га янги боғлар (2026–2028) | Узумчилик: 800 га (қайта ишлаш 15%) | Картошка/карам: 6 та маҳалла', TRUE, 'Туман ҳокимияти', 'Ипакчилик ва пистачилик — стратегик «ниша маҳсулотлар»: экспорт нархи бошқа қ/х маҳсулотларидан 4–10 баравар юқори. Ипакчилик маҳаллаларида «тўла сикл» ишлаб чиқариш тизимини йўлга қўйиш ҳар бир маҳаллада 80–120 та янги иш ўрни яратади. Пистачиликни 30 дан 150 га га кенгайтириш — «Гулистон пистаси» халқаро бренди имконияти.', NULL, NULL, 1, TRUE, '2026-04-28 12:00:00+05'::TIMESTAMPTZ);
INSERT INTO indicators (indicator_id, district_id, no, slide, slide_no, name, description, value, found, source_org, ai_insight, kpi_count, kpi_pct, load_no, final_flag, date_modify) VALUES (494, 13, 35, 5, '5', 'Логистика хаби ва «Қуруқ порт» салоҳияти', 'Темир йўлгача 2 км, вилоят марказига 10 км — Тошкент–Фарғона йўналиши', 'Темир йўлгача: 2 км | Шаҳар йўллари: 310 км | Асфальтланган: 82% | Омборхоналар: 4 та (800 м²), керак +2 та | Йўловчи ташиш: 25 483 минг/йил | Юк айланмаси: 7 281 минг тонна/йил', TRUE, 'Туман ҳокимияти', 'Темир йўлга яқинлик (2 км) ва Тошкент–Фарғона автомагистралига тушиш — асосий афзаллик. «Агро-Қуруқ порт» мажмуасини шакллантириш — совуткичли омборлар, қадоқлаш линиялари ва юк станциясини ягона ҳудудда жойлаштириш юк айланмасини 7,3 дан 12 млн тоннагача (+65%) оширади. Инвестиция: $15–25 млн.', NULL, NULL, 1, TRUE, '2026-04-28 12:00:00+05'::TIMESTAMPTZ);
INSERT INTO indicators (indicator_id, district_id, no, slide, slide_no, name, description, value, found, source_org, ai_insight, kpi_count, kpi_pct, load_no, final_flag, date_modify) VALUES (495, 13, 36, 5, '5', 'Қуёш энергияси ва «яшил саноат»', 'Сирдарё — Ўзбекистоннинг энг қуёшли ҳудудларидан, равнин ер, паст зичлик', 'Қуёшли кунлар: 300+ кун/йил | Ер майдони: 34 900 га | Аҳоли зичлиги: 720 киши/км² | Инвестиция: $10–25 млн/лойиҳа', TRUE, 'Энергетика вазирлиги / Ҳокимият', 'Йилига 300+ қуёшли кун ва паст аҳоли зичлиги — кенг майдонли қуёш панеллари учун ноёб шароит. Биринчи босқичда КСЗга 10–20 МВт қуёш станцияси қуриш электр харажатини 25–30% камайтиради. Иккинчи босқичда 100 МВт миқёсидаги қуёш парки — Сирдарёдан Тошкентга «яшил электр» экспорт қилувчи биринчи туман бўлиш имкони.', NULL, NULL, 1, TRUE, '2026-04-28 12:00:00+05'::TIMESTAMPTZ);
INSERT INTO indicators (indicator_id, district_id, no, slide, slide_no, name, description, value, found, source_org, ai_insight, kpi_count, kpi_pct, load_no, final_flag, date_modify) VALUES (496, 13, 37, 5, '5', 'КСЗ кенгайтириш ва инвестиция ўсиши', 'Гулистон КСЗ — 35 корхона, 1 200 иш ўрни; ер ресурси мўл', 'Жалб қилинган инвестиция (2025): $30 млн (2021 дан 3,75x) | ТТИ динамикаси: $12 млн (2023) → $18 млн (2025) | Саноат: 526,3 млрд сўм (ўсиш 105,8%) | Йирик корхоналар: 700 млрд сўм', TRUE, 'Туман ҳокимияти', 'КСЗни 2 баравар кенгайтириш (70–80 корхона) ва «ихтисослашган кластерларга» бўлиш — тайёр инфратузилмани инвесторларга сотишни осонлаштиради. ТТИни $18 млн дан 2028 йилгача $45–50 млн га етказиш учун «Fast-Track Invest» режимини жорий этиш Гулистонни вилоятда 1-ўринга кўтаради.', NULL, NULL, 1, TRUE, '2026-04-28 12:00:00+05'::TIMESTAMPTZ);
INSERT INTO indicators (indicator_id, district_id, no, slide, slide_no, name, description, value, found, source_org, ai_insight, kpi_count, kpi_pct, load_no, final_flag, date_modify) VALUES (497, 13, 38, 5, '5', 'Рақамли инфратузилма ва BPO/IT хизматлари', 'Интернет қоплами 97%, тезлик 70–120 Мбит/с — мамлакат бўйича юқори', 'Интернет қоплами: 97%, тезлик 70–120 Мбит/с | 18–24 ёш таълими: 53,6% | МТТ қамрови: 87,1% | Қайтган мигрантлар: 5 000 киши/йил | Ёшлар ишсизлиги: 1 200 киши', TRUE, 'Туман ҳокимияти / SQB', 'Интернет тезлиги ва қоплами Гулистонни рақамли хизматлар учун тайёр ҳудудга айлантиради. Тошкентга яқинлик ва арзон меҳнат ресурсидан фойдаланиб, BPO/IT-аутсорсинг маркази очиш — Тошкент IT-паркининг «филиали» сифатида. Қайтган 5 000 мигрант ва 1 200 ёшлар — потенциал кадрлар. 500–800 иш ўрнига 2–3 та Call-Center ишга тушириш мумкин.', NULL, NULL, 1, TRUE, '2026-04-28 12:00:00+05'::TIMESTAMPTZ);
INSERT INTO indicators (indicator_id, district_id, no, slide, slide_no, name, description, value, found, source_org, ai_insight, kpi_count, kpi_pct, load_no, final_flag, date_modify) VALUES (498, 13, 39, 5, '5', 'Туризм, агротуризм ва транзит зона', '3 та туризм маршрути (2026–2028), Тошкент ва Фарғона ўртасида транзит ҳудуд', 'Инвестиция (2026–2028 режа): 50 млрд сўм | 3 та туристик маршрут | Агротуризм: ипакчилик + пистачилик + узумчилик | Гастротуризм: маҳаллий қ/х маҳсулотлари | Дам олиш масканлари: 2026–2028', TRUE, 'Туман ҳокимияти', 'Энг тўғри стратегия — «транзит + агротуризм» модели: сайёҳлар учун «йўл бўйи хабилари» яратиш. 50 млрд сўмни: 20 млрд — 2 та «Eco/Silk Resort»; 15 млрд — агротур маршрутларини рақамли карта ва брендга улаш; 15 млрд — гастробозор ва ҳунармандчилик марказлари. Мақсад — 2028 йилгача 150 минг транзит сайёҳни ушлаб қолиш.', NULL, NULL, 1, TRUE, '2026-04-28 12:00:00+05'::TIMESTAMPTZ);
INSERT INTO indicators (indicator_id, district_id, no, slide, slide_no, name, description, value, found, source_org, ai_insight, kpi_count, kpi_pct, load_no, final_flag, date_modify) VALUES (499, 13, 40, 6, '6', 'Стратегик хулоса — 3 та устувор тармоқ', 'Гулистон иқтисодиётининг 5 йиллик таҳлилидан келиб чиққан асосий йўналишлар', 'Жами: 3 устун: Агро — Саноат — Хизматлар | 1-устун — Агрокластер: қ/х 4 500 млрд сўм, 21 800 га дон | 2-устун — Саноат: 526 млрд сўм, +5,8% ўсиш | 3-устун — Бозор хизматлари: 419 млрд сўм, 2,2× ўсиш | Ноёб нишалар: ипакчилик, пистачилик', TRUE, 'SQB / Туман ҳокимияти', 'Туман «уч устунли» модел бўйича ривожланмоқда (қ/х 25% / саноат 30% / хизматлар 45%). Диверсификация — кучли томон, лекин қайта ишлаш даражаси паст. 2026–2028 да қ/х ва саноат ўртасидаги «узилиш»ни агросаноат орқали боғлаш, хизматларни рақамли инфратузилма асосида 2× га ошириш. Мақсад — Гулистонни «Сирдарё вилоятининг иқтисодий пойтахти» қилиш.', NULL, NULL, 1, TRUE, '2026-04-28 12:00:00+05'::TIMESTAMPTZ);
INSERT INTO indicators (indicator_id, district_id, no, slide, slide_no, name, description, value, found, source_org, ai_insight, kpi_count, kpi_pct, load_no, final_flag, date_modify) VALUES (500, 13, 41, 6, '6', 'Иш ўринлари ва бандлик KPI режаси', '2026–2028: 6 780 янги иш ўрни, ишсизликни 5,5% дан 3% га тушириш', 'Жами: 6 780 иш ўрни (2026–2028) | Қ/х: 1 700 | Саноат: 2 650 | Туризм: 350 | Расмийлаштириш: 1 300 | Ёшлар: 1 200 → 400 гача | Аёллар: 1 190 → 500 гача', TRUE, 'Туман ҳокимияти / SQB', '6 780 иш ўрни ишсизликни 5,5% дан 3,0% га тушишга етарли. Асосий муаммо — 17 000 норасмий банд ва 11 500 мигрант. Норасмий секторни расмийлаштиришга 2 500 иш ўрни (9 млрд сўм солиқни қайтаради), қайтган мигрантлар учун «Reintegrate» дастури, ёшлар ва аёллар учун алоҳида «вертикал» дастурлар зарур.', NULL, NULL, 1, TRUE, '2026-04-28 12:00:00+05'::TIMESTAMPTZ);
INSERT INTO indicators (indicator_id, district_id, no, slide, slide_no, name, description, value, found, source_org, ai_insight, kpi_count, kpi_pct, load_no, final_flag, date_modify) VALUES (501, 13, 42, 6, '6', 'Инвестиция жалб қилиш режаси 2026–2031', '6 йиллик график — 50 дан 70 млрд сўмгача йиллик ўсиш', 'Жами (6 йил): 374 млрд сўм | 2026: 50 млрд | 2027: 57 млрд (+14%) | 2028: 60 млрд | 2029: 67 млрд | 2030: 70 млрд | ТТИ: $18 млн (2025) → $45–50 млн (2028)', TRUE, 'Шаҳар ҳокимияти / SQB', '374 млрд сўмлик режани «фаол воронка»га айлантириш — 40% КСЗ ва саноат, 35% агрокластерлар, 25% инфратузилма. ТТИни $45–50 млн га етказиш учун 5 та йирик стратегик инвестор билан тўғридан-тўғри шартнома тузиш мақсадга мувофиқ.', NULL, NULL, 1, TRUE, '2026-04-28 12:00:00+05'::TIMESTAMPTZ);
INSERT INTO indicators (indicator_id, district_id, no, slide, slide_no, name, description, value, found, source_org, ai_insight, kpi_count, kpi_pct, load_no, final_flag, date_modify) VALUES (502, 13, 43, 6, '6', 'Маҳалла-даражадаги стратегия — 8 та оғир маҳалла', '24 та маҳалла, улардан 8 таси стратегик «қизил зона»', 'Маҳалла тоифалари: Оғир: 8 та, Ўрта: 10 та, Енгил: 6 та | Камбағал оилалар: 2 200 | Ижтимоий ҳимояга муҳтож: 7 000 оила | Микролойиҳалар: 80 та, 25 млрд сўм | Маҳаллий банкирлар: 4 та', TRUE, 'МФЙ агентлиги / SQB', '8 та оғир маҳалла учун «Маҳалла 360» модели — ҳар бири учун 5 йиллик паспорт (ихтисослашув + иш ўрни + микрокредит + инфратузилма). Банкирларни 4 тадан 12 тага (6 аёл, 6 эркак) етказиш, микролойиҳаларни 80 дан 150 тага, маблағни 25 дан 50 млрд сўмгача кенгайтириш зарур.', NULL, NULL, 1, TRUE, '2026-04-28 12:00:00+05'::TIMESTAMPTZ);
INSERT INTO indicators (indicator_id, district_id, no, slide, slide_no, name, description, value, found, source_org, ai_insight, kpi_count, kpi_pct, load_no, final_flag, date_modify) VALUES (503, 13, 44, 6, '6', '2026 лойиҳа портфели ва кредит режаси', '9 та лойиҳа + 1 400 млрд сўм банк кредити', 'SQB 2026 режаси: 1 400 млрд сўм | Саноат лойиҳалари: 3 та, 2,27 млрд, 900 иш ўрни | Хизмат лойиҳалари: 6 та | Кичик бизнес: 400 млрд | Қ/х: 350 млрд | Саноат: 350 млрд | Хизматлар: 350 млрд | NPL: 5,5% → мақсад 2,0%', TRUE, 'SQB / Туман ҳокимияти', '1 400 млрд сўмлик кредит режасида ҳар блокда 3–5 та «флагман лойиҳа» аниқлаш ва кредитнинг 60% ини шуларга йўналтириш лозим. NPLни 2,0% га тушириш калити — «прекредит тавсия» босқичида маҳаллий банкир ва AI-баҳолаш тизимидан фойдаланиш.', NULL, NULL, 1, TRUE, '2026-04-28 12:00:00+05'::TIMESTAMPTZ);
INSERT INTO indicators (indicator_id, district_id, no, slide, slide_no, name, description, value, found, source_org, ai_insight, kpi_count, kpi_pct, load_no, final_flag, date_modify) VALUES (504, 13, 45, 6, '6', 'Босқичли амалиёт режаси — 0–12 ой / 1–3 йил / 3–5 йил', 'Қисқа, ўрта ва узоқ муддатли вазифалар тақсимоти', 'Жами режа: 1 458 млрд сўм | 0–12 ой (2026): 1 362 млрд (банк 1 122 + бюджет 240) | 1–3 йил: 56 млрд (микрокредит + оилавий) | 3–5 йил: 120 млрд (инфратузилма 90 + туризм 30) | 100 кунлик режа: бандлик + иш ўрни', TRUE, 'SQB / Ҳокимият', '0–12 ой босқичи (93%) — тўғри, тезкор таъсир. Лекин 3–5 йиллик режа (120 млрд) заиф — узоқ муддатли лойиҳалар (қуёш станция, агро-dry-port, BPO-марказ) учун 250–300 млрд сўмгача ошириш зарур. Ҳар фаза учун 3 та KPI ва чорак-чоракда «Stop/Go» ҳисобот талаб қилиш лозим.', NULL, NULL, 1, TRUE, '2026-04-28 12:00:00+05'::TIMESTAMPTZ);
INSERT INTO indicators (indicator_id, district_id, no, slide, slide_no, name, description, value, found, source_org, ai_insight, kpi_count, kpi_pct, load_no, final_flag, date_modify) VALUES (505, 13, 46, 6, '6', 'ГУЛИСТОН 2028 — асосий натижа рамкаси', '5 йиллик мақсад — «Сирдарёнинг иқтисодий дарвозаси»', 'Аҳоли: 78 → ~85 минг (+9%) | Саноат: 526 → 900+ млрд (+70%) | Экспорт: $26,5 → $50+ млн (+90%) | Камбағаллик: 5,9% → 2,5% | Ишсизлик: 5,5% → 3,0% | Жон бошига кредит: 3,6 → 6,0 млн | Рейтинг: 4 → 2 ўрин', TRUE, 'SQB / Туман ҳокимияти', 'Гулистон олдида стратегик «чорраҳа» турибди: ё «ўртача» бўлиб қолади, ё вилоятнинг иқтисодий пойтахтига айланади. Ғолиб формуласи: (1) уч устун — агро-саноат-хизматлар; (2) уч ниша — ипакчилик, пистачилик, қуёш энергияси; (3) уч механизм — SQB лойиҳа фабрикаси, ТТИ-fast-track, маҳалла-360. Ҳар бир рақам учун масъул одам ва 6 ойлик ҳисобот расмийлаштирилиши шарт.', NULL, NULL, 1, TRUE, '2026-04-28 12:00:00+05'::TIMESTAMPTZ);

-- districts for region: tashkent
INSERT INTO districts (district_id, region_id, slug, name_uz, name_ru, name_en, district_name, json_file, has_data, type, year, total_cards, load_no, final_flag, date_modify) VALUES (14, 6, 'mirzoulgbek', 'Мирзо Улуғбек', 'Мирзо-Улугбек', 'Mirzo Ulugbek', 'Мирзо Улуғбек тумани', 'mirzoulgbek.json', TRUE, NULL, 2026, 44, 1, TRUE, '2026-04-28 12:00:00+05'::TIMESTAMPTZ);
INSERT INTO hero_kpis (hero_kpi_id, district_id, metric_name, metric_value, metric_unit, load_no, final_flag, date_modify) VALUES (41, 14, 'Аҳоли', 337.1, 'минг киши', 1, TRUE, '2026-04-28 12:00:00+05'::TIMESTAMPTZ);
INSERT INTO hero_kpis (hero_kpi_id, district_id, metric_name, metric_value, metric_unit, load_no, final_flag, date_modify) VALUES (42, 14, 'Маҳалла', 60, 'та', 1, TRUE, '2026-04-28 12:00:00+05'::TIMESTAMPTZ);
INSERT INTO hero_kpis (hero_kpi_id, district_id, metric_name, metric_value, metric_unit, load_no, final_flag, date_modify) VALUES (43, 14, 'Оила', 85000, 'та', 1, TRUE, '2026-04-28 12:00:00+05'::TIMESTAMPTZ);
INSERT INTO hero_kpis (hero_kpi_id, district_id, metric_name, metric_value, metric_unit, load_no, final_flag, date_modify) VALUES (44, 14, 'Хонадон', 0, 'та', 1, TRUE, '2026-04-28 12:00:00+05'::TIMESTAMPTZ);
INSERT INTO indicators (indicator_id, district_id, no, slide, slide_no, name, description, value, found, source_org, ai_insight, kpi_count, kpi_pct, load_no, final_flag, date_modify) VALUES (506, 14, 1, 1, '1', 'Макроиқтисодий кўрсаткичлар', 'Саноат, бозор хизматлари ҳажми, тармоқлар улуши ва ўсиш суръати', 'Жами: 2025 йил кўрсаткичлари | Саноат: 12 318,7 млрд сўм (+21,2%) | Бозор хизматлари: 35 930,8 млрд сўм (+34,4%) | Саноат ўсиш суръати: 121,2% | Тармоқлар: Савдо, саноат, хизмат кўрсатиш — устувор 3 та | ЯҲМ жон бошига: 26 596,3 минг сўм | 2021→2025: Саноат 5 186,1 → 12 318,7 млрд сўм (2,4 баробар)', TRUE, 'stat.uz / Туман статистика бўлими', 'Саноат 5 йилда 2,4 баробарга ўсиши ва ўсиш суръати 96,1% дан 121,2% гача кўтарилиши ижобий тенденция, аммо қиймат занжирининг пастки қисмида қолмаслик учун юқори қўшимча қийматли маҳсулотлар улушини ошириш керак. Бозор хизматлари 3,4 баробарга ўсгани — туманнинг савдо-хизмат ихтисослашувини тасдиқлайди, шу сабабли логистика-омборхона инфратузилмасига ва рақамли савдо платформаларига инвестицияни кучайтириш мақсадга мувофиқ.', NULL, NULL, 1, TRUE, '2026-04-28 12:00:00+05'::TIMESTAMPTZ);
INSERT INTO indicators (indicator_id, district_id, no, slide, slide_no, name, description, value, found, source_org, ai_insight, kpi_count, kpi_pct, load_no, final_flag, date_modify) VALUES (507, 14, 2, 1, '1', 'Шаҳар иқтисодиётининг 4 та драйвери', 'Мирзо Улуғбек тумани устувор тармоқлари ва ривожланиш йўналишлари', 'Жами: 4 та устувор соҳа | 1-ўрин Савдо ва чакана савдо: бозор хизматлари 35 930,8 млрд сўм (+34,4%) | 2-ўрин Саноат ва ишлаб чиқариш: 12 318,7 млрд сўм (+21,2%) | 3-ўрин Хизмат кўрсатиш: енгил саноат, транспорт тугуни | 4-ўрин Қурилиш ва маҳалла тадбиркорлик: микролойиҳалар 3 000 та (6 000 иш ўрни, 120 млрд сўм) | Кичик бизнес 2021→2025: 39 653 → 143 971 млн сўм (3,6 баробар)', TRUE, 'Туман статистика бўлими / Туман ҳокимияти', 'Туман 3 та ноқишлоқ хўжалиги драйверига таянгани учун бу шаҳар типидаги иқтисодиёт учун табиий. 4 та драйверни бир йўналишдаги «савдо–хизмат» кластерига ҳаддан ташқари боғлиқ қилмаслик учун юқори технологияли ишлаб чиқаришни ажратиб ривожлантириш керак.', NULL, NULL, 1, TRUE, '2026-04-28 12:00:00+05'::TIMESTAMPTZ);
INSERT INTO indicators (indicator_id, district_id, no, slide, slide_no, name, description, value, found, source_org, ai_insight, kpi_count, kpi_pct, load_no, final_flag, date_modify) VALUES (508, 14, 3, 1, '1', 'Саноат маҳсулотлари ишлаб чиқариш динамикаси', 'Туманда саноат маҳсулотлари ишлаб чиқариш ҳажми — йиллик динамика', 'Ҳажм (млрд сўм): 2021: 5 186,1 | 2022: 5 649,4 | 2023: 8 245,0 | 2024: 11 007,8 | 2025: 12 318,7 | Ўсиш %: 2021: 96,1 | 2022: 101,6 | 2023: 108,8 | 2024: 114,7 | 2025: 121,2 | Йирик корхоналар (2025): 358 692,8 млн сўм | Кичик бизнес (2025): 143 971,3 млн сўм', TRUE, 'Туман статистика бўлими', '2021 йилда ўсиш манфий (96,1%) бўлган, кейинги 4 йилда суръат барқарор ошиши структуравий ўсиш белгиси. Йирик корхоналар кичик бизнесга нисбатан 2,5 баробар катта — бу концентрация хавфини келтиради.', NULL, NULL, 1, TRUE, '2026-04-28 12:00:00+05'::TIMESTAMPTZ);
INSERT INTO indicators (indicator_id, district_id, no, slide, slide_no, name, description, value, found, source_org, ai_insight, kpi_count, kpi_pct, load_no, final_flag, date_modify) VALUES (509, 14, 4, 1, '1', 'Маҳаллий бюджет', 'Туман маҳаллий бюджет даромадлари ва солиқ тушумлари динамикаси', 'Бюджет (млн сўм): 2021: 111 045,8 | 2022: 158 695,5 | 2023: 140 634,0 | 2024: 177 179,8 | 2025: 169 249,5 | Контингент: 2021: 3 156,2 | 2022: 4 218,6 | 2023: 2 774,5 | 2024: 7 055,1 | 2025: 14 247,2 | Солиқ прогнози (млрд): 2021: 53,1 | 2022: 58,1 | 2023: 66,3 | 2024: 79,9 | 2025: 84,1', TRUE, 'Туман молия бўлими / Давлат солиқ қўмитаси', 'Бюджет даромадлари барқарор ўсмаяпти — 2023 ва 2025 йилларда пастга тушиш кузатилган. Контингент бюджет 4,5 баробар ошди. Солиқ даромадлари 5 йилда +58% ўсган бўлса-да, бюджет барқарорлигини таъминлаш учун даромад манбаларини диверсификация қилиш зарур.', NULL, NULL, 1, TRUE, '2026-04-28 12:00:00+05'::TIMESTAMPTZ);
INSERT INTO indicators (indicator_id, district_id, no, slide, slide_no, name, description, value, found, source_org, ai_insight, kpi_count, kpi_pct, load_no, final_flag, date_modify) VALUES (510, 14, 5, 1, '1', 'Ажратилган кредитлар', 'Туман иқтисодиёти учун ажратилган жами кредитлар ҳажми ва банк инфратузилмаси', 'ТТИ: 2021: 500 → 2025: 1 200 минг $ (2,4 баробар) | Микролойиҳалар: 2024: 1 800 та (3 600 иш ўрни, 100 млрд) → 2025: 3 000 та (6 000 иш ўрни, 120 млрд) | 2026 кредит режаси: 300 млрд (кичик бизнес: 100, Қ/х: 50, Саноат: 150) | Банк: SQB 2 филиал, 8 банкомат, 72 ходим, 30 маҳаллий банкир | NPL: 2021: 2,9% → 2025: 3,6%', TRUE, 'SQB / Туман ҳокимияти', 'Микролойиҳалар +67% ошиши жуда ижобий, аммо NPL 2,9% дан 3,6% га кўтарилгани огоҳлик сигнали. Кредит сифатини назорат қилиш ва муаммоли қарзларни эрта аниқлаш тизимини кучайтириш лозим.', NULL, NULL, 1, TRUE, '2026-04-28 12:00:00+05'::TIMESTAMPTZ);
INSERT INTO indicators (indicator_id, district_id, no, slide, slide_no, name, description, value, found, source_org, ai_insight, kpi_count, kpi_pct, load_no, final_flag, date_modify) VALUES (511, 14, 6, 1, '1', 'Google Trends иқтисодий фаоллик', 'Туман иқтисодий фаоллиги Google Trends орқали — аҳоли қидирув сўровлари асосида', 'Маълумот мавжуд эмас — Марказий гуруҳ ҳисоблайди | Интернет қоплами (2025): 95%, 50 Мбит/с', TRUE, 'SQB Аналитика', 'Google Trends индекси туман бўйича мавжуд эмас. Интернет қоплами 95% ва тезлик 50 Мбит/с — рақамли фаоллик учун зарур инфратузилма тайёр. Рақамли савдо ва онлайн хизматлар ривожланиши учун асос яратилган.', NULL, NULL, 1, TRUE, '2026-04-28 12:00:00+05'::TIMESTAMPTZ);
INSERT INTO indicators (indicator_id, district_id, no, slide, slide_no, name, description, value, found, source_org, ai_insight, kpi_count, kpi_pct, load_no, final_flag, date_modify) VALUES (512, 14, 7, 2, '2', 'Ичимлик суви билан таъминланганлик (%)', 'Аҳолини тоза ичимлик суви билан таъминланганлик даражаси', 'Динамика (%): 2021: 98,0 | 2022: 99,2 | 2023: 99,7 | 2024: 99,3 | 2025: 100,0 | Канализация: 100% (барча йиллар) | Суғориш бетонлаш: 2021: 45% → 2025: 90%', TRUE, 'Сув хўжалиги', '2025 йилда 100% га етгани аъло натижа. Эндиги бош масала — қоплам эмас, сифат. Сув тармоғи модернизацияси ва сифат назорати тизимини кучайтириш зарур.', NULL, NULL, 1, TRUE, '2026-04-28 12:00:00+05'::TIMESTAMPTZ);
INSERT INTO indicators (indicator_id, district_id, no, slide, slide_no, name, description, value, found, source_org, ai_insight, kpi_count, kpi_pct, load_no, final_flag, date_modify) VALUES (513, 14, 8, 2, '2', 'Ички йўллар таъмирланиш даражаси (%)', 'Туман ички йўлларининг таъмирланганлик даражаси', 'Асфальтланган: 100% (2021-2025) | Йўллар: 345 км | Темир йўл: 11 км масофада | Вилоят маркази: 11,3 км', TRUE, 'Йўл хўжалиги', 'Асфальтланган йўллар 100%, аммо йўллар узунлиги 345 км ўзгармагани парадокс. Туман майдони 60% га кенгайган бўлса-да, йўл тармоғи кенгайтирилмаган — янги ҳудудларда йўл қуриш режасини ишлаб чиқиш зарур.', NULL, NULL, 1, TRUE, '2026-04-28 12:00:00+05'::TIMESTAMPTZ);
INSERT INTO indicators (indicator_id, district_id, no, slide, slide_no, name, description, value, found, source_org, ai_insight, kpi_count, kpi_pct, load_no, final_flag, date_modify) VALUES (514, 14, 9, 2, '2', 'Электр таъминоти сифат даражаси', 'Электр узилишлари ва тармоқ модернизация ҳолати', 'Узилишлар (марта/ой): 2021: 5 | 2022: 2 | 2023: 3 | 2024: 1 | 2025: 1 | Газ: 100% (2021-2025)', TRUE, 'Электр тармоқлари', 'Узилишлар 5 мартадан 1 мартага тушгани — энг яхши яхшиланиш. Электр тармоқлари модернизацияси бўйича маълумот мавжуд эмас, аммо барқарорлик юқори даражада сақланмоқда.', NULL, NULL, 1, TRUE, '2026-04-28 12:00:00+05'::TIMESTAMPTZ);
INSERT INTO indicators (indicator_id, district_id, no, slide, slide_no, name, description, value, found, source_org, ai_insight, kpi_count, kpi_pct, load_no, final_flag, date_modify) VALUES (515, 14, 10, 2, '2', 'Ер тоифалари бўйича рўйхат (га)', 'Туман ер фонди тузилмаси', 'Умумий (га): 2021: 3 074 | 2022: 3 074 | 2023: 3 074 | 2024: 4 015 | 2025: 4 911 | Экин/яйлов: йўқ (шаҳар типидаги туман) | Зичлик: 2021: 417 → 2025: 483 киши/км² | Саноат зона фойдаланиш: 2021: 50% → 2025: 90% | Фойдали қазилмалар: 0 та', TRUE, 'Кадастр агентлиги', 'Туман майдони +60% га кенгайгани жиддий маъмурий ўзгариш. Саноат зонаси 90% банд — 10% захира қолган. Янги саноат объектлари учун кўп қаватли ишлаб чиқариш биноларини режалаштириш зарур.', NULL, NULL, 1, TRUE, '2026-04-28 12:00:00+05'::TIMESTAMPTZ);
INSERT INTO indicators (indicator_id, district_id, no, slide, slide_no, name, description, value, found, source_org, ai_insight, kpi_count, kpi_pct, load_no, final_flag, date_modify) VALUES (516, 14, 11, 2, '2', 'Жамоат транспортидан фойдаланиш', 'Аҳолини жамоат транспорти билан қамраб олинганлик даражаси', 'Юк/йўловчи айланмаси (минг): 2021: 214 308,4 | 2022: 325 028,1 | 2023: 436 938,6 | 2024: 456 235,6 | 2025: 521 268,1 | Темир йўл: 11 км | Омборхоналар: 2021: 9 та (4 500 м²) → 2025: 21 та (20 500 м²)', TRUE, 'Статистика бўлими / ИИВ', 'Мобиллик 2,4 баробар ошиши — иқтисодий фаоллик далили. Омборхоналар сони 9 дан 21 тага ва майдони 4 500 дан 20 500 м² га ошгани логистика инфратузилмасининг ривожланаётганидан далолат беради.', NULL, NULL, 1, TRUE, '2026-04-28 12:00:00+05'::TIMESTAMPTZ);
INSERT INTO indicators (indicator_id, district_id, no, slide, slide_no, name, description, value, found, source_org, ai_insight, kpi_count, kpi_pct, load_no, final_flag, date_modify) VALUES (517, 14, 12, 2, '2', 'Мактабгача таълим қамрови', 'Мактабгача таълим муассасаларига қамраб олинганлик', 'Қамров (%): 2021: 52,0 | 2022: 55,5 | 2023: 56,6 | 2024: 60,5 | 2025: 65,1 | Мактаб: 1-смена: 40 та, 2-смена: 25 та | Ёшлар ишсизлиги: 2021: 1 125 → 2025: 704 (–37%) | Оилалар: 2021: 55 000 → 2025: 85 000 (+55%)', TRUE, 'Мактабгача ва мактаб таълими вазирлиги', '5 йилда +13,1% ошди. 2030 йилгача 80% мақсадига етиш учун суръатни ошириш зарур. Давлат-хусусий шериклик асосида янги мактабгача таълим муассасаларини ташкил этиш тавсия этилади.', NULL, NULL, 1, TRUE, '2026-04-28 12:00:00+05'::TIMESTAMPTZ);
INSERT INTO indicators (indicator_id, district_id, no, slide, slide_no, name, description, value, found, source_org, ai_insight, kpi_count, kpi_pct, load_no, final_flag, date_modify) VALUES (518, 14, 13, 3, '3', 'Меҳнат ресурслари', 'Туман меҳнатга лаёқатли аҳолиси ва меҳнат ресурслари динамикаси', 'Меҳнат ресурслари (минг): 2021: 400 | 2022: 450 | 2023: 2120 | 2024: 2450 | 2025: 2880', TRUE, 'Бандлик маркази', '2023 йилдаги кескин сакраш ишончсиз — манбадан қайта тасдиқлаш тавсия этилади. Агар маълумот тўғри бўлса, туман майдони кенгайиши билан боғлиқ бўлиши мумкин.', NULL, NULL, 1, TRUE, '2026-04-28 12:00:00+05'::TIMESTAMPTZ);
INSERT INTO indicators (indicator_id, district_id, no, slide, slide_no, name, description, value, found, source_org, ai_insight, kpi_count, kpi_pct, load_no, final_flag, date_modify) VALUES (519, 14, 14, 3, '3', 'Бандликни ошириш имкониятлари', 'Норасмий секторда бандлик ва ижтимоий ёрдам кўрсаткичлари', 'Норасмий секторда: 2024: 45250 | 2025: 60211 | Бола нафақаси: 2021: 3569 | 2022: 5567 | 2023: 8195 | 2024: 6582', TRUE, 'Бандлик маркази', 'Норасмий секторда бандлик 45 000 дан 60 000 га ошган. Расмийлаштириш орқали солиқ базасини кенгайтириш мумкин. Бунинг учун соддалаштирилган рўйхатдан ўтиш ва имтиёзли солиқ ставкалари жорий этилиши лозим.', NULL, NULL, 1, TRUE, '2026-04-28 12:00:00+05'::TIMESTAMPTZ);
INSERT INTO indicators (indicator_id, district_id, no, slide, slide_no, name, description, value, found, source_org, ai_insight, kpi_count, kpi_pct, load_no, final_flag, date_modify) VALUES (520, 14, 15, 3, '3', 'Ишсизлик даражаси', 'Туман бўйича расмий ишсизлик кўрсаткичлари ва тренд', 'Ишсизлар (2025): 101 киши (−55,3%) | Тренд: 389 → 633 → 407 → 226 → 101 | Ёшлар ишсизлиги: 704 киши (16-30 ёш) | Аёллар ишсизлиги: 169 киши | Мақсад: 2027 йилгача 2% га тушириш', TRUE, 'Бандлик маркази', 'Ишсизликни 2% га тушириш учун ёшлар ва аёллар бўйича манзилли ишга жойлаштириш дастурлари лозим. Расмий ишсизлик 101 кишига тушгани ижобий, аммо ёшлар ва аёллар бўйича алоҳида чора-тадбирлар зарур.', 101, 3.5, 1, TRUE, '2026-04-28 12:00:00+05'::TIMESTAMPTZ);
INSERT INTO indicators (indicator_id, district_id, no, slide, slide_no, name, description, value, found, source_org, ai_insight, kpi_count, kpi_pct, load_no, final_flag, date_modify) VALUES (521, 14, 16, 3, '3', 'Камбағаллик даражаси', 'Туман аҳолиси орасида камбағаллик кўрсаткичлари', 'Камбағаллик (2025): 20% (−28 пп) | Камбағал оилалар (2025): 1800 та (+20%) | Тренд: 51% → 45% → 33% → 28% → 20% | Кам таъминланган: 150 та', TRUE, 'Статистика бўлими / МФЙ', 'Камбағалликни камайтириш учун ҳар бир камбағал оилага мақсадли микрокредит ва субсидия пакети шакллантирилиши керак. 5 йилда 51% дан 20% га тушиши жиддий натижа, аммо абсолют сонда камбағал оилалар сони ошаётгани эътиборга олиниши лозим.', 1800, 20, 1, TRUE, '2026-04-28 12:00:00+05'::TIMESTAMPTZ);
INSERT INTO indicators (indicator_id, district_id, no, slide, slide_no, name, description, value, found, source_org, ai_insight, kpi_count, kpi_pct, load_no, final_flag, date_modify) VALUES (522, 14, 17, 3, '3', 'Ёшлар даромади ва бандлиги', 'Ёшлар ишсизлиги ва ўртача маош динамикаси', 'Ёшлар ишсизлиги (16-30): 2021: 1125 → 2025: 704 (−37,4%) | Маош (минг сўм): 2021: 3041 | 2022: 3078 | 2023: 3329 | 2024: 3732 | 2025: 4094 | Ўзгариш 2024→2025: +362 (+9,7%)', TRUE, 'Бандлик маркази / Статистика бўлими', 'Ёшлар ишсизлиги 5 йилда 37% га камайган. Дуал таълим ва тезкор қайта тайёрлаш дастурлари орқали ёшларни расмий бандликка кўпроқ жалб қилиш мумкин. Маош ўсиши барқарор, аммо инфляцияга мос келиши таҳлил қилиниши керак.', NULL, NULL, 1, TRUE, '2026-04-28 12:00:00+05'::TIMESTAMPTZ);
INSERT INTO indicators (indicator_id, district_id, no, slide, slide_no, name, description, value, found, source_org, ai_insight, kpi_count, kpi_pct, load_no, final_flag, date_modify) VALUES (523, 14, 18, 3, '3', 'Аёллар бандлиги', 'Аёллар ишсизлиги ва ногиронлар бандлиги кўрсаткичлари', 'Аёллар ишсизлиги: 2021: 143 | 2022: 157 | 2023: 162 | 2024: 166 | 2025: 169 | Ногиронлар бандлиги (2021): Ишлайди 3200, Ишламайди 1710 | Маош: 2021: 3041 → 2025: 4094 (+34,6%)', TRUE, 'Бандлик маркази', 'Аёллар ишсизлиги йилдан йилга секин ошиб бормоқда (143 дан 169 га). Касбга йўналтириш ва имтиёзли молиялаштириш тавсия этилади. Аёллар учун уйдан ишлаш имкониятларини кенгайтириш ва онлайн тадбиркорлик дастурларини жорий этиш зарур.', NULL, NULL, 1, TRUE, '2026-04-28 12:00:00+05'::TIMESTAMPTZ);
INSERT INTO indicators (indicator_id, district_id, no, slide, slide_no, name, description, value, found, source_org, ai_insight, kpi_count, kpi_pct, load_no, final_flag, date_modify) VALUES (524, 14, 19, 3, '3', 'Мирзо Улуғбек туманидаги олий таълим муассасалари', 'Туман ҳудудидаги олий таълим муассасалари тўғрисида маълумот', '', FALSE, '', '', NULL, NULL, 1, TRUE, '2026-04-28 12:00:00+05'::TIMESTAMPTZ);
INSERT INTO indicators (indicator_id, district_id, no, slide, slide_no, name, description, value, found, source_org, ai_insight, kpi_count, kpi_pct, load_no, final_flag, date_modify) VALUES (525, 14, 20, 3, '3', 'Мирзо Улуғбек туманидаги техникумлар', 'Туман ҳудудидаги техникум ва коллежлар тўғрисида маълумот', '', FALSE, '', '', NULL, NULL, 1, TRUE, '2026-04-28 12:00:00+05'::TIMESTAMPTZ);
INSERT INTO indicators (indicator_id, district_id, no, slide, slide_no, name, description, value, found, source_org, ai_insight, kpi_count, kpi_pct, load_no, final_flag, date_modify) VALUES (526, 14, 21, 4, '4', 'Сунъий интеллект куни ва ходимлар малакаси', 'СИ малака ошириш дастури ва «Сунъий интеллект куни» ташкил этилиши', 'Жами: СИ малака ошириш дастури (Мирзо Улуғбек филиали қамрови — 100%) | «Сунъий интеллект куни» — ҳар чоршанба | Онлайн ўқитиш тизими жорий (LMS) | Раҳбар ходимлар ўқувларни тўлиқ якунлади', TRUE, 'SQB', 'Мирзо Улуғбек филиали ходимларининг СИ саводхонлигини ошириш орқали мижозларга кредит ажратишда скоринг таҳлилларини тезлаштириш мумкин. Ҳар ҳафталик СИ куни амалиётга йўналтирилган бўлиши ва натижалар KPI орқали ўлчаниши лозим.', NULL, NULL, 1, TRUE, '2026-04-28 12:00:00+05'::TIMESTAMPTZ);
INSERT INTO indicators (indicator_id, district_id, no, slide, slide_no, name, description, value, found, source_org, ai_insight, kpi_count, kpi_pct, load_no, final_flag, date_modify) VALUES (527, 14, 22, 4, '4', 'Раҳбарлар ва банкирларни СИ га ўқитиш', '4 босқичли СИ ўқитиш дастури — раҳбарлар, филиал бошлиқлари, маҳалла банкирлари ва МФЙ раислари', 'Жами: 4 босқичли СИ ўқитиш | 1-босқич: Ҳоким ва ўринбосарлар — стратегия | 2-босқич: Филиал раҳбарлари — скоринг ва риск | 3-босқич: Маҳалла банкирлари — мижоз хизмати | 4-босқич: МФЙ раислари — маълумотлар таҳлили', TRUE, 'SQB', '4 босқичли ўқитиш тизими барча даражадаги қарор қабул қилувчиларни қамраб олади. Ҳар босқич учун амалий натижа кўрсаткичларини белгилаш ва ўқув самарадорлигини баҳолаш тизимини жорий этиш тавсия этилади.', NULL, NULL, 1, TRUE, '2026-04-28 12:00:00+05'::TIMESTAMPTZ);
INSERT INTO indicators (indicator_id, district_id, no, slide, slide_no, name, description, value, found, source_org, ai_insight, kpi_count, kpi_pct, load_no, final_flag, date_modify) VALUES (528, 14, 23, 4, '4', 'Аҳолини СИ орқали тадбиркорликка ўқитиш', 'СИ технологиялари орқали аҳолини тадбиркорликка йўналтириш дастури', 'СИ таҳлили: кўникма ва қизиқиш аниқланади | СИ-ментор (чатбот): индивидуал ўқув дастури | Тадбиркорлик: бизнес-режа + микрокредит | Касб: тайёр иш ўринларига йўналтириш', TRUE, 'SQB', 'СИ орқали аҳолининг кўникма ва қизиқишларини аниқлаш ва уларга мос бизнес-режа тузиш — замонавий ёндашув. Чатбот орқали индивидуал ўқув дастури тақдим этиш микролойиҳалар самарадорлигини оширади.', NULL, NULL, 1, TRUE, '2026-04-28 12:00:00+05'::TIMESTAMPTZ);
INSERT INTO indicators (indicator_id, district_id, no, slide, slide_no, name, description, value, found, source_org, ai_insight, kpi_count, kpi_pct, load_no, final_flag, date_modify) VALUES (529, 14, 24, 4, '4', '«SQB AI Advisor» — ақлли ёрдамчи платформа', 'SQB AI Advisor платформаси функциялари ва имкониятлари', 'Жами: SQB AI Advisor функциялари | СИ маслаҳатчи чат-боти: тадбиркорлик, ҳуқуқий, молиявий саволларга жавоб | Бизнес-режа генератори: автоматик тузиш | Кредит мослаштириш: мижозга мос маҳсулот | KPI мониторинг: маҳалла агенти самарадорлиги', TRUE, 'SQB', 'AI Advisor платформаси кредит жараёнини тезлаштириш ва мижоз учун мос маҳсулот танлашда катта самара беради. KPI мониторинг функцияси маҳалла банкирлари самарадорлигини реал вақтда кузатиш имконини яратади.', NULL, NULL, 1, TRUE, '2026-04-28 12:00:00+05'::TIMESTAMPTZ);
INSERT INTO indicators (indicator_id, district_id, no, slide, slide_no, name, description, value, found, source_org, ai_insight, kpi_count, kpi_pct, load_no, final_flag, date_modify) VALUES (530, 14, 25, 4, '4', 'Маҳалла ихтисослашуви', 'Туман маҳаллаларининг ихтисослашуви ва типологияси', 'Жами: 60 та маҳалла | Ихтисослашув: Тикувчилик, Савдо ва хизмат кўрсатиш, Саноат зонаси (1 та) | Типология: ўрта тоифа', TRUE, 'МФЙ агентлиги', 'Туман хизмат ва савдо соҳасига ихтисослашган. Тикувчилик маҳаллаларида қўшимча қиймат занжирини кенгайтириш тавсия этилади. Маҳаллалар ихтисослашувини чуқурлаштириш ва ҳар бирига мос бизнес-модел ишлаб чиқиш лозим.', NULL, NULL, 1, TRUE, '2026-04-28 12:00:00+05'::TIMESTAMPTZ);
INSERT INTO indicators (indicator_id, district_id, no, slide, slide_no, name, description, value, found, source_org, ai_insight, kpi_count, kpi_pct, load_no, final_flag, date_modify) VALUES (531, 14, 26, 4, '4', 'Маҳалла драйвер секторлари', 'Туман маҳаллаларининг драйвер секторлари ва иқтисодий йўналишлари', '3 та драйвер: 1) Савдо ва хизмат кўрсатиш | 2) Қурилиш | 3) Хизматлар', TRUE, 'МФЙ агентлиги / SQB', 'Туман иқтисодиёти хизмат ва савдо соҳасига йўналтирилган. «Ишлаб чиқариш + савдо + хизмат» занжирида боғлаш орқали қўшимча иш ўринлари яратиш мумкин. Секторлар ўртасидаги синергияни кучайтириш тавсия этилади.', NULL, NULL, 1, TRUE, '2026-04-28 12:00:00+05'::TIMESTAMPTZ);
INSERT INTO indicators (indicator_id, district_id, no, slide, slide_no, name, description, value, found, source_org, ai_insight, kpi_count, kpi_pct, load_no, final_flag, date_modify) VALUES (532, 14, 27, 4, '4', 'Микролойиҳалар', 'Туман бўйича микролойиҳалар сони, иш ўринлари ва молиялаштириш ҳажми', '2024: 1800 лойиҳа, 3600 иш ўрни, 100 млрд | 2025: 3000 лойиҳа, 6000 иш ўрни, 120 млрд | Ўзгариш: +1200 (+66,7%)', TRUE, 'SQB / Туман ҳокимияти', 'Микролойиҳалар 1,7 баробар ошган. Банк кредити улушини ошириш ва лойиҳаларни мониторинг қилиш тавсия этилади. Ҳар бир лойиҳанинг иш ўрни яратиш самарадорлигини KPI орқали баҳолаш зарур.', NULL, NULL, 1, TRUE, '2026-04-28 12:00:00+05'::TIMESTAMPTZ);
INSERT INTO indicators (indicator_id, district_id, no, slide, slide_no, name, description, value, found, source_org, ai_insight, kpi_count, kpi_pct, load_no, final_flag, date_modify) VALUES (533, 14, 28, 4, '4', 'Ишсизлик юқори маҳаллалар', 'Ишсизлик ва камбағаллик даражаси юқори маҳаллалар таҳлили', 'Жами: 60 та маҳалла | Типология: Ўрта тоифа | Асосий муаммо: ишсизлик ва камбағаллик даражаси юқори маҳаллалар | Маҳаллабай банкирлар: 30 та ходим (40 аёл, 32 эркак)', TRUE, 'МФЙ агентлиги / Бандлик маркази', 'Маҳалла кесимида ишсизлик ва камбағалликни аниқлаш ва ҳар бир маҳаллага мос ечим ишлаб чиқиш зарур. Маҳаллабай банкирлар институтини фаоллаштириш орқали манзилли ёрдам кўрсатиш тавсия этилади.', NULL, NULL, 1, TRUE, '2026-04-28 12:00:00+05'::TIMESTAMPTZ);
INSERT INTO indicators (indicator_id, district_id, no, slide, slide_no, name, description, value, found, source_org, ai_insight, kpi_count, kpi_pct, load_no, final_flag, date_modify) VALUES (534, 14, 29, 4, '4', 'SQB рақамли хизматлари', 'SQB филиаллари, банкоматлар, ходимлар ва интернет инфратузилмаси', 'SQB филиаллари: 2 та | Банкоматлар: 8 та | Бошқа банклар: 5 та | Банк ходимлари: 72 нафар | Маҳалла банкирлари: 30 нафар (40 аёл, 32 эркак) | Интернет: 2021: 70%/15 Мбит → 2023: 85%/25 Мбит → 2025: 95%/50 Мбит', TRUE, 'SQB', 'Интернет қоплами 70% дан 95% га ошган — рақамли хизматларни кенгайтириш учун яхши асос. Банкоматлар сонини ошириш ва мобил банкинг хизматларини кенгайтириш орқали мижозлар қулайлигини янада яхшилаш мумкин.', NULL, NULL, 1, TRUE, '2026-04-28 12:00:00+05'::TIMESTAMPTZ);
INSERT INTO indicators (indicator_id, district_id, no, slide, slide_no, name, description, value, found, source_org, ai_insight, kpi_count, kpi_pct, load_no, final_flag, date_modify) VALUES (535, 14, 30, 4, '4', '«Ҳар бир оила — тадбиркор» дастури', '«Ҳар бир оила — тадбиркор» давлат дастури шартлари', 'Иштирокчи банклар: Халқ банки, Микрокредит банк | Фоиз ставкаси: 18% | Максимал сумма: 300 млн сўм | Муддат: 3 йилгача | Имтиёзли давр: 3–6 ой', TRUE, 'Марказий банк', 'Дастур камбағал оилаларга тадбиркорлик бошлаш учун имконият яратади. Аммо 18% фоиз ставкаси юқори — имтиёзли ставкалар ва субсидиялар орқали оилаларга қўшимча ёрдам кўрсатиш тавсия этилади.', NULL, NULL, 1, TRUE, '2026-04-28 12:00:00+05'::TIMESTAMPTZ);
INSERT INTO indicators (indicator_id, district_id, no, slide, slide_no, name, description, value, found, source_org, ai_insight, kpi_count, kpi_pct, load_no, final_flag, date_modify) VALUES (536, 14, 31, 4, '4', '«HAMROH» дастури', '«HAMROH» гаровсиз кредит дастури шартлари', 'Иштирокчи банклар: SQB, Халқ банки, Микрокредит банк, Агро банк | Гаровсиз кредит: 100 млн сўмгача | Компания кафиллиги: 70%', TRUE, 'Марказий банк', 'Гаровсиз кредит дастури кичик тадбиркорлар учун муҳим молиявий восита. 70% кафиллик банклар учун хавфни камайтиради ва кредит олиш имконини кенгайтиради.', NULL, NULL, 1, TRUE, '2026-04-28 12:00:00+05'::TIMESTAMPTZ);
INSERT INTO indicators (indicator_id, district_id, no, slide, slide_no, name, description, value, found, source_org, ai_insight, kpi_count, kpi_pct, load_no, final_flag, date_modify) VALUES (537, 14, 32, 5, '5', 'Юқори технологик кичик саноат зоналари', 'Туманда юқори технологик ишлаб чиқариш йўналишлари ва лойиҳа портфели', 'Йўналиш: Электроника, фармацевтика, мебелсозлик | Имконият: «Vertical Industry» (кўп қаватли саноат) | Лойиҳа портфели: 15 та (35 млрд, 150 иш ўрни)', TRUE, 'SQB / Туман ҳокимияти', 'Мирзо Улуғбек туманида ер танқис, шу боис мавжуд саноат зоналарида юқори технологик ва ихчам ишлаб чиқаришни йўлга қўйиш керак. «Vertical Industry» концепцияси чекланган ер ресурсларидан самарали фойдаланиш имконини беради.', NULL, NULL, 1, TRUE, '2026-04-28 12:00:00+05'::TIMESTAMPTZ);
INSERT INTO indicators (indicator_id, district_id, no, slide, slide_no, name, description, value, found, source_org, ai_insight, kpi_count, kpi_pct, load_no, final_flag, date_modify) VALUES (538, 14, 33, 5, '5', 'Таълим ва интеллектуал хизматлар хаби', 'Туманда таълим ва интеллектуал хизматлар ривожлантириш имкониятлари', 'Потенциал: Инҳа, Амити ва бошқа нуфузли ОТМлар талабалари | Йўналиш: IT-аутсорсинг, лойиҳалаш, консалтинг | Қамров: Ёшлар ва талабалар бандлиги', TRUE, 'Статистика бўлими', 'Туманни «Education City» бренди остида ривожлантириш лозим. ОТМлар яқинида коворкинг марказлари ва стартап инкубаторларини ташкил этиш тавсия этилади. Талабаларнинг ишлаб чиқариш ва хизмат кўрсатиш соҳаларига жалб қилиниши туман иқтисодиётини кучайтиради.', NULL, NULL, 1, TRUE, '2026-04-28 12:00:00+05'::TIMESTAMPTZ);
INSERT INTO indicators (indicator_id, district_id, no, slide, slide_no, name, description, value, found, source_org, ai_insight, kpi_count, kpi_pct, load_no, final_flag, date_modify) VALUES (539, 14, 34, 5, '5', 'Микролойиҳалар ва маҳаллабай тадбиркорлик', 'Микролойиҳалар орқали маҳаллабай тадбиркорликни ривожлантириш режаси', 'Режа (2025): 3 000 та (6 000 иш ўрни) | Банк кредити: 120 млрд сўм | Йўналиш: Хизмат кўрсатиш, чакана савдо, умумий овқатланиш', TRUE, 'SQB Ички маълумотлари', 'Туман ихтисослашуви савдо ва сервисга йўналтирилганлигини ҳисобга олиб, «Бизнесга биринчи қадам» орқали кичик хизмат кўрсатиш нуқталарини кўпайтириш керак. Ҳар бир маҳаллада камида 1 та янги хизмат нуқтаси ташкил этиш мақсадга мувофиқ.', NULL, NULL, 1, TRUE, '2026-04-28 12:00:00+05'::TIMESTAMPTZ);
INSERT INTO indicators (indicator_id, district_id, no, slide, slide_no, name, description, value, found, source_org, ai_insight, kpi_count, kpi_pct, load_no, final_flag, date_modify) VALUES (540, 14, 35, 5, '5', 'Урбанизация ва чакана савдо ритейли', 'Туман аҳоли зичлиги ва савдо инфратузилмаси имкониятлари', 'Аҳоли: 337,1 минг (2025 прогноз) | Зичлик: 483 киши/км² | SWOT кучли: Савдо ва транспорт тугуни', TRUE, 'Туман ҳокимияти', '«Street Retail» концепциясини ривожлантириш ва савдо объектларини 24/7 иш режимига ўтказиш орқали маҳаллий бюджет тушумларини 15-20% га ошириш имкони мавжуд. Юқори аҳоли зичлиги чакана савдо ва хизматлар учун катта бозор яратади.', NULL, NULL, 1, TRUE, '2026-04-28 12:00:00+05'::TIMESTAMPTZ);
INSERT INTO indicators (indicator_id, district_id, no, slide, slide_no, name, description, value, found, source_org, ai_insight, kpi_count, kpi_pct, load_no, final_flag, date_modify) VALUES (541, 14, 36, 5, '5', 'Импорт ўрнини босувчи маҳсулотлар', 'Туманда импорт ўрнини босувчи маҳсулотлар ишлаб чиқариш имкониятлари', 'Дефицит: Қурилиш материаллари, мебел, пластик идишлар | Ечим: Лойиҳа фабрикаси механизми', TRUE, 'Лойиҳа фабрикаси', 'Кичик саноат технопаркларида имтиёзли шартлар яратиш зарур. Импорт ўрнини босувчи маҳсулотлар ишлаб чиқариш туман иқтисодиётини мустаҳкамлайди ва валюта тежалишига олиб келади.', NULL, NULL, 1, TRUE, '2026-04-28 12:00:00+05'::TIMESTAMPTZ);
INSERT INTO indicators (indicator_id, district_id, no, slide, slide_no, name, description, value, found, source_org, ai_insight, kpi_count, kpi_pct, load_no, final_flag, date_modify) VALUES (542, 14, 37, 5, '5', 'Яшил энергия ва самарадорлик', 'Туманда яшил энергия ва энергия самарадорлигини ошириш имкониятлари', 'Инфратузилма: 2025 да янги трансформаторлар ва йўл таъмири | Имконият: Таннархни 10-15% камайтириш', TRUE, 'Туман статистика бўлими / SQB', 'Йирик савдо марказлари ва банклар томида қуёш панелларини ўрнатиш бўйича «Energy Service» компанияларини жалб қилиш лозим. Яшил энергия ечимлари туман инфратузилмасини модернизация қилиш ва операцион харажатларни камайтириш имконини беради.', NULL, NULL, 1, TRUE, '2026-04-28 12:00:00+05'::TIMESTAMPTZ);
INSERT INTO indicators (indicator_id, district_id, no, slide, slide_no, name, description, value, found, source_org, ai_insight, kpi_count, kpi_pct, load_no, final_flag, date_modify) VALUES (543, 14, 38, 5, '5', 'Ишсизлик юқори маҳаллаларни фаол ҳудудга айлантириш', 'Ишсизлик юқори маҳаллаларда иқтисодий фаолликни ошириш чоралари', 'Маҳалла тикувчилик кластери | ОТМ талабаларини стартапга жалб этиш | Микролойиҳалар орқали сервис нуқталарини кўпайтириш', TRUE, 'Туман ҳокимияти', 'Маҳалла тикувчилик кластери ва ОТМ талабаларини стартапга жалб этиш орқали иккита йўналишда бандликни ошириш мумкин. Микролойиҳалар орқали сервис нуқталарини кўпайтириш маҳаллий даромадни ошириш учун самарали восита.', NULL, NULL, 1, TRUE, '2026-04-28 12:00:00+05'::TIMESTAMPTZ);
INSERT INTO indicators (indicator_id, district_id, no, slide, slide_no, name, description, value, found, source_org, ai_insight, kpi_count, kpi_pct, load_no, final_flag, date_modify) VALUES (544, 14, 39, 6, '6', 'Туман рейтингини ошириш', 'Туманнинг шаҳар туманлари рейтингидаги ўрни ва мақсадлар', 'Ҳолат: 12 та тумандан 9-ўрин | Мақсад: 2026 якуни билан топ-5 га кириш | Драйвер: Жон бошига саноат ва ЯҲМ ҳажмини ошириш (2025: 26,5 млн сўм)', TRUE, 'SQB ва мониторинг', 'Паст кўрсаткичларга сабаб омилларни (ишсизлик ва инвестиция ҳажми) манзилли бартараф этиш, маҳалла кесимида «ўсиш нуқталари» белгилаш керак. 9-ўриндан топ-5 га кириш учун саноат ва хизмат кўрсатиш соҳаларида сифат ўзгаришлар зарур.', NULL, NULL, 1, TRUE, '2026-04-28 12:00:00+05'::TIMESTAMPTZ);
INSERT INTO indicators (indicator_id, district_id, no, slide, slide_no, name, description, value, found, source_org, ai_insight, kpi_count, kpi_pct, load_no, final_flag, date_modify) VALUES (545, 14, 40, 6, '6', 'Молиявий воситалар ва банк сектори', 'Туман банк инфратузилмаси ва молиявий воситалар', 'Банклар: 2 та SQB филиали + 5 та бошқа | Ходимлар: 65 нафар банк ходими | Янги восита: «Бизнесга биринчи қадам» микроқарзлари', TRUE, 'Марказий банк', 'Банк филиалларини «Лойиҳа маркази» сифатида ишлатиш. Маҳаллий банкирлар институтини фаоллаштириш лозим. «Бизнесга биринчи қадам» микроқарзлари кичик тадбиркорларни қўллаб-қувватлаш учун самарали механизм.', NULL, NULL, 1, TRUE, '2026-04-28 12:00:00+05'::TIMESTAMPTZ);
INSERT INTO indicators (indicator_id, district_id, no, slide, slide_no, name, description, value, found, source_org, ai_insight, kpi_count, kpi_pct, load_no, final_flag, date_modify) VALUES (546, 14, 41, 6, '6', 'Инсон капитали ва бандлик', 'Туман аҳоли ўсиши ва бандлик стратегияси', 'Аҳоли ўсиши: Йиллик +10-15 минг | Меҳнат ресурслари: Хизмат соҳаси устувор', TRUE, 'Бандлик маркази', '1 800 та оғир оилани «Лойиҳа фабрикаси» орқали кичик бизнесга йўналтириш, субсидия ва микрокредит бериш тавсия этилади. Аҳоли тез ўсаётганлиги сабабли бандлик дастурларини кенгайтириш зарур.', NULL, NULL, 1, TRUE, '2026-04-28 12:00:00+05'::TIMESTAMPTZ);
INSERT INTO indicators (indicator_id, district_id, no, slide, slide_no, name, description, value, found, source_org, ai_insight, kpi_count, kpi_pct, load_no, final_flag, date_modify) VALUES (547, 14, 42, 6, '6', 'Коммунал ва йўл инфратузилмаси', 'Туман коммунал инфратузилмаси ва йўл таъмирлаш устуворликлари', 'Устуворлик: Янги трансформаторлар ва йўл таъмирлаш | Манба: Маҳаллий бюджет ва давлат дастурлари', TRUE, 'Инфратузилма бошқармаси', 'Инфратузилма лойиҳаларини бизнес объектлари жойлашувига қараб оптималлаштириш. «Тайёр коммуникация» тизимини яратиш орқали янги корхоналар учун улаш харажатларини камайтириш мумкин.', NULL, NULL, 1, TRUE, '2026-04-28 12:00:00+05'::TIMESTAMPTZ);
INSERT INTO indicators (indicator_id, district_id, no, slide, slide_no, name, description, value, found, source_org, ai_insight, kpi_count, kpi_pct, load_no, final_flag, date_modify) VALUES (548, 14, 43, 6, '6', 'Стратегик устунликлар', 'Туманнинг SWOT таҳлили асосидаги стратегик устунликлар', 'Устунлик 1: Транспорт тугуни | Устунлик 2: Савдо фаоллиги | Устунлик 3: Инсон капитали', TRUE, 'СИ таҳлили', 'Учта устунликни «Ақлли савдо ва логистика» (Smart Retail & Logistics) хабида бирлаштириш. Талабаларни IT-ечимлар ишлаб чиқиш учун жалб қилиш орқали инсон капиталидан самарали фойдаланиш мумкин.', NULL, NULL, 1, TRUE, '2026-04-28 12:00:00+05'::TIMESTAMPTZ);
INSERT INTO indicators (indicator_id, district_id, no, slide, slide_no, name, description, value, found, source_org, ai_insight, kpi_count, kpi_pct, load_no, final_flag, date_modify) VALUES (549, 14, 44, 6, '6', 'Стратегик якун: 2026-2027 мақсадлари', 'Туман учун 2026-2027 йилларга мўлжалланган стратегик мақсадлар', 'Савдо ва сервис хаби (Савдо-хизмат кластери) | Юқори технологик саноат (Электроника, фармацевтика) | Таълим ва интеллектуал хизматлар («Education City» бренди)', TRUE, 'Ҳокимият / СИ таҳлили', 'Мирзо Улуғбек тумани учун «Ақлли шаҳар» моделини таклиф этамиз. Бунда савдо-хизмат, юқори технологик ишлаб чиқариш ва таълим интеграцияси асосида 2027 йилгача шаҳарнинг топ-5 туманлар қаторига кириш реал мақсад.', NULL, NULL, 1, TRUE, '2026-04-28 12:00:00+05'::TIMESTAMPTZ);
INSERT INTO districts (district_id, region_id, slug, name_uz, name_ru, name_en, district_name, json_file, has_data, type, year, total_cards, load_no, final_flag, date_modify) VALUES (15, 6, 'uchtepa', 'Учтепа', 'Учтепа', 'Uchtepa', 'Учтепа тумани', 'uchtepa.json', TRUE, NULL, 2026, 44, 1, TRUE, '2026-04-28 12:00:00+05'::TIMESTAMPTZ);
INSERT INTO hero_kpis (hero_kpi_id, district_id, metric_name, metric_value, metric_unit, load_no, final_flag, date_modify) VALUES (45, 15, 'Аҳоли', 305.8, 'минг киши', 1, TRUE, '2026-04-28 12:00:00+05'::TIMESTAMPTZ);
INSERT INTO hero_kpis (hero_kpi_id, district_id, metric_name, metric_value, metric_unit, load_no, final_flag, date_modify) VALUES (46, 15, 'Маҳалла', 60, 'та', 1, TRUE, '2026-04-28 12:00:00+05'::TIMESTAMPTZ);
INSERT INTO hero_kpis (hero_kpi_id, district_id, metric_name, metric_value, metric_unit, load_no, final_flag, date_modify) VALUES (47, 15, 'Оила', 63678, 'та', 1, TRUE, '2026-04-28 12:00:00+05'::TIMESTAMPTZ);
INSERT INTO hero_kpis (hero_kpi_id, district_id, metric_name, metric_value, metric_unit, load_no, final_flag, date_modify) VALUES (48, 15, 'Хонадон', 57547, 'та', 1, TRUE, '2026-04-28 12:00:00+05'::TIMESTAMPTZ);
INSERT INTO indicators (indicator_id, district_id, no, slide, slide_no, name, description, value, found, source_org, ai_insight, kpi_count, kpi_pct, load_no, final_flag, date_modify) VALUES (550, 15, 1, 1, '1', 'Макроиқтисодий кўрсаткичлар', 'Саноат, бозор хизматлари ҳажми, тармоқлар улуши ва ўсиш суръати', 'Саноат: 13 760,4 млрд сўм (+148,2%) | Бозор хизматлари: 18 866,5 млрд сўм | Саноат динамикаси индекси: 110,1 | Хизматлар динамикаси индекси: 102,4 | Экспорт: 242 минг $ | Импорт: 533,8 минг $ | Устувор 3 тармоқ: Саноат, Савдо, Хизмат кўрсатиш', TRUE, 'Туман статистика бўлими', 'Саноат ҳажми 2024 йилга нисбатан 2,2 баравар ўсган (6 293 → 13 760 млрд сўм) — бу жуда юқори суръат. Импортга боғлиқлик 7,8 баравар ошган (экспорт/импорт нисбати 1:2,2). Импорт ўрнини босиш стратегияси зарур: маҳаллий хомашёни қайта ишлаш кластерларига инвестиция йўналтириш. Хизматлар улуши юқори бўлгани учун логистика ва савдо-сервис инфратузилмасини кучайтириш тавсия этилади.', NULL, NULL, 1, TRUE, '2026-04-28 12:00:00+05'::TIMESTAMPTZ);
INSERT INTO indicators (indicator_id, district_id, no, slide, slide_no, name, description, value, found, source_org, ai_insight, kpi_count, kpi_pct, load_no, final_flag, date_modify) VALUES (551, 15, 2, 1, '1', 'Шаҳар иқтисодиётининг 4 та драйвери', 'Учтепа тумани устувор тармоқлари ва ривожланиш йўналишлари', 'Драйвер 1 — Чакана савдо: 7 523,6 млрд сўм | Драйвер 2 — Бозор хизматлари: 18 866,5 млрд сўм | Драйвер 3 — Саноат: 13 760,4 млрд (йирик: 8 708 + кичик: 5 052) | Драйвер 4 — Микро-тадбиркорлик: 3 000 та лойиҳа, 6 000 иш ўрни, 120 млрд сўм', TRUE, 'Туман ҳокимияти', '4 та драйвердан 3 таси истеъмолга йўналтирилган — бу ички талабга боғлиқлик хавфини оширади. Учтепа СИТИ лойиҳаси (250 млн $, 2027-2030) доирасида саноат кластери ташкил этилса, чакана савдога боғлиқлик камайиб, меҳнат самарадорлиги ошади. Маҳаллий банкирлар 2024 да 16 тадан 2025 да 30 тага етган — микро-драйверни кучайтириш имконини беради.', NULL, NULL, 1, TRUE, '2026-04-28 12:00:00+05'::TIMESTAMPTZ);
INSERT INTO indicators (indicator_id, district_id, no, slide, slide_no, name, description, value, found, source_org, ai_insight, kpi_count, kpi_pct, load_no, final_flag, date_modify) VALUES (552, 15, 3, 1, '1', 'Саноат маҳсулотлари ишлаб чиқариш динамикаси', '2021-2025 йиллар давомида саноат ҳажми ва ўсиш суръати', 'Саноат ҳажми (млрд сўм): 2021: 4 743,6 | 2022: 5 430,0 | 2023: 4 953,3 | 2024: 6 293,3 | 2025: 13 760,4 | Ўсиш (%): 2021: 105,1 | 2022: 105,6 | 2023: 108,8 | 2024: 110,4 | 2025: 148,2 | Йирик корхоналар (2025): 8 708 млрд (63%) | Кичик бизнес (2025): 5 052,4 млрд (37%)', TRUE, 'Туман статистика бўлими', '5 йилда саноат ҳажми 2,9 баравар ўсган. 2025 йилда 2,2 баравар сакраш жуда ғайриоддий — йирик корхоналар 2024→2025 да 3,2 бараварга ошган. Кичик бизнес барқарор ўсаётгани (+40%) ижобий — оилавий тадбиркорлик кредитларини кенгайтириш тавсия этилади.', NULL, NULL, 1, TRUE, '2026-04-28 12:00:00+05'::TIMESTAMPTZ);
INSERT INTO indicators (indicator_id, district_id, no, slide, slide_no, name, description, value, found, source_org, ai_insight, kpi_count, kpi_pct, load_no, final_flag, date_modify) VALUES (553, 15, 4, 1, '1', 'Маҳаллий бюджет ва молиявий ҳолат', 'Туман бюджет даромадлари ва солиқ тушумлари', 'Маҳаллий бюджет (млрд сўм): 2021: 157,4 | 2022: 163,3 | 2023: 169,8 | 2024: 189,3 | 2025: 182,3 | Контингент (млрд): 2021: 1 392,5 | 2022: 1 237,4 | 2023: 1 011,8 | 2024: 1 367,3 | 2025: 1 420,2 | Солиқ прогнози (млрд): 2021: 53,1 | 2022: 59,3 | 2023: 65,3 | 2024: 72,9 | 2025: 82,0 | Иш ҳақи фонди (2025): 325 млрд сўм (+78%)', TRUE, 'Туман молия бўлими / SQB', 'NPL 5 йил давомида доимий ўсган (4,3% → 6,8%, +58%) — хавотирли тренд. Кредитлаш сифатини қайта кўриб чиқиш, гаров механизмларини кучайтириш шошилинч. 2025 йилда бюджет пасайиши (189,3 → 182,3) контингент бюджет ўсаётгани билан номутаносиб. Норасмий секторда 12,6 млрд сўм йўқотиляпти — расмийлаштириш дастурлари орқали бюджетни 5-7% га ошириш мумкин.', NULL, NULL, 1, TRUE, '2026-04-28 12:00:00+05'::TIMESTAMPTZ);
INSERT INTO indicators (indicator_id, district_id, no, slide, slide_no, name, description, value, found, source_org, ai_insight, kpi_count, kpi_pct, load_no, final_flag, date_modify) VALUES (554, 15, 5, 1, '1', 'Ажратилган кредитлар', 'SQB ва бошқа манбалардан молиялаштириш ҳажми', 'Кредит портфели (млрд сўм): 2021: 642,8 | 2022: 651,6 | 2023: 668,9 | 2024: 674,5 | 2025: 699,6 | Кичик бизнес (млрд): 2021: 286,6 | 2022: 290,9 | 2023: 321,5 | 2024: 365,0 | 2025: 380,9 | NPL: 2021: 4,3% | 2022: 4,8% | 2023: 5,2% | 2024: 6,1% | 2025: 6,8% | Банк: SQB 2 филиал, 8 банкомат, 5 та бошқа банк | Маҳаллий банкирлар: 30 та | ТТИ (2025): 1 400 минг $ (3,1 баравар ўсган)', TRUE, 'SQB ички маълумотлар', 'Кредит портфели ўсиш суръати жуда паст (+8,8% за 5 йил) — саноат 190% ўсган шароитда банк-иқтисодиёт боғлиқлиги сустлашган. NPL параллел 58% га ошгани сифат муаммосини очиб беради. 2026 режаси (300 млрд) амалдаги портфелнинг 43% га тенг — NPL ни тушириш учун кредит бериш жараёнида риск баҳолашни кучайтириш керак.', NULL, NULL, 1, TRUE, '2026-04-28 12:00:00+05'::TIMESTAMPTZ);
INSERT INTO indicators (indicator_id, district_id, no, slide, slide_no, name, description, value, found, source_org, ai_insight, kpi_count, kpi_pct, load_no, final_flag, date_modify) VALUES (555, 15, 6, 1, '1', 'Google Trends иқтисодий фаоллик', 'Цифровой фаоллик индекси — қидирув трендлари асосидаги иқтисодий сигнал', 'Google Trends индекси: Марказий гуруҳ ҳисоблайди | Аҳоли ва бизнес кутишлари (2025): Ижобий 68%, Салбий 20%, Нейтрал 15% | Ижобий кутишлар тренди 2021→2025: 52% → 68% (+16 б.п.) | Шошилинч муаммо: Аҳоли идрокида «Ишсизлик» юқори (расмий 4,3%, ҳақиқий 6,9%)', TRUE, 'SQB Аналитика', 'Аҳоли кутишлари сўрови жуда ижобий тренд кўрсатади — 5 йилда ижобий баҳолаш 16 б.п. га ошган. Лекин аҳоли ишсизликни юқори деб баҳолаяпти, гарчи расмий кўрсаткич 4,3% бўлса ҳам — ёшлар ишсизлиги 1 504 кишини ташкил этади. Коммуникация стратегияси орқали реал ютуқларни аҳолига тушунтириш керак.', NULL, NULL, 1, TRUE, '2026-04-28 12:00:00+05'::TIMESTAMPTZ);
INSERT INTO indicators (indicator_id, district_id, no, slide, slide_no, name, description, value, found, source_org, ai_insight, kpi_count, kpi_pct, load_no, final_flag, date_modify) VALUES (556, 15, 7, 2, '2', 'Ичимлик суви билан таъминланганлик', 'Аҳолининг тоза ичимлик сув билан таъминланганлик даражаси (%)', 'Таъминланганлик (%): 2021: 98,0 | 2022: 99,2 | 2023: 99,7 | 2024: 99,3 | 2025: 100,0 | Канализация тармоғи: 95% | Суғориш каналлари бетонлаш: 80% | Суғориладиган ер: 300 га', TRUE, 'Сув хўжалиги', '2025 йилда 100% таъминланганликка эришилган — аъло натижа. Энди диққат сифатга қаратилиши керак: сув босими, 24/7 узлуксизлик. Канализация тармоғи 95% — қолган 5% (айниқса оғир тоифадаги 4 та маҳаллада) учун мақсадли лойиҳа зарур.', NULL, NULL, 1, TRUE, '2026-04-28 12:00:00+05'::TIMESTAMPTZ);
INSERT INTO indicators (indicator_id, district_id, no, slide, slide_no, name, description, value, found, source_org, ai_insight, kpi_count, kpi_pct, load_no, final_flag, date_modify) VALUES (557, 15, 8, 2, '2', 'Ички йўллар таъмирланиш даражаси', 'Қаттиқ қопламали йўллар улуши ва йирик лойиҳалар', 'Асфальтланган йўллар: 100% (2021-2025) | Йўллар узунлиги: 180-300 км | Темир йўл стансиясигача: 8 км | Вилоят марказигача: 9,2 км | А-378 автомагистрали: мавжуд эмас | 2026 қарори: Йўлларни таъмирлаш', TRUE, 'Йўл хўжалиги', '100% асфальтланганлик яхши, аммо аҳоли зичлиги 1 083 киши/км² ва тирбандлик SWOT таҳдиди — йўл кенгайтириш ва алтернатив маршрутлар устувор вазифа. 2026 режасидаги «йўлларни таъмирлаш» лойиҳасига аниқ KPI (км, бюджет, муддат) белгилаш керак.', NULL, NULL, 1, TRUE, '2026-04-28 12:00:00+05'::TIMESTAMPTZ);
INSERT INTO indicators (indicator_id, district_id, no, slide, slide_no, name, description, value, found, source_org, ai_insight, kpi_count, kpi_pct, load_no, final_flag, date_modify) VALUES (558, 15, 9, 2, '2', 'Электр таъминоти сифат даражаси', 'Электр узилишлари, модернизация эҳтиёжи ва газ таъминоти', 'Электр узилишлари: 1 марта/ой (барча йиллар) | Газ билан таъминланганлик: 100% | Трансформаторлар эскирган: 25% | Линиялар алмаштириш: 40% | 2026 қарори: Янги трансформатор яратиш', TRUE, 'Электр тармоқлари', '1 марта/ой узилиш кўрсаткичи яхши, лекин тармоқ ҳолати ташвишли: 40% линия ва 25% трансформатор модернизацияга муҳтож. Саноат 2,2 баравар ўсган шароитда 2-3 йил ичида тизим жиддий муаммога дуч келиши мумкин. Учтепа СИТИ лойиҳаси учун алоҳида электр таъминот манбаи лойиҳалаш зарур.', NULL, NULL, 1, TRUE, '2026-04-28 12:00:00+05'::TIMESTAMPTZ);
INSERT INTO indicators (indicator_id, district_id, no, slide, slide_no, name, description, value, found, source_org, ai_insight, kpi_count, kpi_pct, load_no, final_flag, date_modify) VALUES (559, 15, 10, 2, '2', 'Ер тоифалари бўйича рўйхат', 'Туман ер фонди тузилмаси ва фойдаланиш', 'Умумий майдон: 2 808 гектар | Аҳоли зичлиги: 1 083 киши/км² | Экин ва яйлов: мавжуд эмас (шаҳар типидаги туман) | Фойдали қазилмалар: 0 та | Саноат зонаси ер фойдаланиш: 70,2% | Саноат зонаси (2025): 2 корхона, 700 иш ўрни', TRUE, 'Кадастр агентлиги', 'Учтепа — соф урбанлашган туман (1 083 киши/км²). Ер интенсивлаштириш стратегияси зарур: кўп қаватли ишлаб чиқариш, mixed-use development. Саноат зонаси 70,2% банд — қолган 29,8% (тахм. 250 га) потенциал 4-5 та янги корхона ва 1 500-2 000 иш ўрни.', NULL, NULL, 1, TRUE, '2026-04-28 12:00:00+05'::TIMESTAMPTZ);
INSERT INTO indicators (indicator_id, district_id, no, slide, slide_no, name, description, value, found, source_org, ai_insight, kpi_count, kpi_pct, load_no, final_flag, date_modify) VALUES (560, 15, 11, 2, '2', 'Жамоат транспортидан фойдаланиш', 'Йўловчи ва юк ташиш ҳажмлари', 'Юк/йўловчи айланмаси (минг): 2021: 236 028,1 | 2022: 158 208,4 | 2023: 136 938,6 | 2024: 152 235,6 | 2025: 113 268,0 | Вилоят марказигача: 9,2 км | Темир йўл стансиясигача: 8 км | SWOT таҳдиди: Тирбандлик', TRUE, 'Туман статистика бўлими', 'Жамоат транспорти айланмаси 5 йилда 52% га пасайган — жуда салбий тренд. Сабаблари: шахсий автомобил ошиши, инфратузилма эскириши. Метро/BRT линияларини кенгайтириш (Учтепа Тошкентга яқин), электр автобус лойиҳаси тавсия этилади. Учтепа СИТИ лойиҳасига интеграциялашган транспорт зудлик билан киритилиши керак.', NULL, NULL, 1, TRUE, '2026-04-28 12:00:00+05'::TIMESTAMPTZ);
INSERT INTO indicators (indicator_id, district_id, no, slide, slide_no, name, description, value, found, source_org, ai_insight, kpi_count, kpi_pct, load_no, final_flag, date_modify) VALUES (561, 15, 12, 2, '2', 'Мактабгача таълим қамрови', 'Мактабгача таълим муассасаларига қамраб олинганлик (%)', 'Қамров (%): 2021: 52,0 | 2022: 55,5 | 2023: 56,6 | 2024: 60,5 | 2025: 65,1 | Мактаб юкламаси: 1 смена 40 та, 2 смена 25 та | Оилалар: 63 678 | Хонадонлар: 57 547 | Бола нафақаси олувчилар: 2 499 та оила', TRUE, 'Мактабгача ва мактаб таълими вазирлиги', 'МТТ қамрови 5 йилда +13,1 б.п. ошган — ижобий, лекин қолган 34,9% қамров ташқарисида. Республика мақсади 100% (2030) — тезлаштириш зарур. Ҳар йили 4-5 та янги МТТ очиш, айниқса оғир тоифадаги маҳаллаларда. 2-сменада 25 та мактаб ишлаётгани сиғим муаммоси кўрсаткичи.', NULL, NULL, 1, TRUE, '2026-04-28 12:00:00+05'::TIMESTAMPTZ);
INSERT INTO indicators (indicator_id, district_id, no, slide, slide_no, name, description, value, found, source_org, ai_insight, kpi_count, kpi_pct, load_no, final_flag, date_modify) VALUES (562, 15, 13, 3, '3', 'Меҳнат ресурслари', 'Инсон капитали ва меҳнат салоҳияти динамикаси', 'Меҳнат ресурслари (киши): 2021: 168 863 | 2022: 164 120 | 2023: 156 483 | 2024: 158 120 | 2025: 147 200 | Ўзгариш 2024→2025: −10 920 (−6,9%) | 5 йилда: −21 663 (−12,8%)', TRUE, 'Бандлик маркази', 'Меҳнат ресурслари 5 йилда 12,8% га камайган — бу аҳолининг меҳнатга лаёқатли қисмини ишга жалб қилишни кучайтириш зарурлигини кўрсатади. Айниқса аёллар бандлигига эътиборни қаратиш лозим.', NULL, NULL, 1, TRUE, '2026-04-28 12:00:00+05'::TIMESTAMPTZ);
INSERT INTO indicators (indicator_id, district_id, no, slide, slide_no, name, description, value, found, source_org, ai_insight, kpi_count, kpi_pct, load_no, final_flag, date_modify) VALUES (563, 15, 14, 3, '3', 'Бандликни ошириш имкониятлари', 'Меҳнат бозори резервлари ва норасмий бандлик', 'Банд аҳоли (2025): 98 600 киши (−4,7%) | Қайтган мигрантлар (2025): 2 875 киши (+8,3%) | Норасмий секторда бандлик (2021): 9 633 киши', TRUE, 'Бандлик маркази / ИИВ миграция', 'Бандликни ошириш учун маҳалла даражасида талаб юқори касблар рўйхатини шакллантириб, қисқа муддатли ўқув дастурларини кенгайтириш керак. Кичик хизматлар, савдо ва ишлаб чиқаришда тез иш ўрни яратадиган лойиҳаларни қўллаб-қувватлаш самарали бўлади.', NULL, NULL, 1, TRUE, '2026-04-28 12:00:00+05'::TIMESTAMPTZ);
INSERT INTO indicators (indicator_id, district_id, no, slide, slide_no, name, description, value, found, source_org, ai_insight, kpi_count, kpi_pct, load_no, final_flag, date_modify) VALUES (564, 15, 15, 3, '3', 'Ишсизлик кўрсаткичлари', '13 118 нафар ишсиз (4,3%)', 'Ишсизлик (%): 2021: 6,3 | 2022: 5,8 | 2023: 5,3 | 2024: 4,5 | 2025: 4,3 | Ишсизлар сони (2025): 13 118 киши (−3,4%) | Мақсад: 2027 йилгача 2% га тушириш', TRUE, 'Бандлик маркази', 'Ишсизлик 5 йилда 6,3% дан 4,3% га камайган — ижобий тренд. 2% га тушириш учун ёшлар ва аёллар бўйича манзилли ишга жойлаштириш дастурлари ва қисқа муддатли касбий курсларни кенгайтириш лозим.', 13118, 4.3, 1, TRUE, '2026-04-28 12:00:00+05'::TIMESTAMPTZ);
INSERT INTO indicators (indicator_id, district_id, no, slide, slide_no, name, description, value, found, source_org, ai_insight, kpi_count, kpi_pct, load_no, final_flag, date_modify) VALUES (565, 15, 16, 3, '3', 'Камбағаллик кўрсаткичлари', '5 057 та камбағал оила (1,9%)', 'Камбағаллик (%): 2021: 8,3 | 2022: 8,1 | 2023: 7,8 | 2024: 7,4 | 2025: 1,9 | Камбағал оилалар (2025): 5 057 та (−2,8%) | Мақсад: 2027 йилгача янада камайтириш', TRUE, 'Статистика бўлими / МФЙ', 'Камбағаллик 5 йилда 8,3% дан 1,9% га тушгани жиддий натижа. Қолган 5 057 та оилага мақсадли микрокредит ва субсидия пакети шакллантириб, барқарор даромад манбаини яратишга эътиборни қаратиш зарур.', 5057, 1.9, 1, TRUE, '2026-04-28 12:00:00+05'::TIMESTAMPTZ);
INSERT INTO indicators (indicator_id, district_id, no, slide, slide_no, name, description, value, found, source_org, ai_insight, kpi_count, kpi_pct, load_no, final_flag, date_modify) VALUES (566, 15, 17, 3, '3', '«Барқарор келажак» — ёшлар даромадини ошириш', 'Ёшлар бандлиги ва ўртача маош динамикаси', 'Ёшлар ишсизлиги (16-30 ёш): 1 504 киши | Аёллар ишсизлиги: 9 798 киши (74,7%) | Эркаклар ишсизлиги: 13,8%', TRUE, 'Бандлик маркази', 'Ишсизлар таркибида аёллар 74,7% ни ташкил этади — бу жуда юқори. Ёшлар ишсизлиги 1 504 киши. Дуал таълим ва тезкор қайта тайёрлаш дастурлари орқали ёшларни расмий бандликка кўпроқ жалб қилиш, аёллар учун маҳалла кесимида касбга йўналтириш дастурлари тавсия этилади.', NULL, NULL, 1, TRUE, '2026-04-28 12:00:00+05'::TIMESTAMPTZ);
INSERT INTO indicators (indicator_id, district_id, no, slide, slide_no, name, description, value, found, source_org, ai_insight, kpi_count, kpi_pct, load_no, final_flag, date_modify) VALUES (567, 15, 18, 3, '3', 'Аёллар бандлиги ва даромадини ошириш', 'Аёллар ишсизлиги ва ижтимоий қўллаб-қувватлаш', 'Аёллар ишсизлиги: 9 798 киши (74,7%) | Бола нафақаси олувчилар: 2 499 та оила | Кам таъминланган оилалар: 5 057 та', TRUE, 'Бандлик маркази', 'Аёллар ишсизлик таркибида 74,7% ни ташкил этиши жиддий муаммо. Маҳалла кесимида касбга йўналтириш дастурлари ва имтиёзли молиялаштириш орқали бу трендни тўхтатиш тавсия этилади. «HAMROH» дастури орқали хотин-қизлар тадбиркорлигини қўллаб-қувватлаш лозим.', NULL, NULL, 1, TRUE, '2026-04-28 12:00:00+05'::TIMESTAMPTZ);
INSERT INTO indicators (indicator_id, district_id, no, slide, slide_no, name, description, value, found, source_org, ai_insight, kpi_count, kpi_pct, load_no, final_flag, date_modify) VALUES (568, 15, 19, 3, '3', 'Учтепа туманидаги олий таълим муассасалари', 'Университетлар, талабалар сони ва қувватлар', '', FALSE, '', '', NULL, NULL, 1, TRUE, '2026-04-28 12:00:00+05'::TIMESTAMPTZ);
INSERT INTO indicators (indicator_id, district_id, no, slide, slide_no, name, description, value, found, source_org, ai_insight, kpi_count, kpi_pct, load_no, final_flag, date_modify) VALUES (569, 15, 20, 3, '3', 'Учтепа туманидаги техникумлар', 'Касб-ҳунар таълим муассасалари', '', FALSE, '', '', NULL, NULL, 1, TRUE, '2026-04-28 12:00:00+05'::TIMESTAMPTZ);
INSERT INTO indicators (indicator_id, district_id, no, slide, slide_no, name, description, value, found, source_org, ai_insight, kpi_count, kpi_pct, load_no, final_flag, date_modify) VALUES (570, 15, 21, 4, '4', 'Сунъий интеллект куни ва ходимлар малакаси', 'Банкда СИ кўникмаларини мунтазам ошириш дастури', 'Жами: СИ малака ошириш дастури (Учтепа филиали қамрови — 100%) | «Сунъий интеллект куни» — ҳар чоршанба | Онлайн ўқитиш тизими жорий (LMS) | Раҳбар ходимлар ўқувларни тўлиқ якунлади', TRUE, 'SQB', 'Учтепа филиали ходимларининг СИ саводхонлигини ошириш орқали мижозларга кредит ажратишда скоринг таҳлилларини тезлаштириш мумкин. NPL 6,8% га етганини ҳисобга олиб, СИ асосидаги риск баҳолаш модулини жорий этиш энг устувор вазифа.', NULL, NULL, 1, TRUE, '2026-04-28 12:00:00+05'::TIMESTAMPTZ);
INSERT INTO indicators (indicator_id, district_id, no, slide, slide_no, name, description, value, found, source_org, ai_insight, kpi_count, kpi_pct, load_no, final_flag, date_modify) VALUES (571, 15, 22, 4, '4', 'Раҳбарлар ва банкирларни СИ га ўқитиш', 'Ҳоким, банк раҳбарлари ва маҳалла банкирларини босқичма-босқич ўқитиш', 'Жами: 4 босқичли СИ ўқитиш | 1-босқич: Ҳоким ва ўринбосарлар — стратегия | 2-босқич: Филиал раҳбарлари — скоринг ва риск | 3-босқич: Маҳалла банкирлари — мижоз хизмати | 4-босқич: МФЙ раислари — маълумотлар таҳлили', TRUE, 'SQB', 'Учтепа тумани стратегик ривожланиш режасини тузишда раҳбарларнинг СИ воситаларидан фойдаланиши маълумотлар асосида қарор қабул қилиш тезлигини 3 баробар оширади. Маҳалла банкирларига мижознинг кредит лаёқатини СИ орқали олдиндан баҳолаш кўникмаларини бериш тавсия этилади.', NULL, NULL, 1, TRUE, '2026-04-28 12:00:00+05'::TIMESTAMPTZ);
INSERT INTO indicators (indicator_id, district_id, no, slide, slide_no, name, description, value, found, source_org, ai_insight, kpi_count, kpi_pct, load_no, final_flag, date_modify) VALUES (572, 15, 23, 4, '4', 'Аҳолини СИ орқали тадбиркорликка ўқитиш', 'Фуқароларни СИ платформаси орқали касб танлаш ва тадбиркорликка тайёрлаш', 'СИ таҳлили: кўникма ва қизиқиш аниқланади | СИ-ментор (чатбот): индивидуал ўқув дастури | Тадбиркорлик: бизнес-режа + микрокредит | Касб: тайёр иш ўринларига йўналтириш', TRUE, 'SQB', 'СИ платформаси орқали ҳар бир фуқаро индивидуал баҳоланади. Мақсад: 80% иштирокчи 3 ой ичида даромадли фаолиятга ўтади. 13 118 ишсиз ва 9 798 аёлни мақсадли СИ тренинг дастурларига жалб қилиш энг самарали чора.', NULL, NULL, 1, TRUE, '2026-04-28 12:00:00+05'::TIMESTAMPTZ);
INSERT INTO indicators (indicator_id, district_id, no, slide, slide_no, name, description, value, found, source_org, ai_insight, kpi_count, kpi_pct, load_no, final_flag, date_modify) VALUES (573, 15, 24, 4, '4', '«SQB AI Advisor» — ақлли ёрдамчи платформа', 'Маҳалла банкирлари ва тадбиркорларга СИ ёрдами берувчи платформа', 'Жами: SQB AI Advisor функциялари | СИ маслаҳатчи чат-боти: тадбиркорлик, ҳуқуқий, молиявий саволларга жавоб | Бизнес-режа генератори: автоматик тузиш | Кредит мослаштириш: мижозга мос маҳсулот | KPI мониторинг: маҳалла агенти самарадорлиги', TRUE, 'SQB', '«SQB AI Advisor» платформаси маҳалла банкири ва тадбиркорларга кундалик ишларда СИ ёрдамини беради. NPL 6,8% бўлгани учун кредит скоринги ва мониторинг модулларини фаоллаштириш алоҳида муҳим.', NULL, NULL, 1, TRUE, '2026-04-28 12:00:00+05'::TIMESTAMPTZ);
INSERT INTO indicators (indicator_id, district_id, no, slide, slide_no, name, description, value, found, source_org, ai_insight, kpi_count, kpi_pct, load_no, final_flag, date_modify) VALUES (574, 15, 25, 4, '4', 'Маҳалла ихтисослашуви', 'Маҳаллаларнинг иқтисодий фаолият йўналишлари ва тоифаланиши', 'Жами маҳаллалар: 60 та | Савдо ва хизмат: 52 та МФЙ (87%) | Саноат: 8 та МФЙ (13%) | Типология: Оғир 4, Ўрта 24, Енгил 30', TRUE, 'МФЙ агентлиги', 'Маҳалла ихтисослашуви таркибида савдо ва хизмат 87% — шу сегментда рақамли савдо, логистика ва сервис сифат стандартларини жорий этиш керак. Саноатга ихтисослашган 8 та МФЙда кичик кооперация асосида даромадни ошириш мумкин.', NULL, NULL, 1, TRUE, '2026-04-28 12:00:00+05'::TIMESTAMPTZ);
INSERT INTO indicators (indicator_id, district_id, no, slide, slide_no, name, description, value, found, source_org, ai_insight, kpi_count, kpi_pct, load_no, final_flag, date_modify) VALUES (575, 15, 26, 4, '4', 'Маҳалла драйвер секторлари', 'Иқтисодий ўсишни таъминловчи асосий тармоқлар', 'Жами: 1 та драйвер сектор | 1-сектор — Савдо ва хизмат кўрсатиш', TRUE, 'МФЙ агентлиги / SQB', 'Драйвер секторни алоҳида эмас, «ишлаб чиқариш + савдо + хизмат» занжирида боғлаш керак. Саноатга мўлжалланган 8 та маҳалла потенциалидан фойдаланиб, тайёр маҳсулотни бозорга чиқариш ва онлайн сотув каналларини кенгайтириш тавсия этилади.', NULL, NULL, 1, TRUE, '2026-04-28 12:00:00+05'::TIMESTAMPTZ);
INSERT INTO indicators (indicator_id, district_id, no, slide, slide_no, name, description, value, found, source_org, ai_insight, kpi_count, kpi_pct, load_no, final_flag, date_modify) VALUES (576, 15, 27, 4, '4', 'Микролойиҳалар сони ва иш ўринлари', 'Амалга оширилаётган инвестиция лойиҳалари', '2025 йил: 3 000 та лойиҳа, 6 000 иш ўрни, 120 млрд сўм | 2024 йил: 1 800 та лойиҳа, 3 600 иш ўрни, 100 млрд сўм | Ўзгариш: +1 200 та (+66,7%)', TRUE, 'SQB / Туман ҳокимияти', '3 000 та микролойиҳа орқали 6 000 та иш ўрни яратилган. NPL ошиб бораётгани (4,3% → 6,8%) инобатга олиниб, банкирлар вазифалари: лойиҳани скоринг, кредит расмийлаштиришда ёрдам, лойиҳа мониторинг, молиявий маслаҳат.', NULL, NULL, 1, TRUE, '2026-04-28 12:00:00+05'::TIMESTAMPTZ);
INSERT INTO indicators (indicator_id, district_id, no, slide, slide_no, name, description, value, found, source_org, ai_insight, kpi_count, kpi_pct, load_no, final_flag, date_modify) VALUES (577, 15, 28, 4, '4', 'Ишсизлик юқори маҳаллалар', 'Бандликни таъминлаш бўйича манзилли чоралар', 'Оғир тоифа: 4 та МФЙ | Ўрта тоифа: 24 та МФЙ | Енгил тоифа: 30 та МФЙ | Фокус: манзилли бандлик ва микролойиҳа дастурлари', TRUE, 'МФЙ агентлиги', 'Оғир тоифадаги 4 та маҳаллада «бир маҳалла — бир драйвер йўналиш» тамойили асосида тезкор бандлик режаси ишга туширилиши керак. Ишсиз аҳолини кўникма бўйича сегментация қилиб, 3 ойлик қисқа циклда ишга жойлаштириш тавсия этилади.', NULL, NULL, 1, TRUE, '2026-04-28 12:00:00+05'::TIMESTAMPTZ);
INSERT INTO indicators (indicator_id, district_id, no, slide, slide_no, name, description, value, found, source_org, ai_insight, kpi_count, kpi_pct, load_no, final_flag, date_modify) VALUES (578, 15, 29, 4, '4', 'SQB рақамли хизматлари', 'SQB банкнинг рақамли ва мобил молиявий хизматлар экотизими', 'SQB филиаллари: 2 та | Банкоматлар: 8 та | Бошқа банклар: 5 та | Банк ходимлари: 72 нафар | Маҳалла банкирлари: 30 та (40 аёл, 32 эркак) | Рақамли платформалар: SQB Mobile, SQB Business, SQB AI Advisor', TRUE, 'SQB', 'Маҳалла банкирлари 2024 йилда 16 тадан 2025 да 30 тага ошган — ижобий тренд. Интернет қоплами юқори бўлгани учун SQB Mobile ва AI Advisor платформаларини фаол тарғиб қилиш орқали рақамли хизматлар улушини ошириш тавсия этилади.', NULL, NULL, 1, TRUE, '2026-04-28 12:00:00+05'::TIMESTAMPTZ);
INSERT INTO indicators (indicator_id, district_id, no, slide, slide_no, name, description, value, found, source_org, ai_insight, kpi_count, kpi_pct, load_no, final_flag, date_modify) VALUES (579, 15, 30, 4, '4', '«Ҳар бир оила — тадбиркор» дастури', 'Оилавий тадбиркорлик учун имтиёзли кредит', 'Иштирокчи банклар: Халқ банки, Микрокредит банк | Фоиз ставкаси: 18% | Максимал сумма: 300 млн сўм | Муддат: 3 йилгача | Имтиёзли давр: 3–6 ой', TRUE, 'Марказий банк', 'Оилавий тадбиркорликни кўпайтириш учун SQB AI Advisor платформасидан фойдаланиш тавсия этилади. 5 057 та камбағал оилага мақсадли микрокредит ажратиш орқали камбағаллик даражасини янада камайтириш мумкин.', NULL, NULL, 1, TRUE, '2026-04-28 12:00:00+05'::TIMESTAMPTZ);
INSERT INTO indicators (indicator_id, district_id, no, slide, slide_no, name, description, value, found, source_org, ai_insight, kpi_count, kpi_pct, load_no, final_flag, date_modify) VALUES (580, 15, 31, 4, '4', '«HAMROH» хотин-қизлар тадбиркорлиги', 'Хотин-қизлар учун махсус молиявий дастур', 'Иштирокчи банклар: SQB, Халқ банки, Микрокредит банк, Агро банк | Гаровсиз кредит: 100 млн сўмгача | Компания кафиллиги: 70%', TRUE, 'Марказий банк', 'Аёллар ишсизлик таркибида 74,7% (9 798 киши) ни ташкил этганини ҳисобга олиб, HAMROH дастурини Учтепа туманида энг устувор молиявий восита сифатида фаоллаштириш зарур. Маҳалла банкирлари орқали аёлларни актив жалб қилиш тавсия этилади.', NULL, NULL, 1, TRUE, '2026-04-28 12:00:00+05'::TIMESTAMPTZ);
INSERT INTO indicators (indicator_id, district_id, no, slide, slide_no, name, description, value, found, source_org, ai_insight, kpi_count, kpi_pct, load_no, final_flag, date_modify) VALUES (581, 15, 32, 5, '5', '«Uchtepa City» мега-лойиҳаси', 'Инвестиция ва урбанизация салоҳияти', 'Инвестиция: 250 млн $ (2027-2030) | Йўналиш: Замонавий турар-жой ва бизнес мажмуалари | Имконият: Туман марказий қисмини реновация | Инвестиция: Хорижий ва маҳаллий ТТИ', TRUE, 'Туман ҳокимияти', '«Uchtepa City» лойиҳаси туман иқтисодиёти учун драйвер бўлиши керак. Нафақат уй-жой, балки юқори технологик офис майдонлари ва «А» классдаги савдо марказларини ташкил этиш орқали юқори даромадли иш ўринларини яратиш мумкин.', NULL, NULL, 1, TRUE, '2026-04-28 12:00:00+05'::TIMESTAMPTZ);
INSERT INTO indicators (indicator_id, district_id, no, slide, slide_no, name, description, value, found, source_org, ai_insight, kpi_count, kpi_pct, load_no, final_flag, date_modify) VALUES (582, 15, 33, 5, '5', 'Саноат 2.0: Кескин ўсиш суръати', '2025 йилда ишлаб чиқариш ҳажмининг 148% га ўсиши', 'Саноат маҳсулотлари (2025): 13,7 трлн сўм | Ўсиш: +48,2% (2024 йилга нисбатан) | Асосий драйвер: Енгил саноат ва қурилиш материаллари | Янги лойиҳалар: 15 та', TRUE, 'Статистика бўлими', 'Саноат ҳажми 6,3 трлн дан 13,7 трлн сўмгача кескин сакраш кутилмоқда. «Кичик саноат зоналари»ни вертикал (кўп қаватли) кўринишда ташкил этиш ва юқори қўшилган қийматли маҳсулотлар экспортини йўлга қўйиш тавсия этилади.', NULL, NULL, 1, TRUE, '2026-04-28 12:00:00+05'::TIMESTAMPTZ);
INSERT INTO indicators (indicator_id, district_id, no, slide, slide_no, name, description, value, found, source_org, ai_insight, kpi_count, kpi_pct, load_no, final_flag, date_modify) VALUES (583, 15, 34, 5, '5', '«Гастрономик Учтепа» ва тунги иқтисодиёт', 'Лутфий ва Фарҳод кўчаларини 24/7 хизмат кўрсатиш зонасига айлантириш', 'Иш режими: 24/7 | Лойиҳа: «Таомлар кўчаси» (Food Street) ва бренд дўконлар | Имконият: Туман ичидаги истеъмол ҳажмини ошириш | Натижа: Хизматлар соҳасида +15-20% ўсиш', TRUE, 'Туман ҳокимияти', 'Учтепа — аҳоли зич яшайдиган «ётоқхона тумани». Тунги иқтисодиётни ривожлантириш (хавфсиз овқатланиш ва дам олиш масканлари) орқали аҳолининг маблағларини туманнинг ўзида қолдириш ва янги иш ўринлари яратиш зарур.', NULL, NULL, 1, TRUE, '2026-04-28 12:00:00+05'::TIMESTAMPTZ);
INSERT INTO indicators (indicator_id, district_id, no, slide, slide_no, name, description, value, found, source_org, ai_insight, kpi_count, kpi_pct, load_no, final_flag, date_modify) VALUES (584, 15, 35, 5, '5', '«Фозилтепа» ва маданий мерос туризми', 'Учтепанинг қадимий тарихини туристик маҳсулотга айлантириш', 'Давр: V-XII асрлар | Лойиҳа: Археологик парк ва музейлаштириш | Мақсад: Маҳаллий ва хорижий туристлар оқимини яратиш | Ҳолат: Реновация ва ободонлаштириш талаб этилади', TRUE, 'Фанлар академияси', 'Фозилтепа ёдгорлигини «очиқ осмон остидаги музей»га айлантириш ва шаҳар туристик маршрутига киритиш лозим. Бу туманга фақат «савдо маркази» деб эмас, балки тарихий манзил сифатида қараш имконини беради.', NULL, NULL, 1, TRUE, '2026-04-28 12:00:00+05'::TIMESTAMPTZ);
INSERT INTO indicators (indicator_id, district_id, no, slide, slide_no, name, description, value, found, source_org, ai_insight, kpi_count, kpi_pct, load_no, final_flag, date_modify) VALUES (585, 15, 36, 5, '5', 'Агро-саноат: Озиқ-овқат хавфсизлиги', 'Гўшт ва сут маҳсулотларини қайта ишлаш кластерлари', 'Лойиҳалар портфели: 30 млрд сўм | Лойиҳалар сони: 15 та | Ихтисослашув: Тайёр ярим тайёр маҳсулотлар (полуфабрикатлар) | Истеъмолчи: 63 мингта оила ва Тошкент бозорлари', TRUE, 'SQB / Лойиҳа фабрикаси', 'Лойиҳа фабрикаси доирасида озиқ-овқат саноатига урғу бериш мақсадга мувофиқ. Тумандаги йирик бозорлар (Фарҳод, Ўрикзор яқинлиги) тайёр сотиш бозори. Импорт ўрнини босувчи сифатли маҳсулотлар ишлаб чиқаришни қўллаб-қувватлаш керак.', NULL, NULL, 1, TRUE, '2026-04-28 12:00:00+05'::TIMESTAMPTZ);
INSERT INTO indicators (indicator_id, district_id, no, slide, slide_no, name, description, value, found, source_org, ai_insight, kpi_count, kpi_pct, load_no, final_flag, date_modify) VALUES (586, 15, 37, 5, '5', 'Демографик дивиденд: Юқори истеъмол қуввати', 'Аҳоли зичлиги — тайёр бизнес экотизими', 'Аҳоли зичлиги: 1 083 киши/км² | Аҳоли: 305,8 минг киши | Оилалар: 63,6 мингта | Потенциал: Таълим ва тиббиёт хизматларига юқори талаб', TRUE, 'Статистика бўлими', 'Юқори зичлик — ҳар бир квадрат метрдан юқори даромад олиш имкониятидир. Хусусий боғчалар, соғломлаштириш марказлари ва таълим курсларига бўлган талаб тўлиқ қондирилмаган. Бу соҳаларга инвестиция энг кам хавфли (low-risk) бизнес ҳисобланади.', NULL, NULL, 1, TRUE, '2026-04-28 12:00:00+05'::TIMESTAMPTZ);
INSERT INTO indicators (indicator_id, district_id, no, slide, slide_no, name, description, value, found, source_org, ai_insight, kpi_count, kpi_pct, load_no, final_flag, date_modify) VALUES (587, 15, 38, 5, '5', 'Ишсизлик юқори маҳаллаларни фаол ҳудудга айлантириш', 'Ишсизлик юқори маҳаллаларни ривожлантириш режаси', 'Ишсизлар (2025): 13 118 киши | Таркиб: аёллар 74,7% (9 798), ёшлар 11,5% (1 504), эркаклар 13,8% | Кредит маҳсулотлари: Микрокредит, Оилавий тадбиркорлик, Давлат субсидияси, Автокредит, Ипотека, Бизнесга биринчи қадам | Мақсад: 2027 йилгача 2% га тушириш', TRUE, 'SQB / МФЙ агентлиги', '4 та маҳаллада ишсизлик юқори, асосий улуши аёллар (74,7%). «Бир маҳалла — бир драйвер йўналиш» модели жорий қилиниши мақсадга мувофиқ. Ишсиз аҳолини сегментация қилиб, 2-3 ойлик тезкор цикл орқали микролойиҳаларга жалб қилиш мумкин.', NULL, NULL, 1, TRUE, '2026-04-28 12:00:00+05'::TIMESTAMPTZ);
INSERT INTO indicators (indicator_id, district_id, no, slide, slide_no, name, description, value, found, source_org, ai_insight, kpi_count, kpi_pct, load_no, final_flag, date_modify) VALUES (588, 15, 39, 6, '6', 'Стратегик йўналиш: Сервис ва Савдо', 'Учтепа туманининг асосий ихтисослашуви', 'Туман иқтисодиёти: хизматлар соҳасига (60%+) боғланган | Режа: Савдо ва хизмат кўрсатиш соҳасини рақамлаштириш | Онлайн савдо платформаларини кенгайтириш | Сервис сифатини халқаро стандартларга олиб чиқиш', TRUE, 'Туман ҳокимияти', 'Учтепа иқтисодиётининг 60% дан ортиғи хизматлар соҳасига боғланган — бу шаҳар тумани учун табиий ихтисослашув. Рақамлаштириш ва онлайн савдо платформалари орқали сервис сифатини ошириш энг устувор вазифа.', NULL, NULL, 1, TRUE, '2026-04-28 12:00:00+05'::TIMESTAMPTZ);
INSERT INTO indicators (indicator_id, district_id, no, slide, slide_no, name, description, value, found, source_org, ai_insight, kpi_count, kpi_pct, load_no, final_flag, date_modify) VALUES (589, 15, 40, 6, '6', 'Инвестициявий драйвер: Учтепа Сити', 'Туман қиёфасини ўзгартирувчи йирик лойиҳа', 'Инвестиция: 250 млн $ | Мақсад: Инвестиция оқимини 3 баробар ошириш | Режа: 2025 йил якунига қадар лойиҳа-смета ҳужжатларини якунлаш | Инфратузилма: Электр, йўл тайёрлаш', TRUE, 'Туман ҳокимияти', '250 млн долларлик лойиҳа туманга инвестиция оқимини 3 баробар оширади. Лойиҳа-смета ҳужжатларини якунлаш ва инфратузилмани (электр, йўл) тайёрлаш 2025 йил якунигача устувор вазифа.', NULL, NULL, 1, TRUE, '2026-04-28 12:00:00+05'::TIMESTAMPTZ);
INSERT INTO indicators (indicator_id, district_id, no, slide, slide_no, name, description, value, found, source_org, ai_insight, kpi_count, kpi_pct, load_no, final_flag, date_modify) VALUES (590, 15, 41, 6, '6', 'Саноатни модернизация қилиш', 'Ишлаб чиқариш ҳажмининг 13,7 трлн сўмга етиши', 'Саноат ўсиши: 148% | Солиқ базаси: мустаҳкамланмоқда | Режа: Енгил саноат ва озиқ-овқатда «брендинг» | Экспорт: МДҲ ва Европа бозорларига чиқиш', TRUE, 'Статистика бўлими', 'Саноат ўсиши (148%) туманнинг солиқ базасини мустаҳкамлайди. Енгил саноат ва озиқ-овқат соҳасида «брендинг» ва экспорт географиясини кенгайтириш (МДҲ ва Европа бозорлари) тавсия этилади.', NULL, NULL, 1, TRUE, '2026-04-28 12:00:00+05'::TIMESTAMPTZ);
INSERT INTO indicators (indicator_id, district_id, no, slide, slide_no, name, description, value, found, source_org, ai_insight, kpi_count, kpi_pct, load_no, final_flag, date_modify) VALUES (591, 15, 42, 6, '6', 'Инфратузилма ва Энергия', '24/7 режимда ишлаш учун ресурслар билан таъминлаш', 'Электр ва газ: юклама юқори | Режа: Янги трансформаторлар ўрнатиш | Қуёш панеллари: энергия мустақиллигини 15-20% га ошириш | Линиялар: 40% модернизация талаб', TRUE, 'Инфратузилма бошқармаси', 'Электр ва газ таъминотидаги юклама юқори — янги трансформаторлар ва қуёш панелларини ўрнатиш орқали энергия мустақиллигини 15-20% га ошириш мумкин. 40% линия модернизация талаб қилади.', NULL, NULL, 1, TRUE, '2026-04-28 12:00:00+05'::TIMESTAMPTZ);
INSERT INTO indicators (indicator_id, district_id, no, slide, slide_no, name, description, value, found, source_org, ai_insight, kpi_count, kpi_pct, load_no, final_flag, date_modify) VALUES (592, 15, 43, 6, '6', 'Лойиҳа фабрикаси механизми', 'Банк ва тадбиркор ҳамкорлиги', 'Мақсадлар: иш ўрни, даромад, импорт ўрнини босиш | Режа: Ҳар бир маҳаллада камида 2 та янги микро-лойиҳа | «Бизнесга биринчи қадам» дастурини фаоллаштириш', TRUE, 'SQB / Лойиҳа фабрикаси', 'Лойиҳаларнинг 3 та асосий мақсади: иш ўрни, даромад, импорт ўрнини босиш. Ҳар бир маҳаллада камида 2 тадан янги микро-лойиҳаларни ишга тушириш ва «Бизнесга биринчи қадам» дастурини фаоллаштириш тавсия этилади.', NULL, NULL, 1, TRUE, '2026-04-28 12:00:00+05'::TIMESTAMPTZ);
INSERT INTO indicators (indicator_id, district_id, no, slide, slide_no, name, description, value, found, source_org, ai_insight, kpi_count, kpi_pct, load_no, final_flag, date_modify) VALUES (593, 15, 44, 6, '6', 'Стратегик якун: «Ақлли туман» концепцияси', 'Учтепани юқори технологияли ва қулай яшаш ҳудудига айлантириш', 'Smart City технологиялари жорий этиш | Жамоат транспортини оптималлаштириш | Яшил ҳудудларни кенгайтириш | Давлат хизматларини тўлиқ электрон шаклга ўтказиш', TRUE, 'Ҳокимият / СИ таҳлили', 'Аҳоли зичлиги юқорилиги «Smart City» технологияларини жорий этиш учун қулай муҳит яратади. Жамоат транспортини оптималлаштириш, яшил ҳудудларни кенгайтириш ва давлат хизматларини электрон шаклга ўтказиш — 2027 йилгача асосий мақсадлар.', NULL, NULL, 1, TRUE, '2026-04-28 12:00:00+05'::TIMESTAMPTZ);

-- districts for region: andijan
INSERT INTO districts (district_id, region_id, slug, name_uz, name_ru, name_en, district_name, json_file, has_data, type, year, total_cards, load_no, final_flag, date_modify) VALUES (16, 7, 'xonobod', 'Хонобод', 'Ханабад', 'Xonobod', 'Хонобод шаҳри', 'xonobod.json', TRUE, 'shahar', 2026, 45, 1, TRUE, '2026-04-28 12:00:00+05'::TIMESTAMPTZ);
INSERT INTO hero_kpis (hero_kpi_id, district_id, metric_name, metric_value, metric_unit, load_no, final_flag, date_modify) VALUES (49, 16, 'Аҳоли', 47, 'минг киши', 1, TRUE, '2026-04-28 12:00:00+05'::TIMESTAMPTZ);
INSERT INTO hero_kpis (hero_kpi_id, district_id, metric_name, metric_value, metric_unit, load_no, final_flag, date_modify) VALUES (50, 16, 'Маҳалла', 15, 'та', 1, TRUE, '2026-04-28 12:00:00+05'::TIMESTAMPTZ);
INSERT INTO hero_kpis (hero_kpi_id, district_id, metric_name, metric_value, metric_unit, load_no, final_flag, date_modify) VALUES (51, 16, 'Оила', 12325, 'та', 1, TRUE, '2026-04-28 12:00:00+05'::TIMESTAMPTZ);
INSERT INTO hero_kpis (hero_kpi_id, district_id, metric_name, metric_value, metric_unit, load_no, final_flag, date_modify) VALUES (52, 16, 'Хонадон', 9832, 'та', 1, TRUE, '2026-04-28 12:00:00+05'::TIMESTAMPTZ);
INSERT INTO indicators (indicator_id, district_id, no, slide, slide_no, name, description, value, found, source_org, ai_insight, kpi_count, kpi_pct, load_no, final_flag, date_modify) VALUES (594, 16, 1, 1, '1', 'Иқтисодий фаоллик', 'Саноат, хизматлар, чакана товар айланмаси, экспорт ва импорт ҳажми', 'Саноат ҳажми: 4 133,7 млрд сўм (2021 йил: 1 900,7 млрд сўм, 2,1 баробар ўсиш) | Хизматлар ҳажми: 883,2 млрд сўм (2021 йил: 350,2 млрд сўм, 2,5 баробар ўсиш) | Чакана товар айланмаси: 336,4 млрд сўм (2021 йил: 163,2 млрд сўм, 2,1 баробар ўсиш) | Экспорт ҳажми: 13,7 млн доллар, ўсиш суръати 302% | Импорт ҳажми: 65 млн доллар, ўсиш суръати 97,5%', TRUE, 'Туман статистика бўлими', 'Хонобод туманида барча иқтисодий кўрсаткичлар 2021 йилдан 2 баробардан ортиқ ўсган. Хизматлар соҳаси энг юқори ўсишга эга (2,5 баробар). Экспорт 302% ўсган бўлса-да, импорт (65 млн $) экспортдан (13,7 млн $) 4,7 баробар юқори — импорт ўрнини босиш стратегик вазифа.', NULL, NULL, 1, TRUE, '2026-04-28 12:00:00+05'::TIMESTAMPTZ);
INSERT INTO indicators (indicator_id, district_id, no, slide, slide_no, name, description, value, found, source_org, ai_insight, kpi_count, kpi_pct, load_no, final_flag, date_modify) VALUES (595, 16, 2, 1, '1', 'Тадбиркорлик субъектлари', 'Рўйхатдан ўтган тадбиркорлар сони ва тармоқлар бўйича тақсимоти', 'Жами рўйхатдан ўтган тадбиркорлар сони: 808 та | Савдо ва хизмат кўрсатиш: 353 та | Туризм хизматлари: 180 та | Саноат: 201 та | Қурилиш: 45 та | Қишлоқ хўжалиги: 29 та', TRUE, 'Туман статистика бўлими', '808 та тадбиркордан энг катта улуш савдо ва хизмат кўрсатишда (353 та, 43,7%). Саноат (201 та, 24,9%) ва туризм (180 та, 22,3%) ҳам салмоқли. Қишлоқ хўжалиги (29 та, 3,6%) энг кам — аграр тадбиркорликни рағбатлантириш тавсия этилади.', NULL, NULL, 1, TRUE, '2026-04-28 12:00:00+05'::TIMESTAMPTZ);
INSERT INTO indicators (indicator_id, district_id, no, slide, slide_no, name, description, value, found, source_org, ai_insight, kpi_count, kpi_pct, load_no, final_flag, date_modify) VALUES (596, 16, 3, 1, '1', 'Саноат маҳсулотлари ишлаб чиқариш динамикаси', '2021-2025 йиллардаги ҳажм ва ўсиш суръати', 'Саноат ишлаб чиқариш ҳажми (млрд сўм): 2021: 1 900,7 | 2022: 2 491,4 | 2023: 2 986,1 | 2024: 3 201,3 | 2025: 4 133,7 | Саноат ўсиш суръати (%): 2021: 108,4 | 2022: 106,3 | 2023: 103,7 | 2024: 103,6 | 2025: 108,3', TRUE, 'Туман статистика бўлими', 'Саноат ҳажми 5 йилда 1 900,7 дан 4 133,7 млрд сўмга (2,2 баробар) ўсган. Ўсиш суръати 2023-2024 йилларда секинлашган (103,7-103,6%), аммо 2025 йилда 108,3% га қайта тикланган. Барқарор ўсишни давом эттириш учун саноат диверсификацияси ва экспортга йўналтирилган ишлаб чиқаришни кучайтириш тавсия этилади.', NULL, NULL, 1, TRUE, '2026-04-28 12:00:00+05'::TIMESTAMPTZ);
INSERT INTO indicators (indicator_id, district_id, no, slide, slide_no, name, description, value, found, source_org, ai_insight, kpi_count, kpi_pct, load_no, final_flag, date_modify) VALUES (597, 16, 4, 1, '1', 'Маҳаллий бюджет ва молиявий ҳолат', 'Шаҳар бюджет даромадлари ва солиқ тушумлари', 'Бюджет даромадлари (млрд сўм): 2021: 49,0 | 2022: 110,0 | 2023: 218,3 | 2024: 258,6 | 2025: 215,3 | Контингент бюджет (2025): 366,0 млрд сўм', TRUE, 'Шаҳар молия бўлими', '2025 йилда бюджет тушумларида бироз пасайиш кузатилган, контингент бюджет режаси (366 млрд) юқори. 2026 йилда солиқ базасини кенгайтириш ва янги 619 та корхонанинг тўлиқ қувватда ишлашини таъминлаш орқали даромадларни қайта тиклаш лозим.', NULL, NULL, 1, TRUE, '2026-04-28 12:00:00+05'::TIMESTAMPTZ);
INSERT INTO indicators (indicator_id, district_id, no, slide, slide_no, name, description, value, found, source_org, ai_insight, kpi_count, kpi_pct, load_no, final_flag, date_modify) VALUES (598, 16, 5, 1, '1', 'Ажратилган кредитлар', 'Жами ажратилган кредитлар динамикаси (млрд сўм)', 'Жами ажратилган кредитлар (млрд сўм): 2021: 72 | 2022: 95 | 2023: 123 | 2024: 139 | 2025: 217', TRUE, 'SQB ички маълумотлар', 'Кредитлар ҳажми 5 йилда 72 млрд дан 217 млрд сўмга (3 баробар) ўсган. 2025 йилдаги кескин ўсиш (+56%) тадбиркорликка талаб ортганини кўрсатади. Кредитларни экспортга йўналтирилган лойиҳаларга мақсадли тақсимлаш тавсия этилади.', NULL, NULL, 1, TRUE, '2026-04-28 12:00:00+05'::TIMESTAMPTZ);
INSERT INTO indicators (indicator_id, district_id, no, slide, slide_no, name, description, value, found, source_org, ai_insight, kpi_count, kpi_pct, load_no, final_flag, date_modify) VALUES (599, 16, 6, 1, '1', 'Асосий капиталга инвестициялар', 'Инвестициялар, иш ҳақи, миграция ва ижобий кутишлар', 'Жами: 869,4 млрд сўм инвестиция | Марказлашган манбалар: 14,9 млрд сўм | Марказлашмаган манбалар: 854,5 млрд сўм | Ўртача ойлик иш ҳақи: 5 млн сўм | Кўчиб келганлар: 351 киши | Кўчиб кетганлар: 210 киши | Аҳоли ва бизнес ижобий кутиш: 72%', TRUE, 'Туман статистика бўлими', 'Асосий капиталга инвестициялар 869,4 млрд сўмни ташкил этиб, шундан 98,3% марказлашмаган манбалар ҳисобидан. Миграция сальдоси ижобий (+141 киши) — туман аҳоли учун жозибадор. Аҳолининг 72% ижобий кутишга эга эканлиги иқтисодий барқарорлик белгиси.', NULL, NULL, 1, TRUE, '2026-04-28 12:00:00+05'::TIMESTAMPTZ);
INSERT INTO indicators (indicator_id, district_id, no, slide, slide_no, name, description, value, found, source_org, ai_insight, kpi_count, kpi_pct, load_no, final_flag, date_modify) VALUES (600, 16, 7, 1, '1', 'Экспорт таркиби', 'Экспорт маҳсулотлари тармоқлар бўйича тақсимоти', 'Турли хил тайёр маҳсулотлар: 6 476 минг доллар | Машиналар ва транспорт ускуналари: 3 102,4 минг доллар | Саноат маҳсулотлари: 2 534,5 минг доллар | Озиқ-овқат ва тирик ҳайвонлар: 882,1 минг доллар | Ёқилғидан ташқари ноозиқ-овқат хомашё: 238,1 минг доллар | Кимёвий моддалар ва шунга ўхшаш маҳсулотлар: 201,3 минг доллар', TRUE, 'Туман статистика бўлими', 'Экспортда тайёр маҳсулотлар (6 476 минг $) асосий улушга эга (48,3%). Машиналар ва транспорт ускуналари (3 102,4 минг $) иккинчи ўринда. Озиқ-овқат экспортини (882,1 минг $) кенгайтириш ва қўшимча қиймат яратиш тавсия этилади.', NULL, NULL, 1, TRUE, '2026-04-28 12:00:00+05'::TIMESTAMPTZ);
INSERT INTO indicators (indicator_id, district_id, no, slide, slide_no, name, description, value, found, source_org, ai_insight, kpi_count, kpi_pct, load_no, final_flag, date_modify) VALUES (601, 16, 8, 2, '2', 'Ичимлик суви билан таъминланганлик', 'Аҳолининг тоза ичимлик сув билан таъминланганлик даражаси (%)', 'Таъминланганлик (%): 2023: 96,5 | 2024: 100 | 2025: 100 | 2026 прогноз: 99,6%+', TRUE, 'Сув хўжалиги', '100% — республикадаги энг юқори кўрсаткичлардан бири. 2024 йилдаги пасайиш (95,5%) сабабини аниқлаш профилактик хизматни яхшилашга хизмат қилади. Рақамли сенсорларни ўрнатиш тавсия этилади.', NULL, NULL, 1, TRUE, '2026-04-28 12:00:00+05'::TIMESTAMPTZ);
INSERT INTO indicators (indicator_id, district_id, no, slide, slide_no, name, description, value, found, source_org, ai_insight, kpi_count, kpi_pct, load_no, final_flag, date_modify) VALUES (602, 16, 9, 2, '2', 'Йўлларни таъмирланиш даражаси', 'Автомобил йўллар узунлиги ва ички йўлларнинг таъмирланганлик даражаси', 'Автомобил йўллар узунлиги: 113,4 км | Ички йўлларнинг таъмирланганлик даражаси (%): 2023: 65 | 2024: 73 | 2025: 100', TRUE, 'Йўл хўжалиги', 'Ички йўллар таъмирланганлиги 2023 йилдаги 65% дан 2025 йилда 100% га етган — тўлиқ қамров таъминланган. 113,4 км автомобил йўлларни сифатли ҳолатда сақлаб қолиш ва профилактик таъмирлаш режасини шакллантириш тавсия этилади.', NULL, NULL, 1, TRUE, '2026-04-28 12:00:00+05'::TIMESTAMPTZ);
INSERT INTO indicators (indicator_id, district_id, no, slide, slide_no, name, description, value, found, source_org, ai_insight, kpi_count, kpi_pct, load_no, final_flag, date_modify) VALUES (603, 16, 10, 2, '2', 'Электр таъминоти сифат даражаси', 'Электр тармоқлари, трансформаторлар ва модернизация режаси', 'Электр тармоқлари узунлиги: 334,8 км | Трансформатор сони: 179 та | Электр узилишлари: 0,5-1 марта/ой | Кейинги 3 йилда трансформатор янгиланади: 24 та (13%) | Кейинги 3 йилда янги тармоқ тортилади: 21 км (6,2%) | Интернет қамрови: 100%, 128 Мбит/сек', TRUE, 'Электр тармоқлари', '334,8 км тармоқ ва 179 та трансформатор мавжуд. Узилишлар минимал (0,5-1 марта/ой). 3 йилда 24 та трансформатор (13%) янгиланиши ва 21 км (6,2%) янги тармоқ тортилиши режалаштирилган. Интернет 100% қамровда. Саноат зоналари учун қувватни ошириш тавсия этилади.', NULL, NULL, 1, TRUE, '2026-04-28 12:00:00+05'::TIMESTAMPTZ);
INSERT INTO indicators (indicator_id, district_id, no, slide, slide_no, name, description, value, found, source_org, ai_insight, kpi_count, kpi_pct, load_no, final_flag, date_modify) VALUES (604, 16, 11, 2, '2', 'Шаҳар ер тоифаси', 'Шаҳар ер фонди тузилмаси ва қишлоқ хўжалиги ерлари', 'Жами ер майдони: 3 623 га | Суғориладиган майдон: 1 386 га | Жами қишлоқ хўжалигида фойдаланилади: 1 034 га | Экин ерлар: 748 га | Кўп йиллик дарахтзорлар: 136 га | Бўз ерлар: 14 га | Пичанзор яйловлар: 136 га', TRUE, 'Кадастр агентлиги', '3 623 га ер майдонидан 1 034 га (28,5%) қишлоқ хўжалигида фойдаланилмоқда. Суғориладиган майдон (1 386 га) умумий ердан 38,3% ни ташкил этади. Экин ерлар (748 га) асосий улушга эга. Ердан самарали фойдаланиш учун бўз ерларни (14 га) ишга солиш ва дарахтзорларни кенгайтириш тавсия этилади.', NULL, NULL, 1, TRUE, '2026-04-28 12:00:00+05'::TIMESTAMPTZ);
INSERT INTO indicators (indicator_id, district_id, no, slide, slide_no, name, description, value, found, source_org, ai_insight, kpi_count, kpi_pct, load_no, final_flag, date_modify) VALUES (605, 16, 12, 2, '2', 'Жамоат транспортидан фойдаланиш', 'Транспорт қамрови динамикаси', 'Жамоат транспорти қамрови (%): 2023: 86,8 | 2024: 93,0 | 2025: 96,5 | 2026 прогноз: 98,5 | Вилоят марказигача: 92 км', TRUE, 'Туман статистика бўлими', '96,5% қамров Хонободнинг вилоятдаги йирик туристик ва сервис маркази эканлигини тасдиқлайди. Транспорт тизимини рақамлаштириш ва электробуслар сонини ошириш тавсия этилади.', NULL, NULL, 1, TRUE, '2026-04-28 12:00:00+05'::TIMESTAMPTZ);
INSERT INTO indicators (indicator_id, district_id, no, slide, slide_no, name, description, value, found, source_org, ai_insight, kpi_count, kpi_pct, load_no, final_flag, date_modify) VALUES (606, 16, 13, 2, '2', 'Ижтимоий соҳа', 'Мактаблар, ўқувчилар, мактаб юкламаси ва соғлиқни сақлаш муассасалари', 'Жами мактаблар сони: 8 та | Мактаб ўқувчилар сони: 7,7 минг | Умумтаълим мактабларининг юкламаси (смена) 2025 йил: 0,9 | Соғлиқни сақлаш муассасалари: 4 та (640 ўрин) | Стационар даволаниш масканлари: 1 та (100 ўрин)', TRUE, 'Мактабгача ва мактаб таълими вазирлиги / Соғлиқни сақлаш бўлими', '8 та мактабда 7,7 минг ўқувчи таълим олмоқда, смена юкламаси 0,9 — мактаб қувватлари етарли. Соғлиқни сақлаш тизимида 4 та муассаса (640 ўрин) ва 1 та стационар (100 ўрин) мавжуд. Аҳоли сонига нисбатан тиббий ўринлар етарлилигини мониторинг қилиш тавсия этилади.', NULL, NULL, 1, TRUE, '2026-04-28 12:00:00+05'::TIMESTAMPTZ);
INSERT INTO indicators (indicator_id, district_id, no, slide, slide_no, name, description, value, found, source_org, ai_insight, kpi_count, kpi_pct, load_no, final_flag, date_modify) VALUES (607, 16, 14, 2, '2', 'Мактабгача таълим қамрови', 'Боғча ёшидаги болалар сони ва МТБ га қамраб олиш даражаси', 'Боғча ёшидаги болалар сони: 3 117 нафар | МТБ га қамраб олиш даражаси (%): 2021: 77 | 2022: 79 | 2023: 85,2 | 2024: 90 | 2025: 91,4', TRUE, 'Мактабгача ва мактаб таълими вазирлиги', 'МТБ га қамраб олиш даражаси 5 йилда 77% дан 91,4% гача (+14,4 пп) барқарор ўсган. 3 117 нафар боғча ёшидаги боладан 8,6% ҳали қамраб олинмаган. 2026 йилда 95%+ қамровга эришиш учун янги оилавий ва нодавлат МТТларни кенгайтириш тавсия этилади.', NULL, NULL, 1, TRUE, '2026-04-28 12:00:00+05'::TIMESTAMPTZ);
INSERT INTO indicators (indicator_id, district_id, no, slide, slide_no, name, description, value, found, source_org, ai_insight, kpi_count, kpi_pct, load_no, final_flag, date_modify) VALUES (608, 16, 15, 2, '2', 'Ўрта таълим', 'Коллежлар, ўқувчилар сони ва гуруҳлар', 'Хонобод шаҳарда 2 та коллеж мавжуд | Қуввати: 1 570 нафар | Ўқувчилар сони: 1 253 нафар (1-курс: 766, 2-курс: 457, 3-курс: 30) | Гуруҳлар сони: 52 та', TRUE, 'Мактабгача ва мактаб таълими бўлими', '2 та коллежда 1 253 ўқувчи таълим олмоқда — қуввати 1 570 нафар бўлиб, бандлик даражаси 79,8%. 3-курс ўқувчилари атиги 30 нафар бўлиши битирувчилар сонининг камлигини кўрсатади. Тавсия: коллежларни маҳаллий меҳнат бозори талабларига мослаштириш, айниқса қурилиш, хизмат кўрсатиш ва қишлоқ хўжалиги йўналишларида дуал таълим дастурларини кенгайтириш лозим.', NULL, NULL, 1, TRUE, '2026-04-28 12:00:00+05'::TIMESTAMPTZ);
INSERT INTO indicators (indicator_id, district_id, no, slide, slide_no, name, description, value, found, source_org, ai_insight, kpi_count, kpi_pct, load_no, final_flag, date_modify) VALUES (609, 16, 16, 3, '3', 'Меҳнат ресурслари', 'Инсон капитали ва меҳнат салоҳияти динамикаси', 'Меҳнат ресурслари (минг киши): 2021: 24,3 | 2022: 23,5 | 2023: 23,2 | 2024: 24 | 2025: 26,6 | Ўзгариш 2024→2025: +2,6 (+10,8%)', TRUE, 'Бандлик маркази', 'Меҳнат ресурслари барқарор ўсиб бормоқда. Бандликни ошириш учун маҳалла даражасида савдо, туризм ва енгил саноат соҳалари бўйича қисқа муддатли ўқув дастурларини кенгайтириш керак.', NULL, NULL, 1, TRUE, '2026-04-28 12:00:00+05'::TIMESTAMPTZ);
INSERT INTO indicators (indicator_id, district_id, no, slide, slide_no, name, description, value, found, source_org, ai_insight, kpi_count, kpi_pct, load_no, final_flag, date_modify) VALUES (610, 16, 17, 3, '3', 'Бандликни ошириш имкониятлари', 'Меҳнат бозори резервлари ва норасмий бандлик', 'Банд аҳоли (2025): 17718 киши (+3,1%) | Миграцияда (2025): 409 киши (+33,3%) | Норасмий секторда бандлик (2021): 7520 киши | Бандлиги таъминланадиган ахоли (2026): 5851 киши', TRUE, 'Бандлик маркази / ИИВ миграция', 'Бандликни ошириш учун маҳалла даражасида талаб юқори касблар рўйхатини шакллантириш керак. Норасмий секторни расмийлаштириш орқали солиқ базасини кенгайтириш мумкин.', NULL, NULL, 1, TRUE, '2026-04-28 12:00:00+05'::TIMESTAMPTZ);
INSERT INTO indicators (indicator_id, district_id, no, slide, slide_no, name, description, value, found, source_org, ai_insight, kpi_count, kpi_pct, load_no, final_flag, date_modify) VALUES (611, 16, 18, 3, '3', 'Ишсизлик кўрсаткичлари', '879 нафар ишсиз (4,7%)', 'Расмий ишсизлик (2025): 4,7% | Ишсизлар сони (2025): 879 киши | Ишсизлик тренди: 7,5% → 6,8% → 5,8% → 5,2% → 4,7% | Мақсад: 2027 йилгача 2,4% га тушириш', TRUE, 'Бандлик маркази', 'Ишсизликни 2027 йилгача 2,4% га тушириш учун ёшлар ва аёллар бўйича манзилли ишга жойлаштириш дастурлари ва қисқа муддатли касбий курсларни кенгайтириш лозим.', 879, 4.5, 1, TRUE, '2026-04-28 12:00:00+05'::TIMESTAMPTZ);
INSERT INTO indicators (indicator_id, district_id, no, slide, slide_no, name, description, value, found, source_org, ai_insight, kpi_count, kpi_pct, load_no, final_flag, date_modify) VALUES (612, 16, 19, 3, '3', 'Камбағаллик кўрсаткичлари', '635 та камбағал оила (3,5%)', 'Камбағаллик (2025): 3,5% | Камбағал оилалар (2025): 635 та | Тренд: 17,8% → 14,7% → 11,2% → 6,2% → 3,5% | Мақсад: 2026 йил охиригача 2.0% га тушириш', TRUE, 'Статистика бўлими / Ижтимоий ҳимоя', 'Камбағалликни янада камайтириш учун ҳар бир камбағал оилага мақсадли микрокредит ва субсидия пакети шакллантирилиши керак. Ижтимоий ёрдамни иш ва микролойиҳалар билан боғлаш зарур.', 635, 3.5, 1, TRUE, '2026-04-28 12:00:00+05'::TIMESTAMPTZ);
INSERT INTO indicators (indicator_id, district_id, no, slide, slide_no, name, description, value, found, source_org, ai_insight, kpi_count, kpi_pct, load_no, final_flag, date_modify) VALUES (613, 16, 20, 3, '3', '«Барқарор келажак» — ёшлар даромадини ошириш', 'Ёшлар бандлиги ва маош динамикаси', '2026 йилда даромади ошириладиган ёшлар: 78 нафар | Доимий ишга жойлаштириш: 50 нафар | Тадбиркор жалб қилиш: 7 нафар | Кредит ажратиш ҳисобига: 16 нафар | Қайта касбга ўқитиш: 5 нафар | Техникумлар: 59 дона | Ёшлар ишсизлиги (16-30 ёш): 1 489 киши | Аёллар ишсизлиги: 3 426 киши | Ўртача ойлик маош (минг сўм): 2 960 → 5 040 (+70%)', TRUE, 'Бандлик маркази', 'Ёшлар ишсизлиги 1 489 кишини ташкил этади. Дуал таълим ва тезкор қайта тайёрлаш дастурлари орқали ёшларни расмий бандликка жалб қилиш мумкин. Маош 70% га ошгани ижобий тренд.', NULL, NULL, 1, TRUE, '2026-04-28 12:00:00+05'::TIMESTAMPTZ);
INSERT INTO indicators (indicator_id, district_id, no, slide, slide_no, name, description, value, found, source_org, ai_insight, kpi_count, kpi_pct, load_no, final_flag, date_modify) VALUES (614, 16, 21, 3, '3', 'Аёллар бандлиги ва даромадини ошириш', 'Аёллар ишсизлиги ва ижтимоий қўллаб-қувватлаш', '2026 йил режаси: 184 та хотин-қиз | Доимий ишга жойлаштириш: 52 нафар | Ўзини-ўзи банд: 7 нафар | Маҳалла банкирлари (аёл): 8 нафар | Ишсиз аёллар: 3 426 та | Бола нафақаси олувчи: 4 634 оила', TRUE, 'Оила ва хотин-қизлар бўлими', '2026 режаси 184 киши — бор салоҳиятнинг атиги 5%. Ишсиз 3 426 аёлни инобатга олганда 1 500+ кишига чиқиш реал. Маҳалла даражасида 68 та «аёллар ишбилармонлик кластери» ташкил этиш тавсия этилади.', NULL, NULL, 1, TRUE, '2026-04-28 12:00:00+05'::TIMESTAMPTZ);
INSERT INTO indicators (indicator_id, district_id, no, slide, slide_no, name, description, value, found, source_org, ai_insight, kpi_count, kpi_pct, load_no, final_flag, date_modify) VALUES (615, 16, 22, 4, '4', 'Сунъий интеллект куни ва ходимлар малакаси', 'Банкда СИ кўникмаларини мунтазам ошириш дастури', 'Жами: СИ малака ошириш дастури (Хонобод филиали қамрови — 100%) | «Сунъий интеллект куни» — ҳар чоршанба | Онлайн ўқитиш тизими жорий (LMS) | Раҳбар ходимлар ўқувларни тўлиқ якунлади', TRUE, 'SQB', 'Хонобод филиали ходимларининг СИ саводхонлигини ошириш орқали мижозларга кредит ажратишда скоринг таҳлилларини тезлаштириш мумкин.', NULL, NULL, 1, TRUE, '2026-04-28 12:00:00+05'::TIMESTAMPTZ);
INSERT INTO indicators (indicator_id, district_id, no, slide, slide_no, name, description, value, found, source_org, ai_insight, kpi_count, kpi_pct, load_no, final_flag, date_modify) VALUES (616, 16, 23, 4, '4', 'Раҳбарлар ва банкирларни СИ га ўқитиш', 'Ҳоким, банк раҳбарлари ва маҳалла банкирларини босқичма-босқич ўқитиш', 'Жами: 4 босқичли СИ ўқитиш | 1-босқич: Ҳоким ва ўринбосарлар — стратегия | 2-босқич: Филиал раҳбарлари — скоринг ва риск | 3-босқич: Маҳалла банкирлари — мижоз хизмати | 4-босқич: МФЙ раислари — маълумотлар таҳлили', TRUE, 'SQB', 'Раҳбарларнинг СИ воситаларидан фойдаланиши маълумотлар асосида қарор қабул қилиш тезлигини 3 баробар оширади.', NULL, NULL, 1, TRUE, '2026-04-28 12:00:00+05'::TIMESTAMPTZ);
INSERT INTO indicators (indicator_id, district_id, no, slide, slide_no, name, description, value, found, source_org, ai_insight, kpi_count, kpi_pct, load_no, final_flag, date_modify) VALUES (617, 16, 24, 4, '4', 'Аҳолини СИ орқали тадбиркорликка ўқитиш', 'Фуқароларни СИ платформаси орқали касб танлаш ва тадбиркорликка тайёрлаш', 'СИ таҳлили: кўникма ва қизиқиш аниқланади | СИ-ментор (чатбот): индивидуал ўқув дастури | Тадбиркорлик: бизнес-режа + микрокредит | Касб: тайёр иш ўринларига йўналтириш', TRUE, 'SQB', 'СИ платформаси орқали ҳар бир фуқаро индивидуал баҳоланади. 879 нафар ишсиз ва 226 нафар аёлни мақсадли СИ тренинг дастурларига жалб қилиш тавсия этилади.', NULL, NULL, 1, TRUE, '2026-04-28 12:00:00+05'::TIMESTAMPTZ);
INSERT INTO indicators (indicator_id, district_id, no, slide, slide_no, name, description, value, found, source_org, ai_insight, kpi_count, kpi_pct, load_no, final_flag, date_modify) VALUES (618, 16, 25, 4, '4', '«SQB AI Advisor» — ақлли ёрдамчи платформа', 'Маҳалла банкирлари ва тадбиркорларга СИ ёрдами берувчи платформа', 'Жами: SQB AI Advisor функциялари | СИ маслаҳатчи чат-боти | Бизнес-режа генератори | Кредит мослаштириш | KPI мониторинг | Прогноз: даромадни ошириш тавсиялари', TRUE, 'SQB', '«SQB AI Advisor» маҳалла банкири ва тадбиркорларга СИ ёрдамини беради. NPL 2,1% га тушганини сақлаб қолиш учун кредит скоринги модулини фаоллаштириш муҳим.', NULL, NULL, 1, TRUE, '2026-04-28 12:00:00+05'::TIMESTAMPTZ);
INSERT INTO indicators (indicator_id, district_id, no, slide, slide_no, name, description, value, found, source_org, ai_insight, kpi_count, kpi_pct, load_no, final_flag, date_modify) VALUES (619, 16, 26, 4, '4', 'Маҳалла ихтисослашуви', 'Маҳаллаларнинг иқтисодий фаолият йўналишлари ва тоифаланиши', 'Жами: 15 та маҳалла | Типология: Оғир 2 та (Навоий, Оқ тоғ), Ўрта 6 та, Аъло 7 та | Савдо ва хизмат: 6 та МФЙ | Туризм хизмати: 4 та МФЙ | Ишлаб чиқариш: 2 та МФЙ | Деҳқончилик: 3 та МФЙ', TRUE, 'МФЙ агентлиги', '15 та маҳалладан 6 таси савдо ва хизматга, 4 таси туризмга ихтисослашган. Оғир тоифадаги 2 та маҳаллага (Навоий, Оқ тоғ) алоҳида «интенсив ёрдам пакети» тайёрлаш зарур.', NULL, NULL, 1, TRUE, '2026-04-28 12:00:00+05'::TIMESTAMPTZ);
INSERT INTO indicators (indicator_id, district_id, no, slide, slide_no, name, description, value, found, source_org, ai_insight, kpi_count, kpi_pct, load_no, final_flag, date_modify) VALUES (620, 16, 27, 4, '4', 'Маҳалла драйвер секторлари', 'Иқтисодий ўсишни таъминловчи асосий тармоқлар', 'Жами: 4 та драйвер сектор | Савдо ва хизмат: 40% | Туризм: 26,6% | Қишлоқ хўжалиги: 20% | Ишлаб чиқариш: 13,4%', TRUE, 'МФЙ агентлиги / SQB', 'Савдо ва хизмат кўрсатиш (40%) асосий драйвер. Туризм (26,6%) иккинчи ўринда — Хонободнинг туристик салоҳиятини янада ривожлантириш имконияти юқори. Ишлаб чиқариш (13,4%) улушини ошириш учун кичик саноат лойиҳаларини кўпайтириш тавсия этилади.', NULL, NULL, 1, TRUE, '2026-04-28 12:00:00+05'::TIMESTAMPTZ);
INSERT INTO indicators (indicator_id, district_id, no, slide, slide_no, name, description, value, found, source_org, ai_insight, kpi_count, kpi_pct, load_no, final_flag, date_modify) VALUES (621, 16, 28, 4, '4', '2026 йилда ташкил этиладиган лойиҳалар', 'Ҳудудий инвестиция лойиҳалари ва микролойиҳалар', 'Жами: 159 та лойиҳа, 1 153 та иш ўрни | Ҳудудий инвестиция лойиҳалари: 9 та | Қиймати: 44,7 млн доллар | Иш ўрни: 841 нафар | Микролойиҳалар: 150 та | Иш ўринлари: 312 нафар | Маҳаллалар: 15 та | Қиймати: 6,6 млрд сўм', TRUE, 'SQB / Шаҳар ҳокимияти', '2026 йилда 9 та ҳудудий инвестиция лойиҳаси (44,7 млн $, 841 иш ўрни) ва 150 та микролойиҳа (6,6 млрд сўм, 312 иш ўрни) режалаштирилган. Жами 1 153 та янги иш ўрни яратилади. Микролойиҳаларни 15 та маҳаллага тенг тақсимлаш ва лойиҳа скорингини кучайтириш тавсия этилади.', NULL, NULL, 1, TRUE, '2026-04-28 12:00:00+05'::TIMESTAMPTZ);
INSERT INTO indicators (indicator_id, district_id, no, slide, slide_no, name, description, value, found, source_org, ai_insight, kpi_count, kpi_pct, load_no, final_flag, date_modify) VALUES (622, 16, 29, 4, '4', '«Ҳар бир оила — тадбиркор» дастури', 'Оилавий тадбиркорлик учун имтиёзли кредит', 'Иштирокчи банклар: Халқ банки, Микрокредит банк | Фоиз ставкаси: 18% | Максимал сумма: 300 млн сўм | Муддат: 3 йилгача | Имтиёзли давр: 3–6 ой', TRUE, 'Марказий банк', 'Оилавий тадбиркорликни кўпайтириш учун SQB AI Advisor платформасидан фойдаланиш тавсия этилади.', NULL, NULL, 1, TRUE, '2026-04-28 12:00:00+05'::TIMESTAMPTZ);
INSERT INTO indicators (indicator_id, district_id, no, slide, slide_no, name, description, value, found, source_org, ai_insight, kpi_count, kpi_pct, load_no, final_flag, date_modify) VALUES (623, 16, 30, 4, '4', '«HAMROH» хотин-қизлар тадбиркорлиги', 'Хотин-қизлар учун махсус молиявий дастур', 'Иштирокчи банклар: SQB, Халқ банки, Микрокредит банк, Агро банк | Гаровсиз кредит: 100 млн сўмгача | Компания кафиллиги: 70%', TRUE, 'Марказий банк', 'HAMROH — хотин-қизлар тадбиркорлигини қўллаб-қувватлашнинг энг катта давлат дастури. 3 426 ишсиз аёлни жалб қилиш тавсия этилади.', NULL, NULL, 1, TRUE, '2026-04-28 12:00:00+05'::TIMESTAMPTZ);
INSERT INTO indicators (indicator_id, district_id, no, slide, slide_no, name, description, value, found, source_org, ai_insight, kpi_count, kpi_pct, load_no, final_flag, date_modify) VALUES (624, 16, 31, 4, '4', 'Ишсизлик юқори маҳаллалар', 'Ижтимоий реестрдаги оилалар ва ишсизлик юқори МФЙлар', 'Жами: 635 та оила ижтимоий реестрда (3,5%) | Истиқлол МФЙ: 66 та (7,6%) | Хон тоғ МФЙ: 53 та (7,3%) | Мустақиллик МФЙ: 54 та (6,5%) | 2026 йилда янги иш ўринлари: 5 851 нафар | Мақсад: ишсизлик даражасини 2,4% га тушириш', TRUE, 'SQB / МФЙ агентлиги', 'Ижтимоий реестрда 635 та оила (3,5%) мавжуд. Энг оғир аҳвол Истиқлол (7,6%), Хон тоғ (7,3%) ва Мустақиллик (6,5%) МФЙларида. 2026 йилда 5 851 та янги иш ўрни яратиш ва ишсизликни 2,4% га тушириш учун шу 3 та МФЙга манзилли бандлик дастурларини йўналтириш тавсия этилади.', NULL, NULL, 1, TRUE, '2026-04-28 12:00:00+05'::TIMESTAMPTZ);
INSERT INTO indicators (indicator_id, district_id, no, slide, slide_no, name, description, value, found, source_org, ai_insight, kpi_count, kpi_pct, load_no, final_flag, date_modify) VALUES (625, 16, 32, 5, '5', 'Тадбиркорлик саноат зонаси', 'Мавжуд саноат зонаси — инвестиция ва иш ўрни яратиш платформаси', 'Лойиҳалар: 69 та | Банд иш ўрни: 960 та | Ер фойдаланиш: 80% | Зона ихтисослашуви: Ишлаб чиқариш, енгил саноат | 2026 саноат лойиҳалари: 36 та, 455,9 млрд сўм, 839 иш ўрни', TRUE, 'Ҳокимият / SQB', 'Саноат зонасидан 80% фойдаланилаётган. Қолган 20% ни «Индустриал лофт» (кўп қаватли ишлаб чиқариш) моделига ўтиш орқали 2-3 ҳисса самарадор ишлатиш мумкин.', NULL, NULL, 1, TRUE, '2026-04-28 12:00:00+05'::TIMESTAMPTZ);
INSERT INTO indicators (indicator_id, district_id, no, slide, slide_no, name, description, value, found, source_org, ai_insight, kpi_count, kpi_pct, load_no, final_flag, date_modify) VALUES (626, 16, 33, 5, '5', 'Импорт ўрнини босиш салоҳияти', 'Импорт экспортдан 4 баравар юқори — ички ишлаб чиқариш учун катта бозор', 'Импорт-экспорт фарқи: 262,4 млн $ | Импорт: 351,3 млн $ | Экспорт: 88,9 млн $ | Дефицит товарлар: гўшт, сут, қурилиш материаллари, дорилар, кимёвий маҳсулотлар | КПИ мақсади: 30% импорт ўрнини босиш', TRUE, 'Ҳокимият / Статистика', 'Йилига $262 млн лик импорт-экспорт дисбаланси — тайёр ички бозор. 5 та дефицит товардан 3 таси маҳаллий ресурслар асосида ишлаб чиқарилиши мумкин. 2027 йилгача импорт ўрнини босишни 25% гача ошириш керак.', NULL, NULL, 1, TRUE, '2026-04-28 12:00:00+05'::TIMESTAMPTZ);
INSERT INTO indicators (indicator_id, district_id, no, slide, slide_no, name, description, value, found, source_org, ai_insight, kpi_count, kpi_pct, load_no, final_flag, date_modify) VALUES (627, 16, 34, 5, '5', 'Демографик зичлик ва ички истеъмол бозори', 'Ҳар 1 км² га 3 733 киши — республикадаги энг юқори кўрсаткичлардан бири', 'Аҳоли: 319,6 минг киши | Аҳоли зичлиги: 3 733 киши/км² | Оилалар: 87 141 та | Хонадонлар: 69 085 та | Жон бошига саноат: 29,7 млн сўм | Товар айланмаси: 6 589 млрд сўм', TRUE, 'stat.uz', 'Юқори зичлик — тайёр, компакт ва харид қобилияти мавжуд истеъмол бозори. E-commerce, маҳаллий брендлар ва экспресс-логистика учун идеал шароит.', NULL, NULL, 1, TRUE, '2026-04-28 12:00:00+05'::TIMESTAMPTZ);
INSERT INTO indicators (indicator_id, district_id, no, slide, slide_no, name, description, value, found, source_org, ai_insight, kpi_count, kpi_pct, load_no, final_flag, date_modify) VALUES (628, 16, 35, 5, '5', 'Хотин-қизлар тадбиркорлиги ва бандлиги', 'Аёллар даромадини ошириш дастури', '2026 режа: 184 та хотин-қиз | 1-чорак амалда: 39 та | Доимий иш: 52 та | Ўзини-ўзи банд: 7 та | Ишсиз аёллар: 3 426 та | Бола нафақаси олувчи: 4 634 оила', TRUE, 'Оила ва хотин-қизлар бўлими / SQB', 'Режа 184 киши — салоҳиятнинг атиги 5%. 1 500+ кишига чиқиш реал. 68 та «аёллар кластери» ташкил этиш, уй-ишлаб чиқариш учун кредитни 100 млрд сўмгача ошириш тавсия этилади.', NULL, NULL, 1, TRUE, '2026-04-28 12:00:00+05'::TIMESTAMPTZ);
INSERT INTO indicators (indicator_id, district_id, no, slide, slide_no, name, description, value, found, source_org, ai_insight, kpi_count, kpi_pct, load_no, final_flag, date_modify) VALUES (629, 16, 36, 5, '5', 'Микролойиҳалар фабрикаси', 'Аҳоли тадбиркорлигини оммавийлаштириш', 'Микролойиҳалар: 800 та | Иш ўринлари: 1 320 та | Молиялаштириш: 35,5 млрд сўм | 2026 режа: 680 та янги микролойиҳа | Оилавий тадбиркорлик NPL: 32% (юқори) | Маҳаллий банкирлар: 14 та (8 аёл, 6 эркак)', TRUE, 'SQB / Ҳокимият', 'Микролойиҳалар самарали иш ўрни механизми. Аммо NPL 32% — огоҳлантирувчи. Банкирларни 68 тагача кенгайтириш, AI скоринг тизими жорий этиш ва кредит олишдан олдин 8 соатлик мажбурий тайёргарлик модули тавсия этилади.', NULL, NULL, 1, TRUE, '2026-04-28 12:00:00+05'::TIMESTAMPTZ);
INSERT INTO indicators (indicator_id, district_id, no, slide, slide_no, name, description, value, found, source_org, ai_insight, kpi_count, kpi_pct, load_no, final_flag, date_modify) VALUES (630, 16, 37, 5, '5', 'ТТИ ўсиши ва инвестиция', '5 йилда 26 баравар ўсиш — инвесторлар учун жозибадор шаҳар', 'ТТИ (2025): 332 млн $ | 2021 йил: 12,2 млн $ | Ўсиш: 27 баравар (5 йилда) | 2026 режа: 415 млрд сўм | 2031 режа: 700 млрд сўм', TRUE, 'Ҳокимият / Марказий банк', 'ТТИнинг 12,2 → 332 млн $ га ўсиши рекорд. Бироқ диверсификация зарур. «Хонобод Инвест Промоушн» офисини ташкил этиш ва 15 та корхонани «экспорт чемпионлари» дастурига киритиш тавсия этилади.', NULL, NULL, 1, TRUE, '2026-04-28 12:00:00+05'::TIMESTAMPTZ);
INSERT INTO indicators (indicator_id, district_id, no, slide, slide_no, name, description, value, found, source_org, ai_insight, kpi_count, kpi_pct, load_no, final_flag, date_modify) VALUES (631, 16, 38, 5, '5', 'Туризм ва ҳунармандчилик инфратузилмаси', '3 та туристик маршрут ва маҳаллаларда туризм', 'Инвестиция (2027 режа): 42 млрд сўм | 1-маршрут: Янги чорсу | 2-маршрут: Туғонбоши, Ғиштли масжид, Азиз тепа, Оқ олтин | 3-маршрут: Исфара, Калвак, Қаймоқ гузарлари | Туризмда иш ўрни (2026): 327 та | 2027 режа: 420 та', TRUE, 'Ҳокимият', '42 млрд сўм инвестиция катализатор. 3 та маршрутни рақамли харита + AR/QR-аудиогид билан таъминлаш, «Хонобод тажриба пакети» остида ҳунармандчилик + гастротуризм + агротуризмни бирлаштириш тавсия этилади.', NULL, NULL, 1, TRUE, '2026-04-28 12:00:00+05'::TIMESTAMPTZ);
INSERT INTO indicators (indicator_id, district_id, no, slide, slide_no, name, description, value, found, source_org, ai_insight, kpi_count, kpi_pct, load_no, final_flag, date_modify) VALUES (632, 16, 39, 5, '5', 'Стратегик ҳолат ва ривожланиш ўрни', 'Вилоят бўйича 2-ўрин — барқарор ўсиш тренди', 'Рейтинг: 2-ўрин (19 шаҳар орасида) | Саноат ўсиши (2021→2025): 5 145 → 9 410 (+83%) | Камбағаллик: 10,1% → 4,2% | Маош: 2 960 → 5 040 минг сўм | Аҳоли: 259,7 → 319,6 минг | Ижобий кутиш: 72%', TRUE, 'SQB / Ҳокимият', 'Хонобод 4 йилда иқтисодиётни 83% га оширди, камбағалликни 10,1% дан 4,2% гача тушурди. Кейинги босқичда «миқдорий ўсиш»дан «сифат ўсиши»га ўтиш керак. Мақсад: 2030 йилга вилоятда 1-ўрин.', NULL, NULL, 1, TRUE, '2026-04-28 12:00:00+05'::TIMESTAMPTZ);
INSERT INTO indicators (indicator_id, district_id, no, slide, slide_no, name, description, value, found, source_org, ai_insight, kpi_count, kpi_pct, load_no, final_flag, date_modify) VALUES (633, 16, 40, 6, '6', 'Қисқа муддатли режа (0-12 ой) — 2026 йил', '679 миллиард сўмлик лойиҳалар портфели', 'Жами лойиҳалар: 59 та | Умумий инвестиция: 679,2 млрд сўм | Иш ўрни режаси: 1 154 та | Саноат: 36 та, 455,9 млрд | Хизмат: 23 та, 223,1 млрд | Микролойиҳалар: 680 та | 2026 кредит режа: 890 млрд сўм', TRUE, 'Ҳокимият / SQB', '2026 «лойиҳаларни ишга тушириш йили» сифатида эълон қилиниши керак. «Бир дарча» хизмати — 21 кун ичида ер/рухсат/кредит пакети. 890 млрд кредит режасидан 30% кичик бизнесга ажратилиши шарт.', NULL, NULL, 1, TRUE, '2026-04-28 12:00:00+05'::TIMESTAMPTZ);
INSERT INTO indicators (indicator_id, district_id, no, slide, slide_no, name, description, value, found, source_org, ai_insight, kpi_count, kpi_pct, load_no, final_flag, date_modify) VALUES (634, 16, 41, 6, '6', 'Ўрта муддатли режа (1-3 йил) — 2026-2028', 'Туризм кластери, саноат зонаси кенгайтириш, экспорт экспансияси', '3 та стратегик йўналиш | 1: Туризм маршрутлари (42 млрд сўм) | 2: Саноат зонаси кенгайтириш + 10 та импорт ўрнини босувчи лойиҳа | 3: Экспорт 88,9 → 150 млн $ | Инвестиция (2028): 450 млрд сўм | Иш ўрни (2027): 2 520 та', TRUE, 'Ҳокимият', 'Ўрта муддатли калит — «импорт → экспорт» бурилиши. 351 млн $ импортдан камида 60 млн $ ни маҳаллий ишлаб чиқариш билан алмаштириш + экспортни 150 млн $ гача ошириш ташқи савдо балансини 150 млн $ га яхшилайди.', NULL, NULL, 1, TRUE, '2026-04-28 12:00:00+05'::TIMESTAMPTZ);
INSERT INTO indicators (indicator_id, district_id, no, slide, slide_no, name, description, value, found, source_org, ai_insight, kpi_count, kpi_pct, load_no, final_flag, date_modify) VALUES (635, 16, 42, 6, '6', 'Узоқ муддатли режа (3-5 йил) — 2029-2031', 'Логистика маркази ва Технопарк', '2 та мега-лойиҳа | 1: «Қуруқ порт» логистика маркази (темир йўлга 1,1 км) | 2: IT/Технопарк — рақамли иқтисодиёт маркази | 2031 инвестиция: 700 млрд сўм | КЎК→Йирик: 15 → 50 корхона | ТТИ мақсад (2031): 500 млн $ | Интернет: 100%, 128 Мбит/с', TRUE, 'Ҳокимият / SQB', 'Темир йўл станциясигача 1,1 км — Хонободни «Қуруқ порт» ва транзит логистика ҳуби сифатида ривожлантириш учун стратегик имконият. Технопарк 2 000+ юқори ҳақ тўланадиган иш ўрни яратади.', NULL, NULL, 1, TRUE, '2026-04-28 12:00:00+05'::TIMESTAMPTZ);
INSERT INTO indicators (indicator_id, district_id, no, slide, slide_no, name, description, value, found, source_org, ai_insight, kpi_count, kpi_pct, load_no, final_flag, date_modify) VALUES (636, 16, 43, 6, '6', 'КПИ мақсадлари 2026', 'Аниқ рақамли мақсадлар', '6 та КПИ | Янги иш ўринлари: 2 364 та | Янги тадбиркорлар: 700 та | Аҳоли даромади ўсиши: +17% | Импорт ўрнини босиш: 30% | Кредит қайтариш: 95,5% | NPL: 1,2%', TRUE, 'Ҳокимият', '6 та КПИ орасида NPL 2,1% → 1,2% (оилавий тадбиркорлик NPL 32% инобатга олганда амбициоз). КПИларни ҳар чоракда очиқ рейтингда чиқариш ва энг яхши/ортда қолган МФЙларга мос чора кўриш тавсия этилади.', NULL, NULL, 1, TRUE, '2026-04-28 12:00:00+05'::TIMESTAMPTZ);
INSERT INTO indicators (indicator_id, district_id, no, slide, slide_no, name, description, value, found, source_org, ai_insight, kpi_count, kpi_pct, load_no, final_flag, date_modify) VALUES (637, 16, 44, 6, '6', 'Инвестиция тренди ва молиявий калибрлаш 2026-2031', '415 → 700 млрд сўм — йиллик 10-12% ўсиш', '6 йиллик режа | 2026: 415 млрд | 2027: 430 млрд | 2028: 450 млрд | 2029: 500 млрд | 2030: 600 млрд | 2031: 700 млрд | Жами: ~3 095 млрд сўм', TRUE, 'Ҳокимият / SQB', '3,1 трлн сўмлик дастур учун 3 манба: банк кредитлари 45%, давлат бюджети 25%, хусусий/хорижий инвестициялар 30%. 2027 йилдан «маҳаллий облигация» чиқариш ва халқаро ташкилотлар билан лойиҳалар очиш тавсия этилади.', NULL, NULL, 1, TRUE, '2026-04-28 12:00:00+05'::TIMESTAMPTZ);
INSERT INTO indicators (indicator_id, district_id, no, slide, slide_no, name, description, value, found, source_org, ai_insight, kpi_count, kpi_pct, load_no, final_flag, date_modify) VALUES (638, 16, 45, 6, '6', 'Маҳалла тоифалаш ва дифференциал ёндашув', '68 та МФЙ — ҳар тоифага ўз чораси', 'Жами: 68 та маҳалла | Оғир: 2 та (Янги чорсув, Мўйимуборак) | Ўрта: 7 та | Енгил: 39 та | Яхши: 20 та | Драйвер тармоқлар: Савдо, енгил саноат, туризм, хизмат | Мутахассислик: 23 та ишлаб чиқариш, 41 та савдо, 3 та чорвачилик, 1 та паррандачилик', TRUE, 'МФЙ агентлиги / SQB', 'Ҳар тоифа учун алоҳида паспорт: 2 та Оғир — «интенсив ёрдам», 7 та Ўрта — «ривожлантириш», 39 та Енгил — «мустаҳкамлаш», 20 та Яхши — «экспорт чемпионлари». Чора-тадбирларнинг 60% и 9 та муаммоли МФЙга йўналтирилиши керак.', NULL, NULL, 1, TRUE, '2026-04-28 12:00:00+05'::TIMESTAMPTZ);
INSERT INTO districts (district_id, region_id, slug, name_uz, name_ru, name_en, district_name, json_file, has_data, type, year, total_cards, load_no, final_flag, date_modify) VALUES (17, 7, 'andijan_vil', 'Андижон вилояти', 'Андижанская область', 'Andijan Region', '', 'andijan.json', FALSE, 'viloyat', NULL, 0, 1, TRUE, '2026-04-28 12:00:00+05'::TIMESTAMPTZ);
INSERT INTO districts (district_id, region_id, slug, name_uz, name_ru, name_en, district_name, json_file, has_data, type, year, total_cards, load_no, final_flag, date_modify) VALUES (18, 7, 'shahrixon', 'Шаҳрихон', 'Шахрихан', 'Shahrixon', 'Шаҳрихон тумани', 'shahrixon.json', TRUE, NULL, 2026, 41, 1, TRUE, '2026-04-28 12:00:00+05'::TIMESTAMPTZ);
INSERT INTO hero_kpis (hero_kpi_id, district_id, metric_name, metric_value, metric_unit, load_no, final_flag, date_modify) VALUES (53, 18, 'Аҳоли', 337.3, 'минг киши', 1, TRUE, '2026-04-28 12:00:00+05'::TIMESTAMPTZ);
INSERT INTO hero_kpis (hero_kpi_id, district_id, metric_name, metric_value, metric_unit, load_no, final_flag, date_modify) VALUES (54, 18, 'Маҳалла', 79, 'та', 1, TRUE, '2026-04-28 12:00:00+05'::TIMESTAMPTZ);
INSERT INTO hero_kpis (hero_kpi_id, district_id, metric_name, metric_value, metric_unit, load_no, final_flag, date_modify) VALUES (55, 18, 'Оила', 91907, 'та', 1, TRUE, '2026-04-28 12:00:00+05'::TIMESTAMPTZ);
INSERT INTO hero_kpis (hero_kpi_id, district_id, metric_name, metric_value, metric_unit, load_no, final_flag, date_modify) VALUES (56, 18, 'Хонадон', 72851, 'та', 1, TRUE, '2026-04-28 12:00:00+05'::TIMESTAMPTZ);
INSERT INTO indicators (indicator_id, district_id, no, slide, slide_no, name, description, value, found, source_org, ai_insight, kpi_count, kpi_pct, load_no, final_flag, date_modify) VALUES (639, 18, 1, 1, '1', 'Шаҳарнинг макроиқтисодий кўрсаткичлари', 'Саноат, хизматлар ва экспорт ҳажми динамикаси (2021–2025)', 'Саноат ҳажми (млрд сўм): 2021: 1059,5 | 2022: 1387,2 | 2023: 1423,2 | 2024: 1973,7 | 2025: 3152,8 | Хизматлар ҳажми (млрд сўм): 2021: 854,6 | 2022: 958,4 | 2023: 1176,2 | 2024: 1401,8 | 2025: 2005,8 | Экспорт ҳажми (млн $): 2021: 36,1 | 2022: 67,5 | 2023: 36,9 | 2024: 114,6 | 2025: 115,7 | Янги корхоналар (2025): 282 та', TRUE, 'Статистика бўлими', '2025 йилда саноат ҳажми қарийб 60% га ўсганлиги туманнинг иқтисодий салоҳияти кескин ошганини кўрсатади. 2026 йилда ушбу суръатни сақлаб қолиш учун экспорт ҳажмини 150 млн доллардан оширишга эътибор қаратиш лозим. Хизматлар соҳасидаги 2 трлн сўмлик натижани рақамли хизматлар ҳисобига кенгайтириш тавсия этилади.', NULL, NULL, 1, TRUE, '2026-04-28 12:00:00+05'::TIMESTAMPTZ);
INSERT INTO indicators (indicator_id, district_id, no, slide, slide_no, name, description, value, found, source_org, ai_insight, kpi_count, kpi_pct, load_no, final_flag, date_modify) VALUES (640, 18, 2, 1, '1', 'Шаҳар иқтисодиётининг 4 та драйвери', 'Ихтисослашув ва тармоқлар улуши', 'Жами: 4 та драйвер | Қишлоқ хўжалиги: 48,4% (мева-сабзавот ва ғаллачилик) | Саноат: 31,5% (тўқимачилик, трикотаж, чарм-пойабзал) | Хизмат кўрсатиш: 20,1% (савдо, маиший хизмат, транспорт) | Ҳунармандчилик: пичоқчилик ва косибчилик мактаби', TRUE, 'Статистика бўлими / Ҳокимият', '2026 йилда иқтисодиётни диверсификация қилиш орқали саноат улушини ошириш зарур. Қишлоқ хўжалиги маҳсулотларини шу ернинг ўзида қайта ишлаб, тайёр озиқ-овқат саноати маҳсулотлари сифатида экспорт қилиш «драйвер» соҳалар ўртасидаги занжирни мустаҳкамлайди.', NULL, NULL, 1, TRUE, '2026-04-28 12:00:00+05'::TIMESTAMPTZ);
INSERT INTO indicators (indicator_id, district_id, no, slide, slide_no, name, description, value, found, source_org, ai_insight, kpi_count, kpi_pct, load_no, final_flag, date_modify) VALUES (641, 18, 3, 1, '1', 'Саноат маҳсулотлари ишлаб чиқариш динамикаси', '2021-2026 йиллар давомида саноат ҳажми ўзгариши', 'Саноат ҳажми (млрд сўм): 2021: 1059,5 | 2022: 1387,2 | 2023: 1423,2 | 2024: 1973,7 | 2025: 3152,8 | 2026 (прогноз): ~3850,0 (122% ўсиш)', TRUE, 'Статистика бўлими', '2025 йилда кичик бизнес саноатнинг асосий қисмини (3,1 трлн сўм) таъминлади. 2026 йилда саноат ўсишини таъминлаш учун йирик корхоналар ишлаб чиқариш қувватларини модернизация қилиш ва янги кичик саноат зоналарини (КСЗ) тўлиқ ишга тушириш талаб этилади.', NULL, NULL, 1, TRUE, '2026-04-28 12:00:00+05'::TIMESTAMPTZ);
INSERT INTO indicators (indicator_id, district_id, no, slide, slide_no, name, description, value, found, source_org, ai_insight, kpi_count, kpi_pct, load_no, final_flag, date_modify) VALUES (642, 18, 4, 1, '1', 'Маҳаллий бюджет', 'Бюджет тушумлари динамикаси (2021–2026)', 'Бюджет тушумлари (млрд сўм): 2021: 30,2 | 2022: 38,1 | 2023: 67,1 | 2024: 82,6 | 2025: 169,3 | 2026 (прогноз): 190,0+', TRUE, 'Статистика бўлими', '2025 йилда бюджет тушумларининг кескин ошиши (169,3 млрд сўм) солиқ интизомининг яхшиланганидан далолат беради. 2026 йилда маҳаллий бюджет эркинлигини ошириш учун «Маҳаллабай» тизими орқали яширин иқтисодиётни қисқартириш ва тадбиркорларга берилган имтиёзларнинг самарадорлигини таҳлил қилиш керак.', NULL, NULL, 1, TRUE, '2026-04-28 12:00:00+05'::TIMESTAMPTZ);
INSERT INTO indicators (indicator_id, district_id, no, slide, slide_no, name, description, value, found, source_org, ai_insight, kpi_count, kpi_pct, load_no, final_flag, date_modify) VALUES (643, 18, 5, 1, '1', 'Ажратилган кредитлар', '2025 йил якуни бўйича кредитлаш ҳолати', 'Умумий кредитлаш: 1 622,4 млрд сўм | Давлат бюджети ҳисобидан: 285,4 млрд сўм | Микрокредитлар: 1 227 млрд сўм | Оилавий тадбиркорлик: 37 млрд сўм', TRUE, 'Марказий банк / SQB', '2026 йилда кредит сиёсатини «Loyiha fabrikasi» томонидан ишлаб чиқилган 133,7 млрд сўмлик 16 та устувор лойиҳага йўналтириш лозим. Айниқса, дефицит товарлар (сут, гўшт, қурилиш материаллари) ишлаб чиқарувчи тадбиркорларни молиялаштириш туманнинг импортга қарамлигини камайтиради.', NULL, NULL, 1, TRUE, '2026-04-28 12:00:00+05'::TIMESTAMPTZ);
INSERT INTO indicators (indicator_id, district_id, no, slide, slide_no, name, description, value, found, source_org, ai_insight, kpi_count, kpi_pct, load_no, final_flag, date_modify) VALUES (644, 18, 6, 1, '1', 'Google Trends иқтисодий фаоллик', 'Транспорт фаоллиги ва рақамли қизиқиш кўрсаткичлари', 'Юк айланмаси: 2 118,4 минг тонна | Йўловчи ташиш: 25 209,3 минг киши | Рақамли қизиқиш: Ҳунармандчилик ва савдо бўйича қидирув сўровлари юқори', TRUE, 'Google Trends таҳлили', 'Юқори мобиллик ва юк айланмаси Шаҳрихонни водийнинг муҳим логистика хабига айлантирмоқда. 2026 йилда ҳудудий маркетплейсларни ривожлантириш ва маҳаллий маҳсулотларни онлайн реклама қилиш орқали савдо ҳажмини яна 15-20% га ошириш имконияти мавжуд.', NULL, NULL, 1, TRUE, '2026-04-28 12:00:00+05'::TIMESTAMPTZ);
INSERT INTO indicators (indicator_id, district_id, no, slide, slide_no, name, description, value, found, source_org, ai_insight, kpi_count, kpi_pct, load_no, final_flag, date_modify) VALUES (645, 18, 7, 2, '2', 'Ичимлик суви билан таъминланганлик', 'Аҳолини тоза ичимлик суви билан таъминлаш динамикаси (%)', 'Таъминланганлик (%): 2021: 65,0 | 2022: 75,0 | 2023: 76,0 | 2024: 80,0 | 2025: 84,0 | 2026 (прогноз): 88+ (%)', TRUE, 'Сув хўжалиги', 'Ичимлик суви билан таъминланиш даражаси барқарор ўсиб бораётгани (5 йил ичида +19%) ижобий кўрсаткич. 2026 йилда чекка маҳаллаларда янги сув тармоқларини қуришни давом эттириш ва сув исрофини камайтириш учун рақамли ҳисоблагичлар тизимини тўлиқ жорий этиш тавсия этилади.', NULL, NULL, 1, TRUE, '2026-04-28 12:00:00+05'::TIMESTAMPTZ);
INSERT INTO indicators (indicator_id, district_id, no, slide, slide_no, name, description, value, found, source_org, ai_insight, kpi_count, kpi_pct, load_no, final_flag, date_modify) VALUES (646, 18, 8, 2, '2', 'Ички йўллар таъмирланиш даражаси', 'Йўллар узунлиги ва асфальтланган улуши', 'Жами: Йўллар таҳлили | Йўллар узунлиги: 68 км | Асфальтланган йўллар улуши (2025): 6,2% | Суғориш каналлари бетонлаш: 35,1%', TRUE, 'Йўл хўжалиги / Ҳокимият', 'Қаттиқ қопламали йўллар улуши (6,2%) жуда паст даражада қолмоқда. Бу иқтисодий фаоллик ва логистика учун асосий тўсиқдир. 2026 йилда «Ташаббусли бюджет» ва давлат дастурлари доирасида ички йўлларни асфальтлаш ва шағаллаштириш ишларини камида 3-4 бараварга жадаллаштириш стратегик аҳамиятга эга.', NULL, NULL, 1, TRUE, '2026-04-28 12:00:00+05'::TIMESTAMPTZ);
INSERT INTO indicators (indicator_id, district_id, no, slide, slide_no, name, description, value, found, source_org, ai_insight, kpi_count, kpi_pct, load_no, final_flag, date_modify) VALUES (647, 18, 9, 2, '2', 'Электр таъминоти сифат даражаси', 'Электр тармоқлари ҳолати ва модернизация эҳтиёжи', 'Жами: Энергия таъминоти таҳлили | Электр узилишлари: Ойига ўртача 2,2 марта | Трансформаторлар: 35% эскирган | Линиялар: 25% алмаштириш зарур | Интернет қоплами: 100%, тезлик 128 Мбит/с', TRUE, 'Электр тармоқлари / Ҳокимият', 'Электр тармоқларининг эскирганлиги саноат зоналарининг тўлиқ қувватда ишлашига халақит бериши мумкин. 2026 йилда инвестиция дастурларини эскирган 35% трансформаторларни янгилашга йўналтириш ва муқобил энергия манбаларини (қуёш панеллари) саноат корхоналарига кенг жорий этиш лозим.', NULL, NULL, 1, TRUE, '2026-04-28 12:00:00+05'::TIMESTAMPTZ);
INSERT INTO indicators (indicator_id, district_id, no, slide, slide_no, name, description, value, found, source_org, ai_insight, kpi_count, kpi_pct, load_no, final_flag, date_modify) VALUES (648, 18, 10, 2, '2', 'Ер тоифалари бўйича рўйхат', 'Ер фонди таркиби ва саноат зоналари', 'Жами: Ер ресурслари таҳлили | Умумий майдон: 28 827 га | Суғориладиган ер: 16 065 га | КСЗ: 59 та лойиҳа | Ёшлар КСЗ: 37 та лойиҳа | Ердан фойдаланиш: 100%', TRUE, 'Кадастр агентлиги / Ҳокимият', 'Саноат зоналаридаги ерлардан фойдаланиш коэффициенти 100% га етгани иқтисодий фаоллик юқорилигини кўрсатади. 2026 йилда янги саноат зоналари учун қўшимча ер майдонларини ажратиш ёки мавжудларини вертикал кенгайтириш (кўп қаватли кичик саноат бинолари) имкониятларини кўриб чиқиш зарур.', NULL, NULL, 1, TRUE, '2026-04-28 12:00:00+05'::TIMESTAMPTZ);
INSERT INTO indicators (indicator_id, district_id, no, slide, slide_no, name, description, value, found, source_org, ai_insight, kpi_count, kpi_pct, load_no, final_flag, date_modify) VALUES (649, 18, 11, 2, '2', 'Жамоат транспортидан фойдаланиш', 'Транспорт инфратузилмаси ва йўловчи айланмаси', 'Вилоят марказигача: 30 км | Темир йўл станциясигача: 4 км | Йўловчи ташиш (йиллик): 25 209,3 минг киши', TRUE, 'Йўл хўжалиги / Статистика бўлими', 'Йўловчи ташиш ҳажми юқорилигини ҳисобга олиб, туман ичидаги жамоат транспорти йўналишларини маҳаллалар кесимида оптималлаштириш керак. 2026 йилда экологик тоза транспорт (электробуслар) улушини ошириш ва бекатларда рақамли таблоларни ўрнатиш йўловчилар оқимини бошқаришда самара беради.', NULL, NULL, 1, TRUE, '2026-04-28 12:00:00+05'::TIMESTAMPTZ);
INSERT INTO indicators (indicator_id, district_id, no, slide, slide_no, name, description, value, found, source_org, ai_insight, kpi_count, kpi_pct, load_no, final_flag, date_modify) VALUES (650, 18, 12, 2, '2', 'Мактабгача таълим қамрови', 'МТТга қамраб олиш даражаси динамикаси (%)', 'МТТ қамрови (%): 2023: 79,7 | 2024: 79,1 | 2025: 78,5 | 2026 (прогноз): 82,0 (%)', TRUE, 'Мактабгача ва мактаб таълими бўлими', 'Сўнгги уч йил ичида қамров даражасининг бироз пасайиши (79,7% дан 78,5% гача) аҳоли ўсиш суръатининг боғчалардаги янги ўринлар яратилиш суръатидан юқори эканлигини англатади. 2026 йилда «Loyiha fabrikasi» доирасида нодавлат МТТлар тармоғини кенгайтириш зарур.', NULL, NULL, 1, TRUE, '2026-04-28 12:00:00+05'::TIMESTAMPTZ);
INSERT INTO indicators (indicator_id, district_id, no, slide, slide_no, name, description, value, found, source_org, ai_insight, kpi_count, kpi_pct, load_no, final_flag, date_modify) VALUES (651, 18, 13, 3, '3', 'Меҳнат ресурслари', 'Меҳнат ресурслари динамикаси ва бандлик кўрсаткичлари', 'Меҳнат ресурслари (минг киши): 2021: 143,7 | 2022: 148,3 | 2023: 154,6 | 2024: 160,5 | 2025: 165,8', TRUE, 'Бандлик маркази', 'Меҳнат ресурслари барқарор ўсиб бормоқда — 2021–2025 йилларда +22,1 минг кишига кўпайди. Бандликни ошириш учун маҳалла даражасида тўқимачилик ва савдо соҳалари бўйича қисқа муддатли ўқув дастурларини кенгайтириш зарур.', NULL, NULL, 1, TRUE, '2026-04-28 12:00:00+05'::TIMESTAMPTZ);
INSERT INTO indicators (indicator_id, district_id, no, slide, slide_no, name, description, value, found, source_org, ai_insight, kpi_count, kpi_pct, load_no, final_flag, date_modify) VALUES (652, 18, 14, 3, '3', 'Бандликни ошириш имкониятлари', 'Меҳнат бозори резервлари ва миграция динамикаси', 'Банд аҳоли (2025): 108 453 киши (+3,1%) | Норасмий секторда бандлик (2021): 41 183 киши | Хорижга кетган мигрантлар: 2021: 4912 | 2022: 4510 | 2023: 4430 | 2024: 4265 | 2025: 2854 (−33,1%)', TRUE, 'Бандлик маркази / ИИВ миграция', 'Бандликни ошириш учун маҳалла даражасида талаб юқори бўлган касблар рўйхатини шакллантириб, шу йўналишларда қисқа муддатли ўқув ва амалиёт дастурларини кенгайтириш керак. Норасмий секторни расмийлаштириш самарали натижа беради.', NULL, NULL, 1, TRUE, '2026-04-28 12:00:00+05'::TIMESTAMPTZ);
INSERT INTO indicators (indicator_id, district_id, no, slide, slide_no, name, description, value, found, source_org, ai_insight, kpi_count, kpi_pct, load_no, final_flag, date_modify) VALUES (653, 18, 15, 3, '3', 'Ишсизлик кўрсаткичлари', 'Ишсизлик даражаси ва сонининг пасайиш тренди', 'Ишсизлик (%): 2021: 9,7 | 2022: 9,0 | 2023: 6,8 | 2024: 5,3 | 2025: 4,8 (%) | Ишсизлар сони (2025): 6 533 киши (−9,2%) | Мақсад: 2027 йилгача 2,0% га тушириш', TRUE, 'Бандлик маркази', 'Ишсизликни 2% га тушириш учун ёшлар ва аёллар бўйича манзилли ишга жойлаштириш дастурлари ва қисқа муддатли касбий курсларни кенгайтириш лозим. Ҳар бир маҳаллада талаб юқори касблар бўйича тезкор ўқитиш ва микролойиҳаларга жалб қилиш механизмини кучайтириш зарур.', 6533, 4.8, 1, TRUE, '2026-04-28 12:00:00+05'::TIMESTAMPTZ);
INSERT INTO indicators (indicator_id, district_id, no, slide, slide_no, name, description, value, found, source_org, ai_insight, kpi_count, kpi_pct, load_no, final_flag, date_modify) VALUES (654, 18, 16, 3, '3', 'Камбағаллик кўрсаткичлари', 'Камбағалликни қисқартириш динамикаси', 'Камбағаллик даражаси (2025): 2,9% (−70,1%) | Камбағал оилалар (2025): 2 220 та (−71,7%) | Кам таъминланган оилалар: 2 017 та | Мақсад: 2027 йилгача янада камайтириш', TRUE, 'Статистика бўлими / МФЙ', 'Камбағалликни 1% га тушириш учун ҳар бир камбағал оилага мақсадли микрокредит ва субсидия пакети шакллантирилиши керак. Ижтимоий ёрдамни иш ва микролойиҳалар билан боғлаш, барқарор даромад манбаини яратишга эътиборни қаратиш зарур.', 2220, 2.9, 1, TRUE, '2026-04-28 12:00:00+05'::TIMESTAMPTZ);
INSERT INTO indicators (indicator_id, district_id, no, slide, slide_no, name, description, value, found, source_org, ai_insight, kpi_count, kpi_pct, load_no, final_flag, date_modify) VALUES (655, 18, 17, 3, '3', '«Барқарор келажак» — ёшлар даромадини ошириш', '2026 йилда даромади ошириладиган ёшлар — 580 нафар', 'Жами: 580 нафар ёшлар | Доимий ишга жойлаштириш: 450 нафар | Тадбиркор жалб қилиш: 40 нафар | Кредит ажратиш ҳисобига: 40 нафар | Қайта касбга ўқитиш: 50 нафар', TRUE, 'Бандлик маркази / SQB', '580 нафар ёшлар даромадини ошириш режалаштирилган. Доимий ишга жойлаштириш (450 нафар) асосий йўналиш.', NULL, NULL, 1, TRUE, '2026-04-28 12:00:00+05'::TIMESTAMPTZ);
INSERT INTO indicators (indicator_id, district_id, no, slide, slide_no, name, description, value, found, source_org, ai_insight, kpi_count, kpi_pct, load_no, final_flag, date_modify) VALUES (656, 18, 18, 3, '3', 'Аёллар бандлигини таъминлаш ва даромадини ошириш', '2026 йилда даромади ошириладиган аёллар — 2 012 нафар', 'Жами: 2 012 нафар аёллар | Доимий ишга жойлаштириш: 341 нафар | Тадбиркор жалб қилиш: 749 нафар | Кредит ажратиш (3 млрд сўм): 749 нафар | Қайта касбга ўқитиш: 100 нафар | Ўзини ўзи банд қилиш: 69 нафар', TRUE, 'Бандлик маркази / Ижтимоий ҳимоя', '2 012 нафар аёлларнинг бандлигини таъминлаш режалаштирилган. HAMROH дастуридан фаол фойдаланиш тавсия этилади.', NULL, NULL, 1, TRUE, '2026-04-28 12:00:00+05'::TIMESTAMPTZ);
INSERT INTO indicators (indicator_id, district_id, no, slide, slide_no, name, description, value, found, source_org, ai_insight, kpi_count, kpi_pct, load_no, final_flag, date_modify) VALUES (657, 18, 19, 4, '4', 'Маҳалла ихтисослашуви', '79 та маҳалланинг иқтисодий фаолият йўналишлари', 'Жами: 79 та маҳалла | Савдо ва хизмат: 41 та МФЙ (52%) | Ишлаб чиқариш: 23 та МФЙ (29%) | Чорвачилик: 3 та МФЙ (4%) | Паррандачилик: 1 та МФЙ (1%)', TRUE, 'МФЙ агентлиги', 'Маҳалла ихтисослашуви таркибида савдо ва хизмат улуши юқори (41/79). Ишлаб чиқаришга ихтисослашган 23 та МФЙда кичик кооперация ва қиймат занжири асосида даромадни ошириш мумкин.', NULL, NULL, 1, TRUE, '2026-04-28 12:00:00+05'::TIMESTAMPTZ);
INSERT INTO indicators (indicator_id, district_id, no, slide, slide_no, name, description, value, found, source_org, ai_insight, kpi_count, kpi_pct, load_no, final_flag, date_modify) VALUES (658, 18, 20, 4, '4', 'Маҳалла драйвер секторлари', 'Маҳалла даражасида иқтисодий ўсишни бошқарувчи тармоқлар', 'Жами: 4 та драйвер сектор | 1: Савдо ва хизмат кўрсатиш | 2: Ҳунармандчилик | 3: Деҳқон хўжалиги | 4: Чорвачилик', TRUE, 'МФЙ агентлиги / SQB', 'Драйвер секторларни алоҳида эмас, «ишлаб чиқариш + савдо + хизмат» занжирида боғлаш керак. Чарм-пойабзал ва ҳунармандчилик йўналишларида тайёр маҳсулотни бозорга чиқариш ва онлайн сотув каналларини кенгайтириш орқали қўшимча қийматни ошириш тавсия этилади.', NULL, NULL, 1, TRUE, '2026-04-28 12:00:00+05'::TIMESTAMPTZ);
INSERT INTO indicators (indicator_id, district_id, no, slide, slide_no, name, description, value, found, source_org, ai_insight, kpi_count, kpi_pct, load_no, final_flag, date_modify) VALUES (659, 18, 21, 4, '4', 'Микролойиҳалар сони ва иш ўринлари', '2026 йил учун режалаштирилган кредит режа ва иш ўринлари', 'Лойиҳалар сони: 790 та | Иш ўринлари: 1 374 та | Умумий қиймат: 133,7 млрд сўм | Саноат лойиҳалари: 9 та, 88,7 млрд сўм, 850 иш ўрни | Хизмат лойиҳалари: 5 та, 32,9 млрд сўм, 503 иш ўрни', TRUE, 'SQB / Шаҳар ҳокимияти', '790 та микролойиҳа режалаштирилган — умумий қиймати 133,7 млрд сўм. Банкирлар вазифалари: (1) лойиҳани танлаш ва скоринг; (2) кредит расмийлаштиришда ёрдам; (3) лойиҳа амалга оширилишини мониторинг; (4) тадбиркорларга молиявий маслаҳат.', NULL, NULL, 1, TRUE, '2026-04-28 12:00:00+05'::TIMESTAMPTZ);
INSERT INTO indicators (indicator_id, district_id, no, slide, slide_no, name, description, value, found, source_org, ai_insight, kpi_count, kpi_pct, load_no, final_flag, date_modify) VALUES (660, 18, 22, 4, '4', 'Ишсизлик юқори маҳаллалар', 'Оғир тоифадаги маҳаллалар бўйича манзилли иш режаси', 'Жами: 3 та оғир тоифадаги маҳалла | 1: Қумқайроқ | 2: Мустақиллик | 3: Марказ | Маҳалла типологияси: Оғир: 3 та, Ўрта: 7 та, Енгил: 39 та, Яхши: 20 та', TRUE, 'МФЙ агентлиги', 'Оғир тоифадаги 3 та маҳаллада «бир маҳалла — бир драйвер йўналиш» тамойили асосида тезкор бандлик режаси ишга туширилиши керак. Аввало ишсиз аҳолини кўникма бўйича сегментация қилиб, 3 ойлик қисқа циклда ишга жойлаштириш ва микролойиҳага улаш механизмлари қўлланиши лозим.', NULL, NULL, 1, TRUE, '2026-04-28 12:00:00+05'::TIMESTAMPTZ);
INSERT INTO indicators (indicator_id, district_id, no, slide, slide_no, name, description, value, found, source_org, ai_insight, kpi_count, kpi_pct, load_no, final_flag, date_modify) VALUES (661, 18, 23, 4, '4', 'SQB рақамли хизматлари', 'Банк инфратузилмаси ва маҳалла банкирлари', 'Жами банклар: 13 та | SQB филиали: 1 та | Банкоматлар: 170 та | Банк ходимлари: 104 нафар | Маҳалла банкирлари: 20 нафар (6 аёл, 14 эркак)', TRUE, 'SQB / Марказий банк', '170 та банкомат ва 13 та банк мавжудлиги рақамли хизматларни кенгайтириш учун яхши асос. Маҳалла банкирлари сонини ошириш ва аёл банкирлар улушини кўпайтириш тавсия этилади.', NULL, NULL, 1, TRUE, '2026-04-28 12:00:00+05'::TIMESTAMPTZ);
INSERT INTO indicators (indicator_id, district_id, no, slide, slide_no, name, description, value, found, source_org, ai_insight, kpi_count, kpi_pct, load_no, final_flag, date_modify) VALUES (662, 18, 24, 4, '4', 'Ишсизлик юқори маҳаллаларни ривожлантириш режаси', 'Оғир тоифадаги 3 та маҳаллада бандликни таъминлаш стратегияси', 'Жами: 3 та маҳалла, оғир тоифа | Қумқайроқ, Мустақиллик, Марказ | Ишсизлар (2025): 6 533 киши | Ёшлар (16–30): 1 489 киши | Аёллар: 3 426 киши | Мақсад: 2027 йилгача 2,0% га тушириш', TRUE, 'SQB / МФЙ агентлиги', '3 та маҳаллада ишсизлик юқори, асосий улуши аёллар (3 426). «Бир маҳалла — бир драйвер йўналиш» модели жорий қилиниши мақсадга мувофиқ. Ишсиз аҳолини сегментация қилиб, 2–3 ойлик тезкор цикл орқали микролойиҳаларга жалб қилиш ва бандликни таъминлаш мумкин.', NULL, NULL, 1, TRUE, '2026-04-28 12:00:00+05'::TIMESTAMPTZ);
INSERT INTO indicators (indicator_id, district_id, no, slide, slide_no, name, description, value, found, source_org, ai_insight, kpi_count, kpi_pct, load_no, final_flag, date_modify) VALUES (663, 18, 25, 4, '4', 'Сунъий интеллект куни ва ходимлар малакаси', 'Банкда СИ кўникмаларини мунтазам ошириш дастури', 'Жами: СИ малака ошириш дастури | «Сунъий интеллект куни» — ҳар чоршанба | Онлайн ўқитиш тизими жорий қилинди | Раҳбар ходимлар ўқувларни тўлиқ якунлади', TRUE, 'SQB', 'Банк ходимларининг СИ саводхонлиги мунтазам оширилмоқда. Ҳафталик «СИ куни» амалиёти орқали ходимлар янги технологияларни кундалик ишга татбиқ этишни ўрганмоқда. Кейинги босқичда ҳар бир бўлим учун СИ KPI жорий этиш тавсия этилади.', NULL, NULL, 1, TRUE, '2026-04-28 12:00:00+05'::TIMESTAMPTZ);
INSERT INTO indicators (indicator_id, district_id, no, slide, slide_no, name, description, value, found, source_org, ai_insight, kpi_count, kpi_pct, load_no, final_flag, date_modify) VALUES (664, 18, 26, 4, '4', 'Раҳбарлар ва банкирларни СИ га ўқитиш', 'Ҳоким, банк раҳбарлари ва маҳалла банкирларини босқичма-босқич ўқитиш', 'Жами: 4 босқичли СИ ўқитиш | 1-босқич: Ҳоким ва ўринбосарлар — стратегия | 2-босқич: Филиал раҳбарлари — скоринг ва риск | 3-босқич: Маҳалла банкирлари — мижоз хизмати | 4-босқич: МФЙ раислари — маълумотлар таҳлили', TRUE, 'SQB', 'Раҳбарларни СИ га ўқитиш «юқоридан пастга» тамойилида амалга оширилади: аввал ҳоким даражасида стратегик қарорлар учун СИ, кейин банк раҳбарларига скоринг ва таҳлил, сўнг маҳалла банкирларига мижоз билан ишлаш учун СИ платформа ўргатилади. Ҳар босқич 2–4 ҳафта давом этади.', NULL, NULL, 1, TRUE, '2026-04-28 12:00:00+05'::TIMESTAMPTZ);
INSERT INTO indicators (indicator_id, district_id, no, slide, slide_no, name, description, value, found, source_org, ai_insight, kpi_count, kpi_pct, load_no, final_flag, date_modify) VALUES (665, 18, 27, 4, '4', '«SQB AI Advisor» — ақлли ёрдамчи платформа', 'Маҳалла банкирлари ва тадбиркорларга СИ ёрдами берувчи платформа', 'Жами: SQB AI Advisor функциялари | СИ маслаҳатчи чат-боти: тадбиркорлик, ҳуқуқий, молиявий саволларга жавоб | Бизнес-режа генератори: автоматик тузиш | Кредит мослаштириш: мижозга мос маҳсулот | KPI мониторинг: маҳалла агенти самарадорлиги | Прогноз: даромадни ошириш тавсиялари', TRUE, 'SQB', '«SQB AI Advisor» платформаси маҳалла банкири ва тадбиркорларга кундалик ишларда СИ ёрдамини беради: мижозларга автоматик маслаҳат, бизнес-режа генератори, кредит мослаштириш ва самарадорлик мониторинги. 2026 йил якунигача барча маҳаллаларда жорий этиш режалаштирилган.', NULL, NULL, 1, TRUE, '2026-04-28 12:00:00+05'::TIMESTAMPTZ);
INSERT INTO indicators (indicator_id, district_id, no, slide, slide_no, name, description, value, found, source_org, ai_insight, kpi_count, kpi_pct, load_no, final_flag, date_modify) VALUES (666, 18, 28, 4, '4', '«Ҳар бир оила — тадбиркор» дастури', 'Оилавий тадбиркорлик учун имтиёзли кредит', 'Иштирокчи банклар: SQB ва бошқа тижорат банклари | Фоиз ставкаси: 18% | Максимал сумма: 300 млн сўм | Муддат: 3 йилгача | Имтиёзли давр: 3–6 ой', TRUE, 'Марказий банк', 'Оилавий тадбиркорликни кўпайтириш учун SQB AI Advisor платформасидан фойдаланиш тавсия этилади. Платформа орқали кредит скоринг, бизнес-режа тузиш ва молиявий маслаҳат олиш имконияти мавжуд. Маҳалла банкирлари ҳар бир оилани платформага йўналтириш ва имтиёзли кредитдан самарали фойдаланишга ёрдам бериши керак.', NULL, NULL, 1, TRUE, '2026-04-28 12:00:00+05'::TIMESTAMPTZ);
INSERT INTO indicators (indicator_id, district_id, no, slide, slide_no, name, description, value, found, source_org, ai_insight, kpi_count, kpi_pct, load_no, final_flag, date_modify) VALUES (667, 18, 29, 4, '4', '«HAMROH» хотин-қизлар тадбиркорлиги', 'Хотин-қизлар учун махсус молиявий дастур', 'Иштирокчи банклар: SQB, Халқ банки, Микрокредит банк, Агро банк | Гаровсиз кредит: 100 млн сўмгача | Компания кафиллиги: 70%', TRUE, 'Марказий банк', 'HAMROH — хотин-қизлар тадбиркорлигини қўллаб-қувватлашнинг энг катта давлат дастури. Маҳалла банкирлари орқали аёлларни фаол жалб қилиш, бизнес тренинглар ташкил этиш ва муваффақиятли намуналарни кенг оммавий таништириш тавсия этилади.', NULL, NULL, 1, TRUE, '2026-04-28 12:00:00+05'::TIMESTAMPTZ);
INSERT INTO indicators (indicator_id, district_id, no, slide, slide_no, name, description, value, found, source_org, ai_insight, kpi_count, kpi_pct, load_no, final_flag, date_modify) VALUES (668, 18, 30, 5, '5', 'Чарм-пойабзал ва ҳунармандчиликни саноатлаштириш', 'Тарихий ҳунармандчилик брендидан йирик экспорт кластерига ўтиш', 'Асосий йўналишлар: Чарм-пойабзал ва пичоқчилик | Мавжуд ҳолат: Тарқоқ ва якка тартибдаги ишлаб чиқариш | Потенциал: МДҲ ва Марказий Осиё бозорларига экспорт', TRUE, 'Шаҳар ҳокимияти / СИ таҳлили', 'Шаҳрихоннинг анъанавий ҳунармандчилик бренди жуда кучли. Буни якка тартибдаги меҳнатдан замонавий саноат кластери тизимига ўтказиш вақти келди. Ҳунармандлар учун махсус кичик саноат зонаси яратиб, Италия ёки Туркия технологияларини олиб келишга субсидия бериш ва «Made in Shahrixon» бренди остида кафолатланган B2B экспорт каналларини очиш катта иқтисодий сакраш беради.', NULL, NULL, 1, TRUE, '2026-04-28 12:00:00+05'::TIMESTAMPTZ);
INSERT INTO indicators (indicator_id, district_id, no, slide, slide_no, name, description, value, found, source_org, ai_insight, kpi_count, kpi_pct, load_no, final_flag, date_modify) VALUES (669, 18, 31, 5, '5', 'Дефицит товарлар орқали импорт ўрнини босиш', 'Ички бозор талабини қондириш ва маҳаллий саноатни кафолатланган бозор билан таъминлаш', 'Жами: 5 та дефицит товар | 1: Парранда гўшти | 2: Сут маҳсулотлари | 3: Қурилиш материаллари | 4: Антибиотиклар ва базавий дорилар | 5: Кимёвий маҳсулотлар', TRUE, 'Савдо палатаси / SQB', 'Туманнинг ички истеъмол бозори катта, бироқ юқоридаги 5 та йўналишда жиддий дефицит мавжуд. Инвесторларга тайёр лойиҳалар (Project Factory) шаклида паррандачилик фабрикалари, сутни қайта ишлаш цехлари ва базавий қурилиш материаллари ишлаб чиқаришни таклиф қилиш орқали 100% сотилиш кафолатига эга бизнес муҳитини яратиш мумкин.', NULL, NULL, 1, TRUE, '2026-04-28 12:00:00+05'::TIMESTAMPTZ);
INSERT INTO indicators (indicator_id, district_id, no, slide, slide_no, name, description, value, found, source_org, ai_insight, kpi_count, kpi_pct, load_no, final_flag, date_modify) VALUES (670, 18, 32, 5, '5', 'Ультра-юқори демографик зичлик ва Service Economy', 'Аҳоли зичлиги (1 170 киши/км²) — хизмат кўрсатиш соҳаси учун идеал «қайноқ нуқта»', 'Аҳоли сони (2025): 337,3 минг киши (79 та маҳалла) | Аҳоли зичлиги: 1 170 киши/км² | Хизматлар ҳажми: Жон бошига 20,1 млн сўм', TRUE, 'Статистика бўлими', '1 км² га 1 170 киши — бу савдо ва хизмат кўрсатиш учун жуда катта ва зич истеъмол бозори. Туман марказида кўп қаватли савдо-кўнгилочар комплекслари, IT-марказлар ва 24/7 ишлайдиган хизмат кўрсатиш кўчаларини яратиш керак. Зичлик юқорилиги логистика харажатларини минималлаштириб, хизматлар рентабеллигини оширади.', NULL, NULL, 1, TRUE, '2026-04-28 12:00:00+05'::TIMESTAMPTZ);
INSERT INTO indicators (indicator_id, district_id, no, slide, slide_no, name, description, value, found, source_org, ai_insight, kpi_count, kpi_pct, load_no, final_flag, date_modify) VALUES (671, 18, 33, 5, '5', 'Мева-сабзавотни қайта ишлаш ва Агро-логистика', 'Асосий заиф томонни энг кучли экспорт драйверига айлантириш', 'Хомашё базаси: Етиштириш ҳажми юқори | Муаммо: Қайта ишлаш даражаси паст | Ечим: Шок музлатиш, қуритиш, консервация', TRUE, 'Қишлоқ хўжалиги бўлими / СИ таҳлили', 'Мева-сабзавот етиштириш ҳажми юқори бўлса-да, қайта ишлашнинг пастлиги сабабли маҳсулот қўшимча қийматсиз сотилмоқда. Замонавий Агро-логистика хаби ва камида 3-4 та шок музлатиш ҳамда қадоқлаш корхоналарини ишга тушириш орқали даромадни 3 бараварга ошириш ва экспорт географиясини кенгайтириш мумкин.', NULL, NULL, 1, TRUE, '2026-04-28 12:00:00+05'::TIMESTAMPTZ);
INSERT INTO indicators (indicator_id, district_id, no, slide, slide_no, name, description, value, found, source_org, ai_insight, kpi_count, kpi_pct, load_no, final_flag, date_modify) VALUES (672, 18, 34, 5, '5', 'Транзит-логистика хаби (Темир йўл яқинлиги)', 'Темир йўл станциясигача бор-йўғи 4 км масофадан стратегик фойдаланиш', 'Темир йўл станциясигача: 4 км | Вилоят марказигача: 30 км | Йўллар узунлиги: 68 км (асосий)', TRUE, 'Шаҳар ҳокимияти', 'Темир йўл станциясининг жуда яқинлиги (4 км) Шаҳрихонни транзит-логистика марказига айлантириш имконини беради. Станция атрофида «Қуруқ порт» типидаги йирик улгуржи омборхоналар ва божхона терминаллари тармоғини яратиш орқали нафақат Шаҳрихон, балки қўшни туманларнинг ҳам юкларига хизмат кўрсатиш мумкин.', NULL, NULL, 1, TRUE, '2026-04-28 12:00:00+05'::TIMESTAMPTZ);
INSERT INTO indicators (indicator_id, district_id, no, slide, slide_no, name, description, value, found, source_org, ai_insight, kpi_count, kpi_pct, load_no, final_flag, date_modify) VALUES (673, 18, 35, 5, '5', 'Микролойиҳалар орқали NPL''ни соғломлаштириш', '32% муаммоли кредитлар хавфини тайёр бизнес-моделлар билан бартараф этиш', 'Камбағал оилалар: 7 847 (2024) → 2 220 (2025), 3,5x камайиш | Оилавий кредитлар NPL: 32% (жуда юқори) | Микролойиҳалар режаси: 790 та (SQB ва бошқа банклар)', TRUE, 'Марказий банк / SQB', 'Камбағалликни қисқартиришда зўр натижага эришилган (3,5 баравар), бироқ оилавий кредитлар NPL 32% га етган. Аҳолига шунчаки кредит бериш ўрнига, «Маҳаллий банкир» тизими орқали юқори рентабелли 790 та микролойиҳани (тайёр ускуна + бозор кафолати билан) тақдим этиш ва молиявий мониторингни кучайтириш энг устувор имкониятдир.', NULL, NULL, 1, TRUE, '2026-04-28 12:00:00+05'::TIMESTAMPTZ);
INSERT INTO indicators (indicator_id, district_id, no, slide, slide_no, name, description, value, found, source_org, ai_insight, kpi_count, kpi_pct, load_no, final_flag, date_modify) VALUES (674, 18, 36, 5, '5', 'Яшил энергетика ва саноат ўсишини мувофиқлаштириш', '122,2% лик саноат ўсишини барқарор энергия ва модернизация билан таъминлаш', 'Саноат ҳажми (2025): 3,15 трлн сўм (ўсиш 122,2%) | Инфратузилма: Электр тармоқлари ва трансформаторлар эскирган | Инвестиция имконияти: Саноат зоналарида қуёш панеллари', TRUE, 'Энергетика вазирлиги / Статистика бўлими', 'Шаҳрихон саноат ўсиши бўйича етакчилардан бири (122,2%), аммо эскирган инфратузилма тўсиқ бўлиши мумкин. Янги ва мавжуд саноат корхоналари учун қуёш станциялари ўрнатишни субсидиялаш тизимини яратиш керак. Бу корхоналарни энергия узилишларидан асрайди, таннархни туширади ва тармоқдаги босимни кескин камайтиради.', NULL, NULL, 1, TRUE, '2026-04-28 12:00:00+05'::TIMESTAMPTZ);
INSERT INTO indicators (indicator_id, district_id, no, slide, slide_no, name, description, value, found, source_org, ai_insight, kpi_count, kpi_pct, load_no, final_flag, date_modify) VALUES (675, 18, 37, 6, '6', 'Минтақавий етакчилик ва рақобатбардошлик', 'Шаҳрихон туманининг вилоят иқтисодиётидаги стратегик ўрни ва мақсади', 'Вилоятдаги ўрни: 2-ўрин (19 та ҳудуд ичида) | Жон бошига саноат: 29,7 млн сўм | Жон бошига хизматлар: 20,1 млн сўм', TRUE, 'Вилоят ҳокимияти', 'Хулоса: Шаҳрихон саноат ва иқтисодий фаоллик бўйича вилоятда мустаҳкам 2-ўринни эгаллаб турибди. Режа (2026–2027): Вилоятда 1-ўринга чиқиш учун хизматлар соҳасидаги «яширин иқтисодиёт»ни рақамлаштириш орқали легаллаштириш ҳамда йирик саноат кластерларини ишга тушириш стратегияси қабул қилиниши керак.', NULL, NULL, 1, TRUE, '2026-04-28 12:00:00+05'::TIMESTAMPTZ);
INSERT INTO indicators (indicator_id, district_id, no, slide, slide_no, name, description, value, found, source_org, ai_insight, kpi_count, kpi_pct, load_no, final_flag, date_modify) VALUES (676, 18, 38, 6, '6', 'Камбағалликни кескин қисқартириш динамикаси', 'Бир йил ичида муҳтож оилалар сонини 3,5 бараварга камайтириш натижаси', '2024 йилда: 7 847 та камбағал оила | 2025 йилда: 2 220 та камбағал оила | Ишга туширилган механизм: «Маҳаллий банкир» микролойиҳалари', TRUE, 'Статистика бўлими / Ижтимоий ҳимоя', 'Хулоса: Камбағалликни қисқартиришда ўта юқори натижа қайд этилган. Режа: Қолган 2 220 оилага доимий даромад келтирувчи микролойиҳаларни (кафолатланган харид тизими билан) боғлаш ва касб-ҳунарга ўқитишни тизимли давом эттириш зарур.', NULL, NULL, 1, TRUE, '2026-04-28 12:00:00+05'::TIMESTAMPTZ);
INSERT INTO indicators (indicator_id, district_id, no, slide, slide_no, name, description, value, found, source_org, ai_insight, kpi_count, kpi_pct, load_no, final_flag, date_modify) VALUES (677, 18, 39, 6, '6', 'Инвестиция ва Лойиҳа фабрикаси', 'Қисқа муддатли инвестиция дастури орқали саноат драйверини яратиш', 'Лойиҳалар сони: 16 та йирик лойиҳа | Умумий қиймати: 133,7 млрд сўм | Янги иш ўринлари: 1 374 та', TRUE, 'SQB / Ҳокимият', 'Хулоса: 133,7 млрд сўмлик 16 та лойиҳа туман иқтисодиёти учун янги қон вазифасини ўтайди. Режа: Инвестицияларни энг дефицит йўналишларга (паррандачилик, қурилиш материаллари, сут маҳсулотлари) йўналтириш. «Тезкор штаб» (Fast-Track) механизмини яратиш.', NULL, NULL, 1, TRUE, '2026-04-28 12:00:00+05'::TIMESTAMPTZ);
INSERT INTO indicators (indicator_id, district_id, no, slide, slide_no, name, description, value, found, source_org, ai_insight, kpi_count, kpi_pct, load_no, final_flag, date_modify) VALUES (678, 18, 40, 6, '6', 'Инфратузилмани 2026 йилги модернизация дастури', 'Саноатнинг 122% лик ўсишини энергия билан таъминлаш', 'Жами: 3 та устувор қадам | 1: Янги трансформаторлар ўрнатиш | 2: Электр тармоқ линияларини янгилаш | 3: Сув тармоқларини кенгайтириш', TRUE, 'Шаҳар ҳокимияти', 'Хулоса: Жадал саноатлашув мавжуд инфратузилмага оғир юк туширмоқда. Режа: 2026 йилги бюджет ва инвестицияларнинг салмоқли қисми базавий инфратузилмага йўналтирилиши шарт. Саноат зоналарида қуёш панеллари ўрнатишни рағбатлантирувчи тизимга ўтказиш лозим.', NULL, NULL, 1, TRUE, '2026-04-28 12:00:00+05'::TIMESTAMPTZ);
INSERT INTO indicators (indicator_id, district_id, no, slide, slide_no, name, description, value, found, source_org, ai_insight, kpi_count, kpi_pct, load_no, final_flag, date_modify) VALUES (679, 18, 41, 6, '6', 'Стратегик мақсад: «Шаҳрихон — 2027»', 'Туманни Фарғона водийсининг саноат ва транзит хабига айлантириш', 'Зичлик: 1 170 киши/км² (тайёр бозор ва ишчи кучи) | Транспорт: Темир йўлгача 4 км | Саноат ўсиши: Йиллик 122,2%', TRUE, 'СИ стратегик таҳлили', 'Хулоса: Шаҳрихон аграр тумандан йирик саноат, ҳунармандчилик ва савдо-логистика марказига айланиш учун барча фундаментал асосларга эга. Режа: «Инфратузилма + Малакали кадрлар + Тадбиркорлик» учбурчаги асосида 2027 йилгача мастер-режа ишлаб чиқиш. «Қуруқ порт» зонасини яратиш ва 24/7 хизмат кўрсатиш кўчаларини ташкил этиш тавсия этилади.', NULL, NULL, 1, TRUE, '2026-04-28 12:00:00+05'::TIMESTAMPTZ);

-- districts for region: namangan
INSERT INTO districts (district_id, region_id, slug, name_uz, name_ru, name_en, district_name, json_file, has_data, type, year, total_cards, load_no, final_flag, date_modify) VALUES (19, 8, 'yangiqorgon', 'Янгиқўрғон', 'Янгикурган', 'Yangiqorgon', '', 'yangiqorgon.json', TRUE, NULL, NULL, 44, 1, TRUE, '2026-04-28 12:00:00+05'::TIMESTAMPTZ);
INSERT INTO hero_kpis (hero_kpi_id, district_id, metric_name, metric_value, metric_unit, load_no, final_flag, date_modify) VALUES (57, 19, 'Аҳоли', 239.2, 'минг киши', 1, TRUE, '2026-04-28 12:00:00+05'::TIMESTAMPTZ);
INSERT INTO hero_kpis (hero_kpi_id, district_id, metric_name, metric_value, metric_unit, load_no, final_flag, date_modify) VALUES (58, 19, 'Маҳалла', 68, 'та', 1, TRUE, '2026-04-28 12:00:00+05'::TIMESTAMPTZ);
INSERT INTO hero_kpis (hero_kpi_id, district_id, metric_name, metric_value, metric_unit, load_no, final_flag, date_modify) VALUES (59, 19, 'Оила', 69827, 'та', 1, TRUE, '2026-04-28 12:00:00+05'::TIMESTAMPTZ);
INSERT INTO hero_kpis (hero_kpi_id, district_id, metric_name, metric_value, metric_unit, load_no, final_flag, date_modify) VALUES (60, 19, 'Хонадон', 49377, 'та', 1, TRUE, '2026-04-28 12:00:00+05'::TIMESTAMPTZ);
INSERT INTO indicators (indicator_id, district_id, no, slide, slide_no, name, description, value, found, source_org, ai_insight, kpi_count, kpi_pct, load_no, final_flag, date_modify) VALUES (680, 19, 1, 1, '1', 'Туманнинг макроиқтисодий кўрсаткичлари', 'Саноат, бозор хизматлари ҳажми, тармоқлар улуши ва ўсиш суръати', 'Жами: 2025 йил кўрсаткичлари | Саноат ишлаб чиқариш: 579,1 млрд сўм (+19,3%) | Бозор хизматлари: 1 371 млрд сўм (+26,7%) | Саноат ўсиш суръати: 112,7% | Тармоқлар улуши: Қ/х 49%, Саноат 15%, Хизматлар 36%', TRUE, 'stat.uz', 'Саноат 2024 йилдан кейин кескин ўсиш динамикасини кўрсатмоқда (+19,3%), лекин туман иқтисодиётида қишлоқ хўжалиги улуши ҳалигача 49% — республика ўртачасидан анча юқори. Бу қайта ишлаш ва қиймат занжирини чуқурлаштириш заҳирасини билдиради. Хизматлар улуши 36% га етган, шу боис савдо-логистика ва бозор инфратузилмасига сармоя киритиш мақсадга мувофиқ. Юқори қийматли қайта ишлаш йўналишига боғлаш — Молиялаштириш ва ажратилган кредитлар билан мувофиқлашиб режалаштирилиши керак.', NULL, NULL, 1, TRUE, '2026-04-28 12:00:00+05'::TIMESTAMPTZ);
INSERT INTO indicators (indicator_id, district_id, no, slide, slide_no, name, description, value, found, source_org, ai_insight, kpi_count, kpi_pct, load_no, final_flag, date_modify) VALUES (681, 19, 2, 1, '1', 'Туман иқтисодиётининг 4 та драйвери', 'Туман иқтисодиётида энг катта салмоққа эга тармоқлар ва меҳнат ресурслари', 'Жами: 4 та драйвер | 1-ўрин Қишлоқ хўжалиги: 49% улуш — туман тарихий ихтисослашуви | 2-ўрин Хизмат кўрсатиш: 36% улуш, 1 371 млрд сўм, +143% (5 йилда) | 3-ўрин Қайта ишлаш/Саноат: 15% улуш, 579,1 млрд сўм, +19,3% | 4-ўрин Қурилиш материаллари кластери: 13 корхона, 51 млрд сўм/йил, +89% | Меҳнат ресурслари: 2021 — 121,2 → 2025 — 129,1 минг киши', TRUE, 'SQB', 'Тўрт драйвернинг иккиси (қ/х ва саноат) йирик меҳнат сиғимига эга, бири (қурилиш материаллари) экспорт салоҳиятига эга. Қишлоқ хўжалигидан саноатга меҳнат миграциясини рағбатлантириш керак — банд аҳоли ва камбағаллик даражасини пасайтириш билан боғлиқ. Қурилиш материаллари кластерини алоҳида капитал эътибор маркази сифатида ажратиш мақсадга мувофиқ. Хизматлар секторини институционал қўллаб-қувватлаш — янги корхоналар фаоллигини оширади.', NULL, NULL, 1, TRUE, '2026-04-28 12:00:00+05'::TIMESTAMPTZ);
INSERT INTO indicators (indicator_id, district_id, no, slide, slide_no, name, description, value, found, source_org, ai_insight, kpi_count, kpi_pct, load_no, final_flag, date_modify) VALUES (682, 19, 3, 1, '1', 'Саноат маҳсулотлари ишлаб чиқариш динамикаси', 'Саноат ҳажми ва индекс ўзгариши 2021–2025', '2021: 249 | 2022: 301.1 | 2023: 314.4 | 2024: 485.3 | 2025: 579.1 (млрд сўм)', TRUE, 'stat.uz', '2024 йилдаги +54,4% ўсиш — рекорд, лекин саноатнинг 100% улуши кичик бизнесга тегишли (йирик корхоналар йўқ). Бу — таркибий хавф: бир ёки иккита йирик корхона очилса, динамика янада барқарорлашади. Тавсия — ЭИЗ «Нурафшон» КСЗ ва «Бунёдкор» саноат зоналари асосида 100+ ишчили корхоналар жалб қилиш. Кичик бизнесдан йирик бизнесга ўтишни рағбатлантириш дастури — асосий восита. Шу йўналишда 2026–2028 йилларда 2-3 та «локомотив» корхона ишга туширилмаса, ўсиш сурати секинлашиши мумкин.', NULL, NULL, 1, TRUE, '2026-04-28 12:00:00+05'::TIMESTAMPTZ);
INSERT INTO indicators (indicator_id, district_id, no, slide, slide_no, name, description, value, found, source_org, ai_insight, kpi_count, kpi_pct, load_no, final_flag, date_modify) VALUES (683, 19, 4, 1, '1', 'Маҳаллий бюджет ва молиявий ҳолат', 'Маҳаллий бюджет даромадлари ва контингент режалаштириш', 'Жами: 2025 йил даромад 164,3 млрд сўм (+90,6%) | 2021: 55,5 | 2022: 81,1 | 2023: 100 | 2024: 86,2 (-13,8%) | 2025: 164,3 | Контингент 2025: 58,3 млрд сўм | Бажарилиш фоизи 2025: 281,8% — верификация талаб қилади', TRUE, 'Молия вазирлиги', '2024 йилдаги -13,8% пасайишдан кейин 2025 даги +90,6% сакраш — туман бюджети барқарор эмаслигини билдиради. Контингент режалаштиришни 2025 йил ҳақиқий даромад асосида қайта кўриб чиқиш керак (28% ҳисоб-китоб ҳатоси — режа сифатининг муаммоси). Бюджет даромадини диверсификациялаш (саноат улушини ва аҳоли зичлиги асосида солиқ базасини кенгайтириш) — узоқ муддатда асосий йўналиш. Солиқ маъмуриятчилиги ва кичик бизнес легализацияси кучайтирилиши керак.', NULL, NULL, 1, TRUE, '2026-04-28 12:00:00+05'::TIMESTAMPTZ);
INSERT INTO indicators (indicator_id, district_id, no, slide, slide_no, name, description, value, found, source_org, ai_insight, kpi_count, kpi_pct, load_no, final_flag, date_modify) VALUES (684, 19, 5, 1, '1', 'Ажратилган кредитлар', 'Туманга ажратилган кредитлар умумий ҳажми ва портфел сифати', 'Жами: Excel да тўлиқ берилмаган | NPL муаммоли кредитлар: 2021 — 55,7% | 2022 — 34,7% | 2023 — 8,7% | 2024 — 3,7% | 2025 — 7,5% | Молиялаштириш режаси: ~64 млрд сўм (қисқа + ўрта + узоқ муддатли)', FALSE, 'SQB', 'Маълумотларни тўлдириш зарур: SQB филиалидан туман бўйича жами кредит портфели, физик/юридик шахс улуши, тармоқлар бўйича тақсимоти сўралиши керак. NPL динамикаси умуман яхши (55,7% → 3,7%), лекин 2025 йилдаги +3,8 п.п. ўсиш — диққат талаб қилади. Молиялаштириш режасининг 64 млрд сўмлик пакети 4 та драйверга мутаносиб тақсимланмаган — қишлоқ хўжалиги (49% улуш) учун алоҳида сатр кўрсатилмаган.', NULL, NULL, 1, TRUE, '2026-04-28 12:00:00+05'::TIMESTAMPTZ);
INSERT INTO indicators (indicator_id, district_id, no, slide, slide_no, name, description, value, found, source_org, ai_insight, kpi_count, kpi_pct, load_no, final_flag, date_modify) VALUES (685, 19, 6, 1, '1', 'Google Trends иқтисодий фаоллик', 'Туман бўйича онлайн қидирув активлиги индекси', 'Жами: марказий аналитика гуруҳи ҳисоблайди — маҳаллий маълумот мавжуд эмас | Прокси кўрсаткичлар: Интернет қоплами 2025 — 26%, тезлик 150 Мбит/с | Аҳоли ва бизнес кутишлари: ижобий 80%, нейтрал 5%, салбий 15%', FALSE, 'SQB', 'Google Trends индекси марказий аналитика гуруҳи томонидан ҳисобланганидан кейин ушбу карточка тўлдирилади. Ҳозирча, маҳаллий онлайн фаолликнинг прокси сифатида интернет қопламининг ўсиши (8% → 26%, +225% беш йилда) ва аҳоли кутишлари сўрови (80% ижобий) кўрсаткичларидан фойдаланиш мумкин. Туманнинг сайёрлигини ва тадбиркорлигини рақамли каналлар орқали тарғиб қилиш — марказий гуруҳ келгуси ҳисоботида тавсия этилиши кутилади.', NULL, NULL, 1, TRUE, '2026-04-28 12:00:00+05'::TIMESTAMPTZ);
INSERT INTO indicators (indicator_id, district_id, no, slide, slide_no, name, description, value, found, source_org, ai_insight, kpi_count, kpi_pct, load_no, final_flag, date_modify) VALUES (686, 19, 7, 2, '2', 'Ичимлик суви билан таъминланганлик (%)', 'Аҳолининг тоза ичимлик сув билан таъминланганлиги', '2021: 81 | 2022: 85 | 2023: 87 | 2024: 91.5 | 2025: 92 (%)', TRUE, 'Сув хўжалиги', 'Кўрсаткич барқарор ўсиш қилмоқда, лекин 2024–2025 ўсиш сурaти кескин секинлашган (+0,5 п.п.). Бу қолган 8% — энг қийин қамраб бўлиши мумкин (узоқ маҳаллалар, тоғли минтақалар) деган сигнал. 100% га етиш учун энг кам сурaтда +1,5 п.п./йил суръатини сақлаш керак. Канализация тармоғи (1,7%) билан биргаликда комплекс лойиҳа сифатида молиялаштирилиши керак. Сув таъминоти инвестициясини аҳоли зичлиги (464,7 киши/км²) асосида приоритетлаштириш зарур.', NULL, NULL, 1, TRUE, '2026-04-28 12:00:00+05'::TIMESTAMPTZ);
INSERT INTO indicators (indicator_id, district_id, no, slide, slide_no, name, description, value, found, source_org, ai_insight, kpi_count, kpi_pct, load_no, final_flag, date_modify) VALUES (687, 19, 8, 2, '2', 'Ички йўллар таъмирланиш даражаси (%)', 'Қаттиқ қопламали (асфальтланган) йўлларнинг улуши ва йўллар умумий узунлиги', '2021: 18 | 2022: 25 | 2023: 44 | 2024: 56 | 2025: 69 (%) | Йўллар узунлиги 2025: 1 346 км (+41 км) | Асфальтланган: ~929 км | Тупроқ/шағал: ~417 км (~31%)', TRUE, 'Йўл хўжалиги', 'Туман йўл инфратузилмасида беш йиллик муваффақиятли модернизация: 18% дан 69% га (+51 п.п.). 2023 йилдаги +19 п.п. сакраш — давлат дастурининг кўрсаткичи. 100% га етиш учун яна 2-3 йил мобайнида +13-15 п.п./йил суръатини сақлаш керак. Жамоат транспортидан фойдаланиш билан боғлаш — фойдаланиш ҳажми тарихан йўл сифатига боғлиқ. Маҳалла даражасида приоритет — таълим муассасаларига кетувчи йўллар.', NULL, NULL, 1, TRUE, '2026-04-28 12:00:00+05'::TIMESTAMPTZ);
INSERT INTO indicators (indicator_id, district_id, no, slide, slide_no, name, description, value, found, source_org, ai_insight, kpi_count, kpi_pct, load_no, final_flag, date_modify) VALUES (688, 19, 9, 2, '2', 'Электр таъминоти сифат даражаси (%)', 'Электр узилишлар частотаси ва тармоқлар модернизацияси эҳтиёжи', 'Жами: Туман инфратузилмасининг асосий хавфли нуқтаси | Электр узилишлар: 2021 — 130 → 2025 — 50 марта/ой (-61,5%) | Модернизация талаб қилувчи улуш: 2021 — 35% → 2025 — 54% (+19 п.п. ёмонлашмоқда) | Газ таъминоти: 2021 — 35% → 2025 — 38% (+3 п.п.)', TRUE, 'Электр тармоқлари', 'Узилишлар камайган бўлса-да (рисбатий яхши), физик тармоқларнинг 54% и эскирган — бу 2026–2030 даврда инцидентларнинг сонида сакраш бўлишини кутишга асос. Тавсия: модернизация дастурини бошлаш — ҳозирда йилига +1-3 п.п. ёмонлашиш суръати, бу 2030 йилга 70% эскиришни беради. Газ таъминоти 38% — республика ўртачасидан паст; қишлоқ хўжалик минтақалари учун насос-стансиялар электр узилишларидан зарар кўрмоқда. Электр сифати янги корхоналарнинг ишга тушишини бевосита чегаралаб қўяди.', NULL, NULL, 1, TRUE, '2026-04-28 12:00:00+05'::TIMESTAMPTZ);
INSERT INTO indicators (indicator_id, district_id, no, slide, slide_no, name, description, value, found, source_org, ai_insight, kpi_count, kpi_pct, load_no, final_flag, date_modify) VALUES (689, 19, 10, 2, '2', 'Ер тоифалари бўйича рўйхат (га)', 'Туман ҳудудининг ер тоифалари бўйича тақсимоти', 'Жами: тоифалар бўйича расмий тақсимот Excel да топилмади | Умумий майдон: 525 км² (52 500 га) | Суғориладиган ер: 28 300 га (~54%) | Фойдали қазилмалар конлари: 0 | Саноат зонаси ер фойдаланиш: 78,9%', FALSE, 'Кадастр', 'Маълумотни Ер ва геодезия қўмитасининг туман бўлимидан расмий сўровнома орқали тўлдириш зарур (8 та тоифа бўйича гектарда). Мавжуд маълумот асосида: суғориладиган ер 28 300 га (54%) — ҳудуд аграр-ихтисослашган эканлигини тасдиқлайди. Аҳоли зичлиги 464,7 киши/км² — республика ўртачасидан юқори. Ушбу карточкани тўлдириш — Суғориладиган ер майдонини баҳолаш ҳамда саноат зоналари (Бунёдкор, Қораполвон, Нурафшон) учун ер ажратишда ҳал қилувчи.', NULL, NULL, 1, TRUE, '2026-04-28 12:00:00+05'::TIMESTAMPTZ);
INSERT INTO indicators (indicator_id, district_id, no, slide, slide_no, name, description, value, found, source_org, ai_insight, kpi_count, kpi_pct, load_no, final_flag, date_modify) VALUES (690, 19, 11, 2, '2', 'Жамоат транспортидан фойдаланиш (%)', 'Аҳолининг жамоат транспортидан фойдаланиш улуши', 'Жами: маълумот тўлиқ берилмаган | Йўловчи ташиш ҳажми (2025): 8 770 минг йўловчи | Жон бошига: ~36,7 марта/йил (қишлоқ типига мос) | Аҳоли (2025): 239 193 киши | Юк ташиш: 1 150 минг тонна', FALSE, 'Хокимият', 'Кўрсаткични тўлдириш учун Туман транспорт бўлими / «Ўзавтотранс» филиалидан расмий маълумот сўралиши зарур. Тахминий 36,7 сафар/йил/киши — бу қишлоқ типидаги динамикага мос (республика шаҳарларида 80–150 марта). Йўллар таъмирланиш даражаси (69%) ва аҳоли зичлиги (464,7 киши/км²) асосида жамоат транспортини ривожлантириш заҳираси аниқ. 2026–2028 йилларда туман-марказ ва марказ-вилоят транспорт йўналишлари режасини ишлаб чиқиш керак.', NULL, NULL, 1, TRUE, '2026-04-28 12:00:00+05'::TIMESTAMPTZ);
INSERT INTO indicators (indicator_id, district_id, no, slide, slide_no, name, description, value, found, source_org, ai_insight, kpi_count, kpi_pct, load_no, final_flag, date_modify) VALUES (691, 19, 12, 2, '2', 'Мактабгача таълим қамрови', '3–6 ёшли болаларнинг мактабгача таълим муассасаларига жалб қилиниш улуши', 'Жами: маълумот тўлиқ берилмаган | Туман аҳолиси (2025): 239 193 | Хонадонлар: 49 377 | Оилалар: 69 827 | Камбағаллик: 6,2% | Тахминий 3–6 ёшли: 14 350–19 135 бола', FALSE, 'Мактабгача ва мактаб таълими вазирлиги', 'Маълумотни Туман халқ таълими бўлимидан / Мактабгача таълим бошқармасидан расмий сўровнома орқали тўлдириш зарур (МТМ сони, болалар сони, ёш гуруҳлари бўйича қамров %). Бу карточка туман инфратузилмасининг социаль қисмини баҳолашда муҳим. Юқори қамров — туман таълим инфратузилмасининг тугaллaнган ҳолат, паст қамров эса оналар бандлигини чегaралaб қўйганини билдиради.', NULL, NULL, 1, TRUE, '2026-04-28 12:00:00+05'::TIMESTAMPTZ);
INSERT INTO indicators (indicator_id, district_id, no, slide, slide_no, name, description, value, found, source_org, ai_insight, kpi_count, kpi_pct, load_no, final_flag, date_modify) VALUES (692, 19, 13, 3, '3', 'Меҳнат ресурслари', 'Жами меҳнат ресурслари сони — йиллик динамика', '2021: 121.153 | 2022: 127.653 | 2023: 126.810 | 2024: 109.668 | 2025: 129.808 (минг киши)', TRUE, 'Бандлик маркази', 'Меҳнат ресурслари 2024 йилдаги пасайишдан кейин 2025 йилда кескин ошди (+18,4%). Бандликни ошириш учун маҳалла даражасида боғдорчилик, чорвачилик ва туризм соҳалари бўйича қисқа муддатли ўқув дастурларини кенгайтириш зарур. Қайтган мигрантлар ва норасмий сектор иш кучи резерви сифатида рағбатлантирилиши керак.', NULL, NULL, 1, TRUE, '2026-04-28 12:00:00+05'::TIMESTAMPTZ);
INSERT INTO indicators (indicator_id, district_id, no, slide, slide_no, name, description, value, found, source_org, ai_insight, kpi_count, kpi_pct, load_no, final_flag, date_modify) VALUES (693, 19, 14, 3, '3', 'Бандликни ошириш имкониятлари', 'Иш ўрни яратиш ва меҳнат бозори резервлари', 'Жами: Меҳнат бозори резервлари | Банд аҳоли (2025): 96 083 киши (+21,4%) | Қайтган мигрантлар (2025): 1 920 киши (+33,7%) | Норасмий секторда бандлик (2021): 36 200 киши | Хорижга кетган мигрантлар: 2021 — 6 812 → 2025 — 5 266 (-7,8%)', TRUE, 'Бандлик маркази', 'Қайтган мигрантлар (+33,7%) ва норасмий сектор (36 200 киши) катта иш кучи резерви ҳисобланади. Норасмий секторни расмийлаштириш ва қайтган мигрантларни маҳаллий лойиҳаларга жалб қилиш орқали бандликни ошириш мумкин. Ҳар бир МФЙда «бир маҳалла — бир драйвер йўналиш» модели орқали аниқ бандлик режасини ишлаб чиқиш зарур.', NULL, NULL, 1, TRUE, '2026-04-28 12:00:00+05'::TIMESTAMPTZ);
INSERT INTO indicators (indicator_id, district_id, no, slide, slide_no, name, description, value, found, source_org, ai_insight, kpi_count, kpi_pct, load_no, final_flag, date_modify) VALUES (694, 19, 15, 3, '3', 'Ишсизлик кўрсаткичлари', 'Расмий ишсизлик даражаси ва ишсизлар сони', 'Жами: Ишсизлик кўрсаткичлари | Расмий ишсизлик (2025): 5,4% (-8,5%) | Ишсизлар сони (2025): 5 478 киши (-20,1%) | Ишсизлик тренди: 10,6% → 9,0% → 8,6% → 5,9% → 5,4% | Ёшлар (16–30): 1 753 киши | Аёллар: 2 356 киши | Мақсад: 2027 йилгача янада камайтириш', TRUE, 'Бандлик маркази', 'Ишсизлик барқарор камайиб бормоқда (10,6% → 5,4%). Аёллар ишсизлиги (2 356 киши, умумийнинг 43%) диққатга сазовор. Аёлларга мўлжалланган касб-ҳунар курслари ва микролойиҳаларга жалб механизмини кучайтириш зарур. Ёшлар ишсизлиги (32%) учун ҳар бир маҳаллада талаб юқори касблар бўйича тезкор ўқитиш ва микролойиҳаларга жалб қилиш механизмини кучайтириш керак.', 5478, 5.4, 1, TRUE, '2026-04-28 12:00:00+05'::TIMESTAMPTZ);
INSERT INTO indicators (indicator_id, district_id, no, slide, slide_no, name, description, value, found, source_org, ai_insight, kpi_count, kpi_pct, load_no, final_flag, date_modify) VALUES (695, 19, 16, 3, '3', 'Камбағаллик кўрсаткичлари', 'Камбағаллик даражаси ва камбағал оилалар сони', 'Жами: Камбағаллик кўрсаткичлари | Камбағаллик даражаси (2025): 6,2% (-12,7%) | Камбағал оилалар (2025): 3 629 та (-1,2%) | Камбағаллик тренди: 13,2% → 11,7% → 9,5% → 7,1% → 6,2% | Кам таъминланган: 3 087 та | Ижтимоий ҳимояга муҳтож: 4 838 та | Мақсад: 2027 йилгача янада камайтириш', TRUE, 'stat.uz', 'Камбағаллик даражаси пасайяпти (13,2% → 6,2%, -53%), аммо камбағал оилалар сони 2025 йилда амалда ўзгармади (3 673 → 3 629). Ҳар бир камбағал оилага мақсадли микрокредит ва субсидия пакети шакллантирилиши, ижтимоий ёрдам иш билан боғлиқ қилиниши зарур. 18 та МФЙни 2026 йилгача камбағалликдан холи қилиш мақсади учун маҳалла даражасида «Бизнес-Инкубатор» нуқтаси очиш керак.', 3629, 6.2, 1, TRUE, '2026-04-28 12:00:00+05'::TIMESTAMPTZ);
INSERT INTO indicators (indicator_id, district_id, no, slide, slide_no, name, description, value, found, source_org, ai_insight, kpi_count, kpi_pct, load_no, final_flag, date_modify) VALUES (696, 19, 17, 3, '3', '«Барқарор келажак» — ёшлар даромадини ошириш', 'Ёшлар бандлиги ва даромадини ошириш режаси', '', FALSE, 'SQB', 'Маълумот SQB ва Туман ҳокимиятидан сўралмоқда. Тўлдирилгандан сўнг таҳлил берилади. Ёшлар даромадини ошириш учун дуал таълим, биринчи иш ўрнига субсидия ва талаб юқори касблар бўйича тезкор қайта тайёрлаш дастурларини кучайтириш керак.', NULL, NULL, 1, TRUE, '2026-04-28 12:00:00+05'::TIMESTAMPTZ);
INSERT INTO indicators (indicator_id, district_id, no, slide, slide_no, name, description, value, found, source_org, ai_insight, kpi_count, kpi_pct, load_no, final_flag, date_modify) VALUES (697, 19, 18, 3, '3', 'Аёллар бандлиги ва даромадини ошириш', 'Аёллар бандлиги ва даромадини ошириш — 2026 йил режаси', '', FALSE, 'Бандлик вазирлиги', 'Маълумот Меҳнат вазирлигидан сўралмоқда. Тўлдирилгандан сўнг таҳлил берилади. Аёллар бандлигини ошириш учун имтиёзли молиялаштириш, мос иш режими (масофавий/ярим ставка) ва маҳалла кесимида касбга йўналтириш дастурларини кенгайтириш зарур.', NULL, NULL, 1, TRUE, '2026-04-28 12:00:00+05'::TIMESTAMPTZ);
INSERT INTO indicators (indicator_id, district_id, no, slide, slide_no, name, description, value, found, source_org, ai_insight, kpi_count, kpi_pct, load_no, final_flag, date_modify) VALUES (698, 19, 19, 3, '3', 'Олий таълим муассасалари', 'Университетлар, талабалар сони ва қувватлар', '', FALSE, 'Хокимият', 'Маълумот Ҳокимиятдан сўралмоқда. Тўлдирилгандан сўнг таҳлил берилади. Олий таълим муассасалари сони ва қуввати — кадрлар тайёрлаш салоҳиятининг муҳим кўрсаткичи.', NULL, NULL, 1, TRUE, '2026-04-28 12:00:00+05'::TIMESTAMPTZ);
INSERT INTO indicators (indicator_id, district_id, no, slide, slide_no, name, description, value, found, source_org, ai_insight, kpi_count, kpi_pct, load_no, final_flag, date_modify) VALUES (699, 19, 20, 3, '3', 'Мактабгача таълим ва мактаб юкламаси', 'Мактабгача таълим қоплами ва мактаблардаги смена тақсимоти', 'Жами: Мактабгача таълим қоплами | 2021: 40,0% | 2022: 51,0% | 2023: 62,0% | 2024: 64,0% | 2025: 70,0% | Ўзгариш (2021→2025): +30 п.п. (+75%) | Мактаб юкламаси: 1 сменали — 36 та, 2 сменали — 20 та, Жами — 56 та | 2 сменали улуши: 35,7%', TRUE, 'Халқ таълими', 'Мактабгача таълим қоплами 5 йилда 40% дан 70% га ошган — кучли натижа. 2 сменали мактаблар улуши (35,7%) нисбатан мақбул. Қопламни 2027 йилгача 85% га етказиш учун мактабгача таълим муассасалари сонини ошириш зарур. Хусусий секторни жалб қилиш ва ҳудудий тенгликка эътибор қаратиш мақсадга мувофиқ.', NULL, NULL, 1, TRUE, '2026-04-28 12:00:00+05'::TIMESTAMPTZ);
INSERT INTO indicators (indicator_id, district_id, no, slide, slide_no, name, description, value, found, source_org, ai_insight, kpi_count, kpi_pct, load_no, final_flag, date_modify) VALUES (700, 19, 21, 4, '4', 'Сунъий интеллект куни ва ходимлар малакасини ошириш', 'Банкда СИ кўникмаларини мунтазам ошириш дастури', 'Жами: СИ малака ошириш дастури | Банкда «Сунъий интеллект куни» ташкил этилди — ҳар чоршанба | Ходимларга онлайн ўқитиш тизими жорий қилинди | Раҳбар ходимлар ўқувлари тўлиқ якунланди | СИ ечимларидан фойдаланиш бўйича қисқа ўқув курслари ташкил этилди', TRUE, 'SQB', 'Банк ходимларининг СИ саводхонлиги мунтазам оширилмоқда. Ҳафталик «СИ куни» амалиёти орқали ходимлар янги технологияларни кундалик ишга татбиқ этишни ўрганмоқда. Кейинги босқичда ҳар бир бўлим учун СИ KPI жорий этиш тавсия этилади.', NULL, NULL, 1, TRUE, '2026-04-28 12:00:00+05'::TIMESTAMPTZ);
INSERT INTO indicators (indicator_id, district_id, no, slide, slide_no, name, description, value, found, source_org, ai_insight, kpi_count, kpi_pct, load_no, final_flag, date_modify) VALUES (701, 19, 22, 4, '4', 'Раҳбарлар ва банкирларни СИ га ўқитиш', 'Ҳоким, ҳоким ўринбосарлари, банк раҳбарлари ва маҳалла банкирларини босқичма-босқич ўқитиш', 'Жами: 4 босқичли СИ ўқитиш | 1-босқич: Ҳоким ва ҳоким ўринбосарлари — СИ стратегия ва қарор қабул қилиш | 2-босқич: Банк филиал раҳбарлари — СИ скоринг ва риск таҳлили | 3-босқич: Маҳалла банкирлари — СИ платформа орқали мижоз хизмати | 4-босқич: МФЙ раислари — СИ маълумотлар таҳлили ва ҳисобот', TRUE, 'SQB', 'Раҳбарларни СИ га ўқитиш «юқоридан пастга» тамойилида амалга оширилади: аввал ҳоким даражасида стратегик қарорлар учун СИ, кейин банк раҳбарларига скоринг ва таҳлил, сўнг маҳалла банкирларига мижоз билан ишлаш учун СИ платформа ўргатилади. Ҳар босқич 2–4 ҳафта давом этади.', NULL, NULL, 1, TRUE, '2026-04-28 12:00:00+05'::TIMESTAMPTZ);
INSERT INTO indicators (indicator_id, district_id, no, slide, slide_no, name, description, value, found, source_org, ai_insight, kpi_count, kpi_pct, load_no, final_flag, date_modify) VALUES (702, 19, 23, 4, '4', 'Аҳолини СИ орқали тадбиркорликка ўқитиш', 'Фуқароларни СИ платформаси орқали касб танлаш, тадбиркорлик ва ишга жойлашишга тайёрлаш', '', FALSE, 'SQB', 'Маълумот SQB маҳаллий филиалидан сўралмоқда. Тўлдирилгандан сўнг таҳлил берилади. СИ платформаси орқали ҳар бир фуқарони индивидуал баҳолаш — кўникмаси кучли бўлганлар ишга, тадбиркорлик қобилияти борлар бизнесга йўналтириш — Янгиқўрғонда ҳам жорий этилиши керак.', NULL, NULL, 1, TRUE, '2026-04-28 12:00:00+05'::TIMESTAMPTZ);
INSERT INTO indicators (indicator_id, district_id, no, slide, slide_no, name, description, value, found, source_org, ai_insight, kpi_count, kpi_pct, load_no, final_flag, date_modify) VALUES (703, 19, 24, 4, '4', '«SQB AI Advisor» — ақлли ёрдамчи платформа', 'Маҳалла банкирлари ва тадбиркорларга СИ ёрдами берувчи платформа', 'Жами: SQB AI Advisor функциялари | СИ маслаҳатчи чат-боти: тадбиркорлик, ҳуқуқий, молиявий саволларга жавоб | Бизнес-режа генератори: автоматик бизнес-режа тузиш | Кредит бўйича мос ечимлар: мижозга мос кредит маҳсулотини танлаш | Маҳалла агенти самарадорлиги: онлайн KPI мониторинг | Прогноз: даромадни ошириш тавсиялари, мавсумий хавфлар', TRUE, 'SQB', '«SQB AI Advisor» платформаси маҳалла банкири ва тадбиркорларга кундалик ишларда СИ ёрдамини беради: мижозларга автоматик маслаҳат, бизнес-режа генератори, кредит мослаштириш ва самарадорлик мониторинги. 2026 йил якунигача барча 68 МФЙда жорий этиш режалаштирилган.', NULL, NULL, 1, TRUE, '2026-04-28 12:00:00+05'::TIMESTAMPTZ);
INSERT INTO indicators (indicator_id, district_id, no, slide, slide_no, name, description, value, found, source_org, ai_insight, kpi_count, kpi_pct, load_no, final_flag, date_modify) VALUES (704, 19, 25, 4, '4', 'Маҳалла ихтисослашуви', 'Маҳаллаларнинг иқтисодий фаолият йўналишлари', 'Жами: 68 та маҳалла | Боғдорчилик: ~33 та МФЙ (49%) | Деҳқончилик/Картошкачилик: ~21 та МФЙ (31%) | Чорвачилик: ~10 та МФЙ (15%) | Ҳунармандчилик/Туризм: ~4 та МФЙ (6%)', TRUE, 'МФЙ агентлиги', 'Боғдорчилик (49%) ва картошкачилик (31%) устунлик қилади. Мева-сабзавотни қайта ишлаш занжирига уланиш (ҳозир 15% ишлатилган) ва Ҳазрати Довуд туристик зонаси (280 000 сайёҳ) базасида туризм МФЙларини ривожлантириш мумкин. Ҳунармандчилик улушини 6% дан 10–12% га кўтариш реал имконият.', NULL, NULL, 1, TRUE, '2026-04-28 12:00:00+05'::TIMESTAMPTZ);
INSERT INTO indicators (indicator_id, district_id, no, slide, slide_no, name, description, value, found, source_org, ai_insight, kpi_count, kpi_pct, load_no, final_flag, date_modify) VALUES (705, 19, 26, 4, '4', 'Маҳалла драйвер секторлари', 'Маҳалла даражасида ўсишни таъминловчи тармоқлар', 'Жами: 2 та драйвер сектор | 1-сектор: Қишлоқ хўжалиги (боғдорчилик, картошкачилик, чорвачилик) | 2-сектор: Туризм (Ҳазрати Довуд, Нурмулоқ)', TRUE, 'SQB', 'Қишлоқ хўжалиги ва туризмни «ишлаб чиқариш + қайта ишлаш + агротуризм» занжирида боғлаш керак. Нурмулоқ курорт лойиҳаси (1 555 млрд сўм инвестиция, 2026–2027) туман иқтисодиётини тубдан ўзгартириш имконини беради. Ягона «Yangiqorgon Experience» брендида бирлашмоғи лозим.', NULL, NULL, 1, TRUE, '2026-04-28 12:00:00+05'::TIMESTAMPTZ);
INSERT INTO indicators (indicator_id, district_id, no, slide, slide_no, name, description, value, found, source_org, ai_insight, kpi_count, kpi_pct, load_no, final_flag, date_modify) VALUES (706, 19, 27, 4, '4', 'Микролойиҳалар сони ва иш ўринлари', 'Йиллик кредит режа, иш ўринлари ва маҳалла тақсимоти', 'Жами: 680 та лойиҳа | Иш ўринлари: 5 440 та | Лойиҳалар умумий қиймати: 32 млрд сўм | Жами маҳаллалар: 68 та | 2026 йил кредит режаси: 554 млрд сўм | Кичик бизнес: 252 млрд сўм | Саноат: 302 млрд сўм', TRUE, 'Марказий банк', '680 та микролойиҳа орқали 5 440 та иш ўрни яратилган. Банкирлар вазифалари: (1) лойиҳани танлаш ва скоринг; (2) кредит расмийлаштиришда ёрдам; (3) лойиҳа мониторинги; (4) молиявий маслаҳат. 2026 йилда саноат улушининг 55% ва кичик бизнес 45% нисбатида тақсимланиши қ/х секторида тегишли яратилаётган қувватнинг ошиши учун қайта кўриб чиқилиши керак.', NULL, NULL, 1, TRUE, '2026-04-28 12:00:00+05'::TIMESTAMPTZ);
INSERT INTO indicators (indicator_id, district_id, no, slide, slide_no, name, description, value, found, source_org, ai_insight, kpi_count, kpi_pct, load_no, final_flag, date_modify) VALUES (707, 19, 28, 4, '4', 'Ишсизлик юқори маҳаллалар', 'Оғир тоифадаги маҳаллалар бўйича манзилли иш режаси', 'Жами: 4 та оғир тоифадаги маҳалла | Маҳалла типологияси: Оғир — 4 та, Ўрта — 23 та, Енгил — 41 та | Фокус: манзилли бандлик ва микролойиҳа дастурлари', TRUE, 'МФЙ агентлиги', 'Оғир тоифадаги 4 та маҳаллада «бир маҳалла — бир драйвер йўналиш» тамойили асосида тезкор бандлик режаси ишга туширилиши керак. Ишсиз аҳолини кўникма бўйича сегментация қилиб, 3 ойлик қисқа циклда ишга жойлаштириш ва микролойиҳага улаш механизмлари қўлланиши лозим. Ҳар ой KPI мониторинг (иш ўрни, даромад, қайтмаслик) юритилиши тавсия этилади.', NULL, NULL, 1, TRUE, '2026-04-28 12:00:00+05'::TIMESTAMPTZ);
INSERT INTO indicators (indicator_id, district_id, no, slide, slide_no, name, description, value, found, source_org, ai_insight, kpi_count, kpi_pct, load_no, final_flag, date_modify) VALUES (708, 19, 29, 4, '4', 'SQB рақамли хизматлари', 'SQB банкнинг рақамли ва мобил молиявий хизматлар экотизими', 'Жами: 3 та рақамли платформа | SQB Mobile: жисмоний шахслар учун мобил банк — тўловлар, ўтказмалар, онлайн кредит | SQB Business: юридик шахслар учун онлайн бухгалтерия, тўлов, ҳисоб-китоб | SQB AI Advisor: сунъий интеллект асосидаги молиявий маслаҳатчи — кредит скоринг, инвестиция таҳлили | Банк инфратузилмаси: SQB филиали 1 та, банкоматлар 1 та, бошқа банклар 21 та, банк ходимлари 68 нафар, маҳалла банкирлари 18 та (3 аёл, 15 эркак), маҳалла агентлари 68 та', TRUE, 'SQB', 'Туманда банкомат сони жуда кам (1 та) — бу рақамли хизматларга кириш имконини чеклаяпти. Банкомат тармоғини кенгайтириш ва мижозларни «Mobile» ва «Business» платформаларига ўтказиш зарур. Маҳалла банкирлари (18 та) ва агентлари (68 та) сони МФЙ сони билан мослиги — ҳар маҳаллада қамров асосини яратади.', NULL, NULL, 1, TRUE, '2026-04-28 12:00:00+05'::TIMESTAMPTZ);
INSERT INTO indicators (indicator_id, district_id, no, slide, slide_no, name, description, value, found, source_org, ai_insight, kpi_count, kpi_pct, load_no, final_flag, date_modify) VALUES (709, 19, 30, 4, '4', '«Ҳар бир оила — тадбиркор» дастури', 'Оилавий тадбиркорлик учун имтиёзли кредит', 'Жами: Оилавий тадбиркорлик дастури | Иштирокчи банклар: Халқ банки, Микрокредит банк | Фоиз ставкаси: 18% | Максимал сумма: 300 млн сўм | Муддат: 3 йилгача | Имтиёзли давр: 3–6 ой', TRUE, 'Марказий банк', 'Оилавий тадбиркорликни кўпайтириш учун SQB AI Advisor платформасидан фойдаланиш тавсия этилади. Платформа орқали кредит скоринги, бизнес-режа тузиш ва молиявий маслаҳат олиш имконияти мавжуд. Маҳалла банкирлари ҳар бир оилани платформага йўналтириш ва имтиёзли кредитдан самарали фойдаланишга ёрдам бериши керак.', NULL, NULL, 1, TRUE, '2026-04-28 12:00:00+05'::TIMESTAMPTZ);
INSERT INTO indicators (indicator_id, district_id, no, slide, slide_no, name, description, value, found, source_org, ai_insight, kpi_count, kpi_pct, load_no, final_flag, date_modify) VALUES (710, 19, 31, 4, '4', '«HAMROH» хотин-қизлар тадбиркорлиги', 'Хотин-қизлар учун махсус молиявий дастур', 'Жами: Хотин-қизлар учун махсус молиявий дастур | Иштирокчи банклар: SQB, Халқ банки, Микрокредит банк, Агро банк | Гаровсиз кредит: 100 млн сўмгача | Компания кафиллиги: 70%', TRUE, 'Марказий банк', 'HAMROH — хотин-қизлар тадбиркорлигини қўллаб-қувватлашнинг энг катта давлат дастури. Туманда аёллар ишсизлиги (2 356 киши) юқорилигини инобатга олиб, маҳалла банкирлари орқали аёлларни фаол жалб қилиш ва боғдорчилик/чорвачилик бўйича бизнес тренинглар ташкил этиш зарур.', NULL, NULL, 1, TRUE, '2026-04-28 12:00:00+05'::TIMESTAMPTZ);
INSERT INTO indicators (indicator_id, district_id, no, slide, slide_no, name, description, value, found, source_org, ai_insight, kpi_count, kpi_pct, load_no, final_flag, date_modify) VALUES (711, 19, 32, 4, '4', 'Ишсизлик юқори маҳаллаларни ҳоли ҳудудга айлантириш режаси', '4 та оғир маҳаллада ишсизликни камайтириш режаси', 'Жами: 4 та маҳалла, оғир тоифа | Ишсизлар (2025): 5 478 киши | Ёшлар (16–30): 1 753 киши | Аёллар: 2 356 киши | Кредит маҳсулотлари: 1) Микрокредит, 2) Оилавий тадбиркорлик, 3) Давлат субсидияси, 4) Лизинг | Мақсад: 2027 йилгача янада камайтириш', TRUE, 'SQB', '4 та оғир тоифали маҳаллада аёллар ишсизлиги (43%) ва ёшлар ишсизлиги (32%) устунлик қилади. «Бир маҳалла — бир драйвер йўналиш» (боғдорчилик ёки туризм) модели жорий қилиниши мақсадга мувофиқ. 2–3 ойлик тезкор цикл орқали микролойиҳаларга жалб қилиш тавсия этилади.', NULL, NULL, 1, TRUE, '2026-04-28 12:00:00+05'::TIMESTAMPTZ);
INSERT INTO indicators (indicator_id, district_id, no, slide, slide_no, name, description, value, found, source_org, ai_insight, kpi_count, kpi_pct, load_no, final_flag, date_modify) VALUES (712, 19, 33, 5, '5', 'Боғдорчилик ва мева-сабзавот қайта ишлаш кластери', 'Туман қишлоқ хўжалик ҳажми ва экспорт салоҳияти', 'Жами: Қ/х маҳсулоти ҳажми (2025) — 254,7 млрд сўм | Йўналиш: интенсив боғдорчилик, муздуратма-омборхона, шарбат/қуритилган мева | Имконият: қайта ишлаш улушини 15% дан 40% га ошириш ва экспорт ўзаги яратиш | Инвестиция: $5–18 млн/лойиҳа', TRUE, 'Туман статистика бўлими', 'Янгиқўрғонда 47 та маҳалланинг асосий ихтисослашуви боғдорчилик ва картошкачилик бўлгани боис, мева-сабзавот қайта ишлаш салоҳиятининг ҳозирда атиги 60% и ишлатилган. Биринчи навбатда маҳаллаларда (Бунёдкор, Хадикент, Кўкёр, Ғалаба, Тинчлик) хом ашё йиғув марказлари ва 3–5 минг тонналик муздаткич-омборхоналар қуриш зарур. Иккинчи босқичда олма-олхўри-шафтоли асосида олхўри какоси, шарбат концентрати, қуритилган мева чиқарувчи 2 та йирик завод қуриш — экспортни жорий $21,8 мингдан 5–7 млн долларгача ошириш имконини беради.', NULL, NULL, 1, TRUE, '2026-04-28 12:00:00+05'::TIMESTAMPTZ);
INSERT INTO indicators (indicator_id, district_id, no, slide, slide_no, name, description, value, found, source_org, ai_insight, kpi_count, kpi_pct, load_no, final_flag, date_modify) VALUES (713, 19, 34, 5, '5', 'Ҳазрати Довуд зиёратгоҳи ва Нурмулоқ курорт шаҳри', 'Диний-тарихий туризм ва шифобахш курорт зонаси', 'Жами: 280 минг сайёҳ/йил (Ҳазрати Довуд, режа 230 минг) | Йўналиш: зиёрат туризми, эко-курорт, wellness & SPA, глампинг | Имконият: 1 555 млрд сўм инвестиция (2026–2027) орқали йиллик 1 млн+ сайёҳ | Инвестиция: $120–200 млн (Нурмулоқ курорт шаҳри лойиҳа қиймати)', TRUE, 'Туризм бўлими', 'Ҳазрати Довуд бўйича режадан 50 минг сайёҳ ортиқча келаётгани (280K факт vs 230K режа) — қувватдан фойдаланиш чегарага етганини билдиради. Шошилинч равишда 2026 йилгача «Hazrati Dovud Pilgrim Pass» рақамли пакет жорий этиш ва атрофдаги Заркент, Қорасув, Қизилёзи маҳаллаларида гостевой уйлар тармоғини оч-кий+нонушта формати бўйича 200+ ўрингача кенгайтириш керак. Нурмулоқда ПЧШ механизми орқали хусусий инвесторларни жалб қилиш — шифобахш сув + тоғ туризми + халол-фрэндли инфратузилмани бирлаштириш мақсадга мувофиқ.', NULL, NULL, 1, TRUE, '2026-04-28 12:00:00+05'::TIMESTAMPTZ);
INSERT INTO indicators (indicator_id, district_id, no, slide, slide_no, name, description, value, found, source_org, ai_insight, kpi_count, kpi_pct, load_no, final_flag, date_modify) VALUES (714, 19, 35, 5, '5', 'Узумчилик ва вино/шарбат саноати', 'Узум хом ашёси ҳажми катта, лекин қайта ишлаш атиги 5%', 'Жами: 56 978 тонна узум ҳосили (2025), 1 719 га майдон | Йўналиш: қуритилган узум (мавиз), узум шарбати, табиий вино, узум сирка | Имконият: қайта ишлашни 5% дан 30% га ошириш орқали қўшилган қиймат +180 млрд сўм | Инвестиция: $3–7 млн (мавиз қуритиш) + $8–15 млн (шарбат-вино заводи)', TRUE, 'Қ/х бўлими', 'Дехқонобод, Гулшан, Гаистон, Туман, Боғ, Радивон маҳаллалари узумчилик ихтисослашган — лекин ҳосилнинг 95% и хом ҳолда сотилмоқда. Бу — энг катта йўқотилган имконият. Биринчи қадам: 4 та маҳаллавий мавиз қуритиш цехи (қуёш+газ гибрид) очиш, ҳар бирида 30–50 иш ўрни. Иккинчи қадам: туман даражасида 1 та маркази шарбат-концентрат заводи (10 минг тонна/йил) — Россия ва Қозоғистон бозорига экспорт. Учинчи қадам: маҳаллий «GI» (Geographical Indication) ҳимояси билан «Янгиқўрғон узуми» брендини рўйхатга олиш.', NULL, NULL, 1, TRUE, '2026-04-28 12:00:00+05'::TIMESTAMPTZ);
INSERT INTO indicators (indicator_id, district_id, no, slide, slide_no, name, description, value, found, source_org, ai_insight, kpi_count, kpi_pct, load_no, final_flag, date_modify) VALUES (715, 19, 36, 5, '5', 'Қурилиш материаллари кластерини кенгайтириш', 'Мавжуд 13 та корхона ва Нурмулоқ-курорт лойиҳаси талаби', 'Жами: 51 млрд сўм/йил кластер ҳажми (2025) | Корхоналар сони: 13 та (2021 — 9 та → +44%) | Имконият: Нурмулоқ ва туризм инфратузилмаси учун ички талабни 100% қоплаш | Инвестиция: $2–10 млн/лойиҳа (ғишт, темир-бетон, керамика)', TRUE, 'Туман ҳокимияти', 'Кластер ўсиш динамикаси барқарор (2021–2025: +89% ҳажм). Лекин Нурмулоқ курорт шаҳрига 1 555 млрд сўм инвестиция режалаштирилгани ва йил давомида 1 010 та янги иш ўрни яратилиши кутилаётгани шуни кўрсатадики, ички талаб 2026–2028 йилларда сезиларли ошади. SQB кредит дастури орқали 5–7 та янги ўрта корхона (хорижий керамика, рангли ғишт, smart blocks) очиш — импорт ўрнини босиш бўйича 25% га ҳисса қўшади. Қум-шағал тоғ-кон секторини ривожлантириш учун геологик қидирув ишларини бошлаш керак.', NULL, NULL, 1, TRUE, '2026-04-28 12:00:00+05'::TIMESTAMPTZ);
INSERT INTO indicators (indicator_id, district_id, no, slide, slide_no, name, description, value, found, source_org, ai_insight, kpi_count, kpi_pct, load_no, final_flag, date_modify) VALUES (716, 19, 37, 5, '5', 'Қуёш энергетикаси ва энергия мустақиллиги', 'Йилига 280–300 қуёшли кун, газ таъминоти 38%', 'Жами: 50 марта/ой электр узилиши (2025), 5 йил олдин 130 эди | Йўналиш: қуёш панеллари, гибрид станциялар (агро+СЭС), биогаз | Имконият: газ танқислигини бартараф этиш ва саноат электр харажатини 30% га камайтириш | Инвестиция: $5–25 млн/лойиҳа (1–10 МВт қувватли СЭС)', TRUE, 'Минэнерго', 'Электр тармоғи модернизация талаб қилувчи қисми 54% га етган (2021 йилда 35% эди — ёмон тенденция). Ҳамон 38% хонадон газга уланмаган. Бу — қуёш ва биогаз учун муқим бозор. Биринчи навбатда саноат зоналари (Бунёдкор-1, Бунёдкор-2, Қораполвон ёшлар, Нурафшон КСЗ) усти 1–2 МВт қувватли қуёш панеллари билан жиҳозланиши керак. Иккинчи қадам: чорвачиликка ихтисослашган 14 та маҳаллада кичик биогаз қурилмалари — гўнгдан газ ва органик ўғит. Учинчи қадам: туман маркази учун 5 МВт қувватли пилот СЭС лойиҳаси.', NULL, NULL, 1, TRUE, '2026-04-28 12:00:00+05'::TIMESTAMPTZ);
INSERT INTO indicators (indicator_id, district_id, no, slide, slide_no, name, description, value, found, source_org, ai_insight, kpi_count, kpi_pct, load_no, final_flag, date_modify) VALUES (717, 19, 38, 5, '5', 'Касаначилик ва ҳунармандчилик кластери', 'Маҳалла даражасида ҳунармандчилик ва ёғочга ишлов потенциали', 'Жами: 400 хонадон Қизилқиёқ маҳалласида ёғочга ишлов беради (36,2%) | Йўналиш: мебел, эшик-дераза, ёғоч ўймакорлиги, тикувчилик, нонвойчилик | Имконият: касаначиликни расмий секторга ўтказиш ва экспорт занжири қуриш | Инвестиция: $0,5–3 млн/маҳалла кластери (умумий устахона, дизайн маркази)', TRUE, 'МФЙ агентлиги', 'Баркамол маҳалласида 205 хонадон касаначилик билан, Қизилқиёқда 400 хонадон ёғочга ишлов бериш билан, бошқа маҳаллаларда тикувчилик, саватчилик, нонвойчилик, қандолат билан шуғулланади — лекин буларнинг кўпчилиги норасмий секторда. Янги иш ўринлари 1 100 та / йил мақсадини бажариш учун шу 3–4 та «ҳунарманд маҳалла»ни умумий тармоқли касаначилик кластерига айлантириш керак: ягона хом ашё таъминоти, дизайн ва брендинг маркази, онлайн платформа орқали сотув. Норасмий 36 200 ишчиларнинг ҳеч бўлмаса 30% ини расмийлаштириш йилига 6,8 млрд сўм қўшимча солиқ беради.', NULL, NULL, 1, TRUE, '2026-04-28 12:00:00+05'::TIMESTAMPTZ);
INSERT INTO indicators (indicator_id, district_id, no, slide, slide_no, name, description, value, found, source_org, ai_insight, kpi_count, kpi_pct, load_no, final_flag, date_modify) VALUES (718, 19, 39, 5, '5', 'Логистика ва транспорт инфратузилмаси', 'Темир йўл стансиясидан 30 км, асфальт йўллар улуши кескин ўсди', 'Жами: 69% асфальтланган йўллар улуши (2025), 2021 йилда 18% эди | Йўналиш: муздуратма омборхоналар тармоғи, транспорт-логистика хаби | Имконият: Фарғона водийси–Хитой йўналиши учун транзит хизматлари | Инвестиция: $10–35 млн (мультимодал омбор+автотерминал)', TRUE, 'Йўл хўжалиги', 'Йўл инфратузилмаси охирги 4 йилда тубдан яхшиланди (18% → 69% асфальт), 26 та омборхона (18 000 м²) мавжуд — лекин бу қ/х маҳсулоти ҳажми (254,7 млрд сўм) учун камлик қилади. D-111 автомобил йўлининг 17 км ли қисми ҳозир таъмирланмоқда. Темир йўл стансияси яқинида (30 км) «Cold Chain Logistics Hub» қуриш — мева-сабзавот, гўшт ва сут маҳсулотлари учун -5°C дан +15°C гача харорат режимли омбор тармоғини яратиш. Бу нафақат маҳаллий ишлаб чиқарувчилар учун, балки бутун Фарғона водийсидан Қозоғистон-Россияга экспорт учун айланма марказ бўла олади.', NULL, NULL, 1, TRUE, '2026-04-28 12:00:00+05'::TIMESTAMPTZ);
INSERT INTO indicators (indicator_id, district_id, no, slide, slide_no, name, description, value, found, source_org, ai_insight, kpi_count, kpi_pct, load_no, final_flag, date_modify) VALUES (719, 19, 40, 5, '5', 'Туризм инфратузилмасига давлат инвестицияси', '2027 йилга мўлжалланган маҳаллалар туризм инфратузилмасини ривожлантириш дастури', '', FALSE, 'Хокимият', 'Маълумот Ҳокимиятдан сўралмоқда. Тўлдирилгандан сўнг таҳлил берилади. Туризм инфратузилмасига давлат инвестицияси Нурмулоқ курорт шаҳри (1 555 млрд сўм) ва Ҳазрати Довуд зиёратгоҳи талабларига мутаносиб режалаштирилиши керак.', NULL, NULL, 1, TRUE, '2026-04-28 12:00:00+05'::TIMESTAMPTZ);
INSERT INTO indicators (indicator_id, district_id, no, slide, slide_no, name, description, value, found, source_org, ai_insight, kpi_count, kpi_pct, load_no, final_flag, date_modify) VALUES (720, 19, 41, 6, '6', 'Стратегик хулоса — 4 та устувор йўналиш', 'Туман иқтисодиётининг асосий ўсиш ўқлари', 'Жами: 4 та стратегик кесим (агро-қайта ишлаш, туризм, ҳунармандчилик, қурилиш) | 1-устунлик: Боғдорчилик-сабзавот қайта ишлаш (қ/х 49% улушни 30% гача оптимизация) | 2-устунлик: Туризм + Нурмулоқ курорт (1 555 млрд сўм инвестиция) | 3-устунлик: Қурилиш материаллари кластери (13 корхона → 20+ кенгайтириш) | 4-устунлик: Касаначилик ва ҳунармандчиликни расмийлаштириш (норасмий 36 200 → 25 000)', TRUE, 'SQB', 'Туман қ/х устуворлигидан саноат-хизмат балансланган моделга ўтиш йўлида: ҳозирги тузилма (Қ/х: 49%, Саноат: 15%, Хизматлар: 36%) 2030 йилгача (Қ/х: 30%, Саноат: 25%, Хизматлар: 45%) тенденциясига йўналтирилиши керак. Бу 4 устунликни алоҳида эмас, ўзаро боғлаб ривожлантириш зарур: туризм-агрозона-ҳунармандчилик ягона «Yangiqorgon Experience» брендида бирлашмоғи лозим.', NULL, NULL, 1, TRUE, '2026-04-28 12:00:00+05'::TIMESTAMPTZ);
INSERT INTO indicators (indicator_id, district_id, no, slide, slide_no, name, description, value, found, source_org, ai_insight, kpi_count, kpi_pct, load_no, final_flag, date_modify) VALUES (721, 19, 42, 6, '6', 'Инвестиция жалб қилиш режаси 2026–2031', '6 йиллик инвестиция дастури ва йиллик тақсимот', 'Жами: 900 млрд сўм инвестиция режаси (2026–2031) | 2026: 100 млрд сўм | 2027: 120 млрд сўм (+20%) | 2028: 140 млрд сўм | 2029: 160 млрд сўм | 2030: 180 млрд сўм | 2031: 200 млрд сўм (барқарор +14%/йил)', TRUE, 'Туман ҳокимияти', 'Жалб қилиш бажарилиш фоизи охирги 5 йилда 72% дан 95% га ўсди — режа реал. Лекин ТТИ (тўғридан-тўғри хорижий инвестициялар) ҳозирда атиги 100 минг $ — бу муҳим заиф нуқта. 2026 йилда ТТИ ни камида 2 млн долларгача (20 баробар) ошириш учун 2 та халқаро инвестор учрашуви, инглиз тилидаги «investment dossier» ва «Invest in Yangiqorgon» сайт-портал тайёрлаш керак. ЕБРР билан жорий 0,2 млн $ ҳажмидаги ҳамкорликни 5 млн долларгача ошириш бўйича музокаралар бошлаш мақсадга мувофиқ.', NULL, NULL, 1, TRUE, '2026-04-28 12:00:00+05'::TIMESTAMPTZ);
INSERT INTO indicators (indicator_id, district_id, no, slide, slide_no, name, description, value, found, source_org, ai_insight, kpi_count, kpi_pct, load_no, final_flag, date_modify) VALUES (722, 19, 43, 6, '6', 'Иш ўрни яратиш ва бандлик режаси (2026–2027)', 'Тармоқлар бўйича янги иш ўринлари тақсимоти', 'Жами: 1 010 та янги иш ўрни (2026–2027) | Саноат: 2026 — 551 → 2027 — 601 та (+9%) | Туризм: 2026 — 90 → 2027 — 140 та (+56%) | Қ/х ва расмийлаштириш: 2026 — 850 та (норасмий бандликни расмий секторга ўтказиш) | КПИ: 2026 йилда йиллик 1 100 та янги иш ўрни (доимий мақсад)', TRUE, 'SQB', 'Туризмда иш ўрни ўсиш суръати энг юқори (+56%) — Нурмулоқ ва Ҳазрати Довуд лойиҳалари самараси. Лекин расмийлаштириш орқали 850 та иш ўрни — энг муҳим, чунки норасмий 36 200 ишчилар расмий секторга ўтса, йилига 6,8 млрд сўм солиқ йўқотиш қопланади. Ёшлар ишсизлиги (1 753 киши) ва аёллар ишсизлиги (2 356 киши) бўйича алоҳида дастур керак: ёшларга — IT ва туризм соҳаларида грант асосли ўқитиш, аёлларга — масофавий тикувчилик ва уй-ишлаб чиқариш кластери орқали бандлик. Қайтган мигрантлар (1 920 киши, 2025) — тайёр кадрлар ресурси.', NULL, NULL, 1, TRUE, '2026-04-28 12:00:00+05'::TIMESTAMPTZ);
INSERT INTO indicators (indicator_id, district_id, no, slide, slide_no, name, description, value, found, source_org, ai_insight, kpi_count, kpi_pct, load_no, final_flag, date_modify) VALUES (723, 19, 44, 6, '6', 'Маҳалла типологияси ва дифференциал ёрдам', '68 та МФЙ ни оғирлик даражасига кўра тоифалаш', 'Жами: 68 та МФЙ (2025 йилда 71 → 68 га оптимизация қилинди) | Оғир тоифа: 4 та МФЙ — интенсив ёрдам, ҳар бирига 5–7 та микролойиҳа | Ўрта тоифа: 23 та МФЙ — ривожлантириш дастури, инфратузилма | Енгил тоифа: 41 та МФЙ — мустаҳкамлаш, ўз-ўзини бошқариш | Камбағаллик: 6,2% (2025), 2027 йилгача 2,2% га тушириш мақсади', TRUE, 'МФЙ агентлиги', 'Камбағаллик 2021 йилдан 2025 йилгача 2 баробар камайди (13,2% → 6,2%) — миллий ўртачадан тезроқ суръат. Лекин қолган 4 та «оғир» маҳалла учун стандарт чора-тадбирлар самарасиз: уларга махсус «ман-чизма» таҳлили қилиб, ҳар бир оила учун индивидуал кўрсаткичлар (мониторинг 1 ой даврида) ишлаб чиқиш керак. 2026 йилгача 18 та МФЙ камбағалликдан холи бўлиши режа қилинган — бу учун маҳалла даражасида 18 та «Бизнес-Инкубатор» нуқтаси очиш ва ҳар бирини SQB маҳаллий банкири билан боғлаш керак (айни пайтда 18 банкир, 68 маҳалла агенти бор).', NULL, NULL, 1, TRUE, '2026-04-28 12:00:00+05'::TIMESTAMPTZ);

-- districts for region: jizzax
INSERT INTO districts (district_id, region_id, slug, name_uz, name_ru, name_en, district_name, json_file, has_data, type, year, total_cards, load_no, final_flag, date_modify) VALUES (20, 9, 'forish', 'Фориш', 'Фариш', 'Forish', '', 'forish.json', TRUE, NULL, NULL, 44, 1, TRUE, '2026-04-28 12:00:00+05'::TIMESTAMPTZ);
INSERT INTO hero_kpis (hero_kpi_id, district_id, metric_name, metric_value, metric_unit, load_no, final_flag, date_modify) VALUES (61, 20, 'Аҳоли', 96.5, 'минг киши', 1, TRUE, '2026-04-28 12:00:00+05'::TIMESTAMPTZ);
INSERT INTO hero_kpis (hero_kpi_id, district_id, metric_name, metric_value, metric_unit, load_no, final_flag, date_modify) VALUES (62, 20, 'Маҳалла', 24, 'та', 1, TRUE, '2026-04-28 12:00:00+05'::TIMESTAMPTZ);
INSERT INTO hero_kpis (hero_kpi_id, district_id, metric_name, metric_value, metric_unit, load_no, final_flag, date_modify) VALUES (63, 20, 'Оила', 17500, 'та', 1, TRUE, '2026-04-28 12:00:00+05'::TIMESTAMPTZ);
INSERT INTO hero_kpis (hero_kpi_id, district_id, metric_name, metric_value, metric_unit, load_no, final_flag, date_modify) VALUES (64, 20, 'Хонадон', 15800, 'та', 1, TRUE, '2026-04-28 12:00:00+05'::TIMESTAMPTZ);
INSERT INTO indicators (indicator_id, district_id, no, slide, slide_no, name, description, value, found, source_org, ai_insight, kpi_count, kpi_pct, load_no, final_flag, date_modify) VALUES (724, 20, 1, 1, '1', 'Туманнинг макроиқтисодий кўрсаткичлари', 'Саноат, бозор хизматлари ҳажми, тармоқлар улуши ва ўсиш суръати', 'Жами: 2025 йил кўрсаткичлари | Саноат: 1 618,7 млрд сўм | Бозор хизматлари: 685,9 млрд сўм | Саноат ўсиш суръати: 113,5% | Хизматлар индекс динамикаси: 115,0 | Тармоқлар улуши: Қ/х 30,4%, Саноат 28,6%, Хизматлар 41% | ЯҲМ республика ўртачасига нисбатан: 64,5%', TRUE, 'Туман статистика бўлими', 'Фориш туманининг ЯҲМ кўрсаткичи республика ўртачасининг атиги 64,5% даражасида — ўсиш заҳираси катта. Иқтисодиётда Қ/х (30,4%) ва Хизматлар (41%) етакчи бўлгани сабабли қишлоқ хўжалиги маҳсулотларини қайта ишлаш ва туризм-сервис инфратузилмасига йўналтирилган инвестициялар ЯҲМ ни тез ўстириш имконини беради. Саноат улуши 28,6% — қурилиш материаллари кластери ва тоғ-кон хомашёси базасида қўшимча қиймат занжирини чуқурлаштириш мақсадга мувофиқ.', NULL, NULL, 1, TRUE, '2026-04-28 12:00:00+05'::TIMESTAMPTZ);
INSERT INTO indicators (indicator_id, district_id, no, slide, slide_no, name, description, value, found, source_org, ai_insight, kpi_count, kpi_pct, load_no, final_flag, date_modify) VALUES (725, 20, 2, 1, '1', 'Туман иқтисодиётининг устувор драйверлари', 'Фориш туманининг устувор тармоқлари ва ривожланиш йўналишлари', 'Жами: 2 та расмий устувор тармоқ + туризм потенциали | 1-ўрин Қишлоқ хўжалиги: улуши 30,4%, бандлик 18,2 минг киши | 2-ўрин Қурилиш материаллари: базальт, цемент, оҳак, қум-шағал — 7 та хомашё тури | Қўшимча: Туризм-экологик йўналиш — BCG/халқaрo бaҳo «ўсиш нуқтaсигa эгa стрaтeгик тумaн» сифaтидa тaн oлингaн | Хизмaтлaр улуши 41% — eнг кaттa тaрмoқ', TRUE, 'Туман ҳокимияти', 'Фориш учун «3 устунли кластер» модели оптимал: (1) қишлоқ хўжалиги маҳсулотларини қайта ишлаш, (2) қурилиш материаллари саноати (тоғ-кон хомашёси базасида), (3) эко-туризм. Ҳар бир йўналиш бўйича 1–2 та «тез натижа» лойиҳасини молиялаштириб, бандлик ва туман бюджетига таъсирини ойма-ой кузатиш керак. Саноат улуши 28,6% дан 35%+ га ўткaзилишигa қурилиш материаллари кластери хизмат қилади.', NULL, NULL, 1, TRUE, '2026-04-28 12:00:00+05'::TIMESTAMPTZ);
INSERT INTO indicators (indicator_id, district_id, no, slide, slide_no, name, description, value, found, source_org, ai_insight, kpi_count, kpi_pct, load_no, final_flag, date_modify) VALUES (726, 20, 3, 1, '1', 'Саноат маҳсулотлари ишлаб чиқариш динамикаси', 'Туманда саноат маҳсулотлари ишлаб чиқариш ҳажми — йиллик динамика', '2021: 256.3 | 2022: 322.3 | 2023: 656.0 | 2024: 1004.0 | 2025: 1618.7 (млрд сўм)', TRUE, 'Туман статистика бўлими', 'Саноат ишлаб чиқариш 5 йилда 6,3 баробарга ўсган — бу истисноий юқори суръат. Айниқса йирик корхоналар улуши кескин ошган (176,6 → 1 035,1 млрд сўм), бу қурилиш материаллари сектори ишга тушганини кўрсатади. Кейинги босқичда: (a) экспортбоп маҳсулот улушини ошириш, (b) энергия самарадорлигини ошириш, (c) хомашё таъминоти узилиш хавфларини бошқариш. Ўсиш суръати барқарорлигини сақлаш учун логистика инфратузилмаси (йўллар, жамоат транспорти) приоритет бўлмоғи лозим.', NULL, NULL, 1, TRUE, '2026-04-28 12:00:00+05'::TIMESTAMPTZ);
INSERT INTO indicators (indicator_id, district_id, no, slide, slide_no, name, description, value, found, source_org, ai_insight, kpi_count, kpi_pct, load_no, final_flag, date_modify) VALUES (727, 20, 4, 1, '1', 'Ажратилган кредитлар', 'Туман иқтисодиёти учун ажратилган жами кредитлар ҳажми', 'Маълумот мавжуд эмас — ҳужжатларда туман кесимида кредит портфели акс этмаган | NPL муаммоли кредитлар фоизи: 2021 — 4,0% | 2022 — 3,8% | 2023 — 4,2% | 2024 — 3,3% | 2025 — 2,9% — портфел сифати яхшиланмоқда', FALSE, 'Марказий банк / SQB', 'Кредитлар ҳажми бўйича йил кесимидаги маълумот топилмади — Марказий банк ва SQB филиалидан туман бўйича кредит портфели динамикасини сўраб олиш зарур. Мавжуд кўрсаткич — NPL улуши 4,0% дан 2,9% га тушгани — портфел сифати яхшиланганини кўрсатади ва янги кредит маҳсулотларини жорий этиш учун қулай муҳит яратади. Кредит ҳажми аниқлангача, унинг саноат ишлаб чиқариш ўсиши ва инвестициялар билан корреляциясини баҳолаш керак.', NULL, NULL, 1, TRUE, '2026-04-28 12:00:00+05'::TIMESTAMPTZ);
INSERT INTO indicators (indicator_id, district_id, no, slide, slide_no, name, description, value, found, source_org, ai_insight, kpi_count, kpi_pct, load_no, final_flag, date_modify) VALUES (728, 20, 5, 1, '1', 'Google Trends иқтисодий фаоллик', 'Туман иқтисодий фаоллиги Google Trends орқали — аҳоли қидирув сўровлари асосида 0-100 балл шкаласи', 'Маълумот мавжуд эмас — Excel шакли бўйича бу кўрсаткич Марказий аналитика гуруҳи томонидан ҳисобланади (''⚠ Тўлдириш шарт эмас'') | Туман даражасида ҳозирча тўлдирилмаган', FALSE, 'Марказий аналитика', 'Google Trends индекси Марказий гуруҳ томонидан ҳисобланадиган кўрсаткич бўлгани сабабли туман ўз даражасида маъумот киритган эмас. SQB ИТ департаментидан «Forish» / «Фориш» / «Forish tumani» қидирув орқали ойлик динамикани сўраб олиш мумкин. Қидирув фаоллигини ошириш учун: (1) туман брендини рақамли каналларда илгари суриш, (2) экотуризм маркази сифатида танитиш кампанияси, (3) хорижий инвесторларга Англия/рус тилида контент яратиш.', NULL, NULL, 1, TRUE, '2026-04-28 12:00:00+05'::TIMESTAMPTZ);
INSERT INTO indicators (indicator_id, district_id, no, slide, slide_no, name, description, value, found, source_org, ai_insight, kpi_count, kpi_pct, load_no, final_flag, date_modify) VALUES (729, 20, 6, 1, '1', 'Махсус саноат зонаси (ЭИЗ/СЭЗ)', 'Фориш туманида махсус саноат зонаси (ЭИЗ ёки СЭЗ) мавжудлиги', 'Жами: ЭИЗ ёки СЭЗ ҳозирда мавжуд эмас (қиймат: 0) | Саноат зонаси ер фойдаланиш: 0% | Қурилиш материаллари кластери: 1 та корхона, йиллик ҳажм 50 млрд сўм | Импорт ҳажми 2025: 183,2 млн $ — экспортдан (18,8 млн $) ~10 баробар юқори | Янги корхоналар (2025): очилган 548, ёпилган 279', TRUE, 'Туман ҳокимияти', 'Форишда ЭИЗ/СЭЗ ҳозирча йўқ — бу йирик имконият. Тоғ-кон хомашёси заҳиралари жуда бой (базальт 22,2 млн т, цемент 131 млн т) бўлгани сабабли қурилиш материаллари СЭЗ ёки кластерини ташкил қилиш стратегик таклиф. Импорт-экспорт дисбаланси (10:1) хорижий маҳсулотларга қарамликни кўрсатади — маҳаллийлаштириш СЭЗ орқали ҳал этилади. Учкўприк/Қўқон ЭИЗ моделини ўрганиб, Фориш ШЭИЗ концепциясини ишлаб чиқиш ва ВМ қарори чиқариш учун таклиф киритиш тавсия этилади.', NULL, NULL, 1, TRUE, '2026-04-28 12:00:00+05'::TIMESTAMPTZ);
INSERT INTO indicators (indicator_id, district_id, no, slide, slide_no, name, description, value, found, source_org, ai_insight, kpi_count, kpi_pct, load_no, final_flag, date_modify) VALUES (730, 20, 7, 2, '2', 'Ичимлик суви билан таъминланганлик (%)', 'Аҳолини тоза ичимлик суви билан таъминланганлик даражаси', '2023: 60.55 | 2024: 61.53 | 2025: 62.53 (%) | 3 йилда +2 п.п. ўсиш | Канализация тармоғи: 2% | Суғориладиган ер: 766 га (умумий 956 000 га дан)', TRUE, 'Сув хўжалиги', 'Ичимлик суви қамрови 62,5% — республика ўртачаси (95%+) дан жуда паст ва йиллик ўсиш суръати атиги ~1 п.п. Канализация эса фақат 2% — бу эпидемиологик хавф. Аввалом­бор: (1) туман маркази ва йирик маҳаллаларга замонавий сув-канализация тармоғини қуриш бўйича давлат-хусусий шериклик лойиҳаси, (2) узоқ маҳаллалар учун локал сув олиш стансиялари (қудуқ + фильтр), (3) суғориш каналлари бетонлаш улуши атиги 0,15% бўлгани сабабли шу йўналишга тезкор инвестиция талаб этилади.', NULL, NULL, 1, TRUE, '2026-04-28 12:00:00+05'::TIMESTAMPTZ);
INSERT INTO indicators (indicator_id, district_id, no, slide, slide_no, name, description, value, found, source_org, ai_insight, kpi_count, kpi_pct, load_no, final_flag, date_modify) VALUES (731, 20, 8, 2, '2', 'Йўллар инфратузилмаси ва асфальтланганлик даражаси (%)', 'Туман автомобил йўлларининг умумий узунлиги ва қаттиқ қопламали йўллар улуши', '2021: 32 | 2022: 35 | 2023: 37 | 2024: 38 | 2025: 39 (%) | Йўллар умумий узунлиги: 1 456 км (5 йил мобайнида ўзгармаган) | Темир йўл стансиясигача: 75 км | Вилоят марказигача: 70 км', TRUE, 'Йўл хўжалиги', 'Асфальтланган йўллар улуши 39% — республика ўртачаси (70%+) дан паст ва ўсиш суръати 1 п.п./йил — жуда секин. Жорий суръатда 70% га чиқиш ~30 йил керак бўлади. Тавсиялар: (1) йирик маҳаллаларни бирлаштирувчи магистрал йўлларга приоритет, (2) қурилиш материаллари кластери базасида маҳаллий асфальт ишлаб чиқариш — логистика харажатларини камайтиради, (3) темир йўлгача 75 км бўлгани сабабли хаб-йўл яратилиши экспорт логистикаси учун муҳим. Йўловчи ва юк айланмаси (5,9 млн киши, 999 минг тонна) ҳозирдаёқ сезиларли — инфратузилмани тезлик билан янгилаш керак.', NULL, NULL, 1, TRUE, '2026-04-28 12:00:00+05'::TIMESTAMPTZ);
INSERT INTO indicators (indicator_id, district_id, no, slide, slide_no, name, description, value, found, source_org, ai_insight, kpi_count, kpi_pct, load_no, final_flag, date_modify) VALUES (732, 20, 9, 2, '2', 'Электр таъминоти сифат даражаси', 'Электр узилишлари ва тармоқ модернизация ҳолати', 'Жами: 5 йилда 4,5 баробар яхшиланиш | Электр узилишлар (марта/ой): 2021 — 9, 2022 — 8, 2023 — 4, 2024 — 3, 2025 — 2 | Модернизация талаб қиладиган тармоқлар: 2021 — 33-30%, 2025 — 30-25% | Газ билан таъминланганлик: 2021 — 42% → 2025 — 44% (амалда ўзгармаган)', TRUE, 'Электр тармоқлари', 'Электр узилишлари 9 → 2 марта/ой га тушгани — катта тараққиёт. Лекин трансформаторларнинг 30% ва линияларнинг 25% ҳали модернизация талаб қилади. Газ таъминоти эса 5 йилда амалда ўзгармаган (42→44%) — аҳолининг 56% и ҳали табиий газдан фойдаланмайди, бу муаммо тез ҳал этилиши лозим. Таклиф: (1) саноат зонаси учун алоҳида юқори кучланишли подстанция, (2) қишлоқ маҳаллаларига газ олиб бориш ўрнида қуёш панеллари + биогаз солюшнларини кенг қўллаш — бу экономик жиҳатдан оқилона, (3) инвестициялар самарадорлигини ошириш учун энергетика секторига таргетланган моделлар.', NULL, NULL, 1, TRUE, '2026-04-28 12:00:00+05'::TIMESTAMPTZ);
INSERT INTO indicators (indicator_id, district_id, no, slide, slide_no, name, description, value, found, source_org, ai_insight, kpi_count, kpi_pct, load_no, final_flag, date_modify) VALUES (733, 20, 10, 2, '2', 'Ер фонди ва сув ресурслари тузилмаси', 'Туман ер фонди тузилмаси, суғориладиган ерлар ва каналлар ҳолати', 'Жами: туман умумий майдони 956 000 га (Ўзбекистоннинг йирик туманларидан) | Аҳоли зичлиги: 10 киши/км² (республикадаги энг паст кўрсаткичлардан) | Суғориладиган ер: 766 га (атиги 0,08% умумий майдондан) | Суғориш каналлари бетонлаш улуши: 0,15% (амалда йўқ) | Омборхоналар: ҳозирча мавжуд эмас', TRUE, 'Ер қўмитаси / Сув хўжалиги', 'Фориш — майдони жуда катта (956 минг га), лекин суғориладиган ер атиги 766 га — бу жуда кичик, чунки ҳудудда чўл-адир табиати ҳукмрон. Каналлар бетонлаш 0,15% — амалда йўқ, натижада сув йўқотиши улкан. Тавсиялар: (1) дамлагич конструкциялари ва томчилатиб суғориш технологиялари жорий этиш — қишлоқ хўжалиги (улуши 30,4%) самарадорлигини оширади, (2) Адир-чўл ҳудудларида солнечный, ветро энергетика лойиҳалари учун ер ажратиш мақсадга мувофиқ, (3) тоғ-кон хомашёси базасидаги ер участкаларини саноат зонаси учун заҳирага киритиш, (4) омборхоналар базаси йўқлиги қишлоқ хўжалиги маҳсулотларини сақлаш-қайта ишлашда чеклов яратади — приоритет инвестиция.', NULL, NULL, 1, TRUE, '2026-04-28 12:00:00+05'::TIMESTAMPTZ);
INSERT INTO indicators (indicator_id, district_id, no, slide, slide_no, name, description, value, found, source_org, ai_insight, kpi_count, kpi_pct, load_no, final_flag, date_modify) VALUES (734, 20, 11, 2, '2', 'Жамоат транспортидан фойдаланиш', 'Аҳолини жамоат транспорти билан қамраб олинганлик даражаси', 'Маълумот мавжуд эмас — туман маълумот тўплаш шаклида жамоат транспорти қоплами кўрсаткичи акс этмаган | Боғлиқ кўрсаткичлар: йўловчи айланмаси 2025 — 5 879,4 минг киши, юк айланмаси — 999,3 минг тонна', FALSE, 'Хокимият / транспорт бўлими', 'Жамоат транспорти қамрови бўйича туман даражасидаги маълумот топилмади — туман ҳокимиятининг транспорт бўлимидан маршрутлар сони, кундалик йўловчи ҳажми ва қамров % сини алоҳида сўраб олиш зарур. Аҳоли зичлиги жуда паст (10 киши/км²) ва йўлларнинг атиги 39% и асфальтланган бўлгани сабабли классик жамоат транспорт модели самарали бўлмайди. Альтернатив таклиф: (1) маҳалла-маркaзи «micro-mobility» (маршрут такси, электр транспорт), (2) мактаб-касалхона учун етар келувчи моно-маршрут тизими, (3) тоғ-кон ва қурилиш зоналари учун корпоратив транспорт сервиси.', NULL, NULL, 1, TRUE, '2026-04-28 12:00:00+05'::TIMESTAMPTZ);
INSERT INTO indicators (indicator_id, district_id, no, slide, slide_no, name, description, value, found, source_org, ai_insight, kpi_count, kpi_pct, load_no, final_flag, date_modify) VALUES (735, 20, 12, 2, '2', 'Тоғ-кон хомашёси ва фойдали қазилмалар базаси', 'Туман ҳудудидаги фойдали қазилмалар конлари, заҳиралари ва саноат потенциали', 'Жами: 8 та йирик кон | Цемент хомашёси: 3 та кон, 131 333 минг тонна заҳира | Базальт: 3 та кон, 22,2 млн тонна заҳира | Барит: 11,9 млн тонна | Оҳак: 2 та кон, 531 минг тонна | Қурилиш тошлари: 13 245 минг м³ | Табиий қопламали тошлар: 853 минг м³ | Қум-шағал: 5 070 минг м³ | Қурилиш материаллари кластери: 1 та корхона, 50 млрд сўм/йил', TRUE, 'Геология қўмитаси', 'Фориш — қурилиш материаллари саноати учун стратегик минераль-хомашё базаси. Цемент заҳираси (131 млн т) Ўзбекистонда ёирик конлардан биридан ҳисобланади — бу жуда катта имконият. Аммо ҳозирча атиги 1 та корхона (50 млрд сўм/йил) ишламоқда — потенциалнинг ~5% и ҳам фойдаланилмайди. Таклиф: (1) Цемент заводи + барит қайта ишлаш корхонаси учун хорижий инвестор (Хитой / Турк) жалб қилиш, (2) Саноат зонаси ташкил этиб, шу заҳираларни база қилиш — 2,5+ млрд $ инвестиция ва 5–10 минг иш ўрни (Қўқон ЭИЗ модели мисолида), (3) темир йўлгача 75 км бўлгани сабабли маҳсулотни жонажон ва экспорт бозорларига транспорт-логистика хаб қуриш приоритет.', NULL, NULL, 1, TRUE, '2026-04-28 12:00:00+05'::TIMESTAMPTZ);
INSERT INTO indicators (indicator_id, district_id, no, slide, slide_no, name, description, value, found, source_org, ai_insight, kpi_count, kpi_pct, load_no, final_flag, date_modify) VALUES (736, 20, 13, 3, '3', 'Меҳнат ресурслари', 'Жами меҳнат ресурслари сони — йиллик динамика', '2021: 50.315 | 2022: 50.409 | 2023: 50.527 | 2024: 50.906 | 2025: 51.942 (минг киши)', TRUE, 'Бандлик маркази', 'Меҳнат ресурслари барқарор, аммо секин ўсмоқда (+1 036 киши, +2,0% 2025 йилда). Бандликни ошириш учун чорвачилик, боғдорчилик ва туризм соҳалари бўйича маҳалла даражасида қисқа муддатли ўқув дастурларини кенгайтириш зарур. АЭС қурилиши, тоғ-кон ва туризм лойиҳалари кадрлар талабини оширади — олдиндан касб-ҳунар тайёрлаш дастурларини бошлаш керак.', NULL, NULL, 1, TRUE, '2026-04-28 12:00:00+05'::TIMESTAMPTZ);
INSERT INTO indicators (indicator_id, district_id, no, slide, slide_no, name, description, value, found, source_org, ai_insight, kpi_count, kpi_pct, load_no, final_flag, date_modify) VALUES (737, 20, 14, 3, '3', 'Бандликни ошириш имкониятлари', 'Иш ўрни яратиш ва меҳнат бозори резервлари', 'Жами: Меҳнат бозори резервлари | Банд аҳоли (2025): 40 471 киши (+12,6%) | Қайтган мигрантлар (2025): 259 киши | Норасмий секторда бандлик (2021): 19 045 киши | Хорижга кетган мигрантлар: 2021 — 2 133, 2022 — 3 363, 2023 — 3 558, 2024 — 934, 2025 — 2 219', TRUE, 'Бандлик маркази / ИИВ миграция', 'Бандликни ошириш учун маҳалла даражасида талаб юқори бўлган касблар рўйхатини шакллантириб, шу йўналишларда қисқа муддатли ўқув ва амалиёт дастурларини кенгайтириш керак. Норасмий секторни расмийлаштириш орқали солиқ базасини кенгайтириш мумкин. Қайтган мигрантлар (259 киши) — тайёр кадрлар ресурси, уларни АЭС ва тоғ-кон лойиҳаларига жалб этиш зарур.', NULL, NULL, 1, TRUE, '2026-04-28 12:00:00+05'::TIMESTAMPTZ);
INSERT INTO indicators (indicator_id, district_id, no, slide, slide_no, name, description, value, found, source_org, ai_insight, kpi_count, kpi_pct, load_no, final_flag, date_modify) VALUES (738, 20, 15, 3, '3', 'Ишсизлик кўрсаткичлари', 'Расмий ишсизлик даражаси ва ишсизлар сони', 'Жами: Ишсизлик кўрсаткичлари | Расмий ишсизлик (2025): 5,5% (-14,1%) | Ишсизлар сони (2025): 2 438 киши (-3,2%) | Ишсизлик тренди: 10,5% → 9,4% → 7,9% → 6,4% → 5,5% | Ёшлар (16–30): 588 киши | Аёллар: 855 киши | Мақсад: 2027 йилгача 2,2% га тушириш', TRUE, 'Бандлик маркази', 'Ишсизликни 2,2% га туширишга учун ёшлар ва аёллар бўйича манзилли ишга жойлаштириш дастурлари ва қисқа муддатли касбий курсларни кенгайтириш лозим. Аёллар ишсизлиги (855 киши, умумийнинг 35%) алоҳида диққатга сазовор. Ҳар бир маҳаллада талаб юқори касблар бўйича тезкор ўқитиш ва микролойиҳаларга жалб қилиш механизмини кучайтириш зарур.', 2438, 5.5, 1, TRUE, '2026-04-28 12:00:00+05'::TIMESTAMPTZ);
INSERT INTO indicators (indicator_id, district_id, no, slide, slide_no, name, description, value, found, source_org, ai_insight, kpi_count, kpi_pct, load_no, final_flag, date_modify) VALUES (739, 20, 16, 3, '3', 'Камбағаллик кўрсаткичлари', 'Камбағаллик даражаси ва камбағал оилалар сони', 'Жами: Камбағаллик кўрсаткичлари | Камбағаллик даражаси (2025): 6,3% (-34,4%) | Камбағал оилалар (2025): 1 545 та (-54,6%) | Камбағаллик тренди: 11,4% → 9,6% → 6,3% (3 йил кесими) | Кам таъминланган оилалар: 3 584 та | Мақсад: 2027 йилгача янада камайтириш', TRUE, 'Статистика бўлими / МФЙ агентлиги', 'Камбағал оилалар сони 2 йилда икки баробардан кўп камайган (3 400 → 1 545). Ҳар бир камбағал оилага мақсадли микрокредит ва субсидия пакети шакллантирилиши, ижтимоий ёрдам иш билан боғлиқ қилиниши зарур. Кам таъминланган 3 584 оила — алоҳида профилактик дастур талаб қилади, акс ҳолда улар камбағаллик чегарасига тушиб кетиш хавфи остида.', 1545, 6.3, 1, TRUE, '2026-04-28 12:00:00+05'::TIMESTAMPTZ);
INSERT INTO indicators (indicator_id, district_id, no, slide, slide_no, name, description, value, found, source_org, ai_insight, kpi_count, kpi_pct, load_no, final_flag, date_modify) VALUES (740, 20, 17, 3, '3', '«Барқарор келажак» — ёшлар даромадини ошириш', '«Барқарор келажак» дастури — 2026 йилда ёшлар даромадини ошириш режаси', 'Жами: 498 нафар ёшлар бандлиги таъминланди (2026) | Доимий ишга жойлаштириш: 157 нафар | Тадбиркорлик учун кредит: 40 нафар | Касб-ҳунар ўқитиш: 219 нафар | Тартибли миграция: 23 нафар | Ўзини-ўзи банд: 36 нафар', TRUE, 'Бандлик маркази', 'Ёшлар бандлигини ошириш учун дуал таълим, биринчи иш ўрнига субсидия ва талаб юқори касблар бўйича тезкор қайта тайёрлаш дастурларини кучайтириш зарур. АЭС қурилиши учун техник коллеж очиш — ёшларга 5+ йиллик доимий иш бериш имконини беради.', NULL, NULL, 1, TRUE, '2026-04-28 12:00:00+05'::TIMESTAMPTZ);
INSERT INTO indicators (indicator_id, district_id, no, slide, slide_no, name, description, value, found, source_org, ai_insight, kpi_count, kpi_pct, load_no, final_flag, date_modify) VALUES (741, 20, 18, 3, '3', 'Аёллар бандлиги ва даромадини ошириш', 'Аёллар бандлиги ва даромадини ошириш — 2026 йил режаси', 'Жами: 2026 йил режаси | Иш жойларига жойлаштириш: 3 135 нафар | Доимий ишга жойлаштириш: 610 нафар | Тадбиркорликка жалб: 612 нафар | Кредит ажратиш ҳисобига: 552 нафар | Қайта касбга ўқитиш: 1 116 нафар | Ўзини-ўзи банд: 245 нафар | Пилла боқиш (мавсумий): 3 352 нафар', TRUE, 'Оила ва хотин-қизлар бўлими', 'Аёллар бандлигини ошириш учун имтиёзли молиялаштириш, мос иш режими ва маҳалла кесимида касбга йўналтириш дастурларини кенгайтириш зарур. Пилла боқиш мавсумий 3 352 нафар — буни доимий бандликка айлантириш учун ипак гавлама ва тикувчилик кооперативларини яратиш мақсадга мувофиқ.', NULL, NULL, 1, TRUE, '2026-04-28 12:00:00+05'::TIMESTAMPTZ);
INSERT INTO indicators (indicator_id, district_id, no, slide, slide_no, name, description, value, found, source_org, ai_insight, kpi_count, kpi_pct, load_no, final_flag, date_modify) VALUES (742, 20, 19, 3, '3', 'Олий таълим муассасалари', 'Университетлар, талабалар сони ва қувватлар', '', FALSE, 'Хокимият', 'Маълумот Ҳокимиятдан сўралмоқда. Тўлдирилгандан сўнг таҳлил берилади. АЭС лойиҳаси контекстида туманда техник олий таълим муассасаси очиш — стратегик зарурият: ядро энергетикаси, геологик қидирув, қурилиш материаллари бўйича мутахассислар тайёрлаш.', NULL, NULL, 1, TRUE, '2026-04-28 12:00:00+05'::TIMESTAMPTZ);
INSERT INTO indicators (indicator_id, district_id, no, slide, slide_no, name, description, value, found, source_org, ai_insight, kpi_count, kpi_pct, load_no, final_flag, date_modify) VALUES (743, 20, 20, 3, '3', 'Мактабгача таълим ва мактаб юкламаси', 'Мактабгача таълим қоплами ва мактаблардаги смена тақсимоти', 'Жами: Мактабгача таълим қоплами | 2021: 87,4% | 2022: 86,1% | 2023: 82,3% | 2024: 80,5% | 2025: 81,5% | Ўзгариш (2021→2025): -5,9 п.п. | Мактаб юкламаси: 1 сменали — 12 та, 2 сменали — 55 та, Жами — 67 та | 2 сменали улуши: 82,1%', TRUE, 'Халқ таълими', 'Мактабгача қоплам 2021 йилдан пасайиб бормоқда (87,4% → 81,5%). 82,1% мактаб 2 сменада ишлаши инфратузилмага жиддий босим борлигини кўрсатади. Янги мактаб ва мактабгача муассасалар очиш зарур. АЭС қурилишида ишчилар оилалари кўчиб келиши натижасида таълим талаби кескин ошиши кутилади — олдиндан 5–7 та янги МТМ ва 2–3 та мактаб қуриш режасини ишлаб чиқиш керак.', NULL, NULL, 1, TRUE, '2026-04-28 12:00:00+05'::TIMESTAMPTZ);
INSERT INTO indicators (indicator_id, district_id, no, slide, slide_no, name, description, value, found, source_org, ai_insight, kpi_count, kpi_pct, load_no, final_flag, date_modify) VALUES (744, 20, 21, 4, '4', 'Сунъий интеллект куни ва ходимлар малакасини ошириш', 'Банкда СИ кўникмаларини мунтазам ошириш дастури', 'Жами: СИ малака ошириш дастури | Банкда «Сунъий интеллект куни» ташкил этилди — ҳар чоршанба | Ходимларга онлайн ўқитиш тизими жорий қилинди | Раҳбар ходимлар ўқувлари тўлиқ якунланди | СИ ечимларидан фойдаланиш бўйича қисқа ўқув курслари ташкил этилди', TRUE, 'SQB', 'Банк ходимларининг СИ саводхонлиги мунтазам оширилмоқда. Ҳафталик «СИ куни» амалиёти орқали ходимлар янги технологияларни кундалик ишга татбиқ этишни ўрганмоқда. Кейинги босқичда ҳар бир бўлим учун СИ KPI жорий этиш тавсия этилади.', NULL, NULL, 1, TRUE, '2026-04-28 12:00:00+05'::TIMESTAMPTZ);
INSERT INTO indicators (indicator_id, district_id, no, slide, slide_no, name, description, value, found, source_org, ai_insight, kpi_count, kpi_pct, load_no, final_flag, date_modify) VALUES (745, 20, 22, 4, '4', 'Раҳбарлар ва банкирларни СИ га ўқитиш', 'Ҳоким, ҳоким ўринбосарлари, банк раҳбарлари ва маҳалла банкирларини босқичма-босқич ўқитиш', 'Жами: 4 босқичли СИ ўқитиш | 1-босқич: Ҳоким ва ҳоким ўринбосарлари — СИ стратегия ва қарор қабул қилиш | 2-босқич: Банк филиал раҳбарлари — СИ скоринг ва риск таҳлили | 3-босқич: Маҳалла банкирлари — СИ платформа орқали мижоз хизмати | 4-босқич: МФЙ раислари — СИ маълумотлар таҳлили ва ҳисобот', TRUE, 'SQB', 'Раҳбарларни СИ га ўқитиш «юқоридан пастга» тамойилида амалга оширилади: аввал ҳоким даражасида стратегик қарорлар учун СИ, кейин банк раҳбарларига скоринг ва таҳлил, сўнг маҳалла банкирларига мижоз билан ишлаш учун СИ платформа ўргатилади. Ҳар босқич 2–4 ҳафта давом этади.', NULL, NULL, 1, TRUE, '2026-04-28 12:00:00+05'::TIMESTAMPTZ);
INSERT INTO indicators (indicator_id, district_id, no, slide, slide_no, name, description, value, found, source_org, ai_insight, kpi_count, kpi_pct, load_no, final_flag, date_modify) VALUES (746, 20, 23, 4, '4', 'Аҳолини СИ орқали тадбиркорликка ўқитиш', 'Фуқароларни СИ платформаси орқали касб танлаш, тадбиркорлик ва ишга жойлашишга тайёрлаш', '', FALSE, 'SQB', 'Маълумот SQB маҳаллий филиалидан сўралмоқда. Тўлдирилгандан сўнг таҳлил берилади. СИ платформаси орқали ҳар бир фуқарони индивидуал баҳолаш — кўникмаси кучли бўлганлар ишга, тадбиркорлик қобилияти борлар бизнесга йўналтириш — Фориш туманида ҳам жорий этилиши керак.', NULL, NULL, 1, TRUE, '2026-04-28 12:00:00+05'::TIMESTAMPTZ);
INSERT INTO indicators (indicator_id, district_id, no, slide, slide_no, name, description, value, found, source_org, ai_insight, kpi_count, kpi_pct, load_no, final_flag, date_modify) VALUES (747, 20, 24, 4, '4', '«SQB AI Advisor» — ақлли ёрдамчи платформа', 'Маҳалла банкирлари ва тадбиркорларга СИ ёрдами берувчи платформа', 'Жами: SQB AI Advisor функциялари | СИ маслаҳатчи чат-боти: тадбиркорлик, ҳуқуқий, молиявий саволларга жавоб | Бизнес-режа генератори: автоматик бизнес-режа тузиш | Кредит бўйича мос ечимлар: мижозга мос кредит маҳсулотини танлаш | Маҳалла агенти самарадорлиги: онлайн KPI мониторинг | Прогноз: даромадни ошириш тавсиялари, мавсумий хавфлар', TRUE, 'SQB', '«SQB AI Advisor» платформаси маҳалла банкири ва тадбиркорларга кундалик ишларда СИ ёрдамини беради: мижозларга автоматик маслаҳат, бизнес-режа генератори, кредит мослаштириш ва самарадорлик мониторинги. 2026 йил якунигача барча 24 МФЙда жорий этиш режалаштирилган.', NULL, NULL, 1, TRUE, '2026-04-28 12:00:00+05'::TIMESTAMPTZ);
INSERT INTO indicators (indicator_id, district_id, no, slide, slide_no, name, description, value, found, source_org, ai_insight, kpi_count, kpi_pct, load_no, final_flag, date_modify) VALUES (748, 20, 25, 4, '4', 'Маҳалла ихтисослашуви', 'Маҳаллаларнинг иқтисодий фаолият йўналишлари', 'Жами: 24 та маҳалла | Чорвачилик: 10 та МФЙ (42%) | Боғдорчилик: 9 та МФЙ (38%) | Савдо ва хизмат: 4 та МФЙ (17%) | Кичик ишлаб чиқариш: 1 та МФЙ (4%)', TRUE, 'МФЙ агентлиги', 'Чорвачилик (42%) ва боғдорчилик (38%) устунлик қилади. Мева-сабзавотни қайта ишлаш ва чорва маҳсулотларини қадоқлаш занжирига уланиш орқали маҳалла даражасида қўшимча иш ўринлари яратиш мумкин. Ҳозирда қайта ишлаш улуши 0% — 30%га ошириш йилига 200+ млрд сўмлик қўшимча қиймат беради.', NULL, NULL, 1, TRUE, '2026-04-28 12:00:00+05'::TIMESTAMPTZ);
INSERT INTO indicators (indicator_id, district_id, no, slide, slide_no, name, description, value, found, source_org, ai_insight, kpi_count, kpi_pct, load_no, final_flag, date_modify) VALUES (749, 20, 26, 4, '4', 'Маҳалла драйвер секторлари', 'Маҳалла даражасида ўсишни таъминловчи тармоқлар', 'Жами: 4 та драйвер сектор | 1-сектор: Чорвачилик | 2-сектор: Боғдорчилик | 3-сектор: Туризм ва хизматлар | 4-сектор: Саноат', TRUE, 'МФЙ агентлиги / SQB', 'Драйвер секторларни «ишлаб чиқариш + қайта ишлаш + савдо» занжирида боғлаш керак. Боғдорчилик ва чорвачилик маҳсулотларини бозорга чиқариш, брендлаш ва онлайн сотув каналларини кенгайтириш орқали қўшимча қийматни ошириш тавсия этилади. Туризм-сервис йўналишини Айдаркўл ва Нурота туристик зоналари асосида ривожлантириш мумкин.', NULL, NULL, 1, TRUE, '2026-04-28 12:00:00+05'::TIMESTAMPTZ);
INSERT INTO indicators (indicator_id, district_id, no, slide, slide_no, name, description, value, found, source_org, ai_insight, kpi_count, kpi_pct, load_no, final_flag, date_modify) VALUES (750, 20, 27, 4, '4', 'Микролойиҳалар сони ва иш ўринлари', 'Йиллик кредит режа, иш ўринлари ва маҳалла тақсимоти', 'Жами: 2025 йилда 1 010 та лойиҳа | Иш ўринлари: 2 046 та | Лойиҳалар умумий қиймати: 46,7 млрд сўм | Тақсимот: Қ/х — 759 та (34,7 млрд сўм), Саноат — 106 та (4,7 млрд сўм), Хизмат — 145 та (7,3 млрд сўм) | 2026 режа: 240 та лойиҳа, 480 та иш ўрни', TRUE, 'SQB / Туман ҳокимияти', '1 010 та микролойиҳа орқали 2 046 та иш ўрни яратилган. Банкирлар вазифалари: (1) лойиҳани танлаш ва скоринг; (2) кредит расмийлаштиришда ёрдам; (3) лойиҳа мониторинги; (4) молиявий маслаҳат. 2026 режа (240 лойиҳа) 2025дан кескин кам — буни ўрта ва йирик саноат лойиҳалари ҳисобига кўпайтириш керак.', NULL, NULL, 1, TRUE, '2026-04-28 12:00:00+05'::TIMESTAMPTZ);
INSERT INTO indicators (indicator_id, district_id, no, slide, slide_no, name, description, value, found, source_org, ai_insight, kpi_count, kpi_pct, load_no, final_flag, date_modify) VALUES (751, 20, 28, 4, '4', 'Ишсизлик юқори маҳаллалар', 'Оғир тоифадаги маҳаллалар бўйича манзилли иш режаси', 'Жами: 5 та оғир тоифадаги маҳалла | 1-маҳалла: Амир Темур | 2-маҳалла: Оқтепа | 3-маҳалла: Қизилқум | 4-маҳалла: Илонли | 5-маҳалла: Мустақиллик | Маҳалла типологияси: Оғир — 5 та, Ўрта — 19 та | Фокус: манзилли бандлик ва микролойиҳа дастурлари', TRUE, 'МФЙ агентлиги / Ижтимоий реестр', 'Оғир тоифадаги 5 та маҳаллада «бир маҳалла — бир драйвер йўналиш» тамойили асосида тезкор бандлик режаси ишга туширилиши керак. Ишсиз аҳолини кўникма бўйича сегментация қилиб, 3 ойлик қисқа циклда ишга жойлаштириш ва микролойиҳага улаш механизмлари қўлланиши лозим. Ҳар ой KPI мониторинг (иш ўрни, даромад, қайтмаслик) юритилиши тавсия этилади.', NULL, NULL, 1, TRUE, '2026-04-28 12:00:00+05'::TIMESTAMPTZ);
INSERT INTO indicators (indicator_id, district_id, no, slide, slide_no, name, description, value, found, source_org, ai_insight, kpi_count, kpi_pct, load_no, final_flag, date_modify) VALUES (752, 20, 29, 4, '4', 'SQB рақамли хизматлари', 'SQB банкнинг рақамли ва мобил молиявий хизматлар экотизими', 'Жами: 3 та рақамли платформа | SQB Mobile: жисмоний шахслар учун мобил банк — тўловлар, ўтказмалар, онлайн кредит | SQB Business: юридик шахслар учун онлайн бухгалтерия, тўлов, ҳисоб-китоб | SQB AI Advisor: сунъий интеллект асосидаги молиявий маслаҳатчи — кредит скоринг, инвестиция таҳлили | Банк инфратузилмаси: Агробанк (1 филиал), Халқбанки (1 БХМ), Трастбанк (1 БХМ) | Банк ходимлари: 65 нафар | Маҳалла банкирлари: 7 та (1 аёл, 6 эркак)', TRUE, 'SQB / Марказий банк', 'Маҳалла банкирлари сони (7 та) 24 та МФЙ учун жуда кам. Банкирлар сонини ошириш ва аёл банкирлар улушини кўпайтириш тавсия этилади. SQB филиали йўқлиги — стратегик муаммо: АЭС лойиҳаси контекстида туманда SQB филиали очиш приоритет вазифа.', NULL, NULL, 1, TRUE, '2026-04-28 12:00:00+05'::TIMESTAMPTZ);
INSERT INTO indicators (indicator_id, district_id, no, slide, slide_no, name, description, value, found, source_org, ai_insight, kpi_count, kpi_pct, load_no, final_flag, date_modify) VALUES (753, 20, 30, 4, '4', '«Ҳар бир оила — тадбиркор» дастури', 'Оилавий тадбиркорлик учун имтиёзли кредит', 'Жами: Оилавий тадбиркорлик дастури | Иштирокчи банклар: Халқ банки, Микрокредит банк | Фоиз ставкаси: 18% | Максимал сумма: 300 млн сўм | Муддат: 3 йилгача | Имтиёзли давр: 3–6 ой', TRUE, 'Марказий банк', 'Оилавий тадбиркорликни кўпайтириш учун SQB AI Advisor платформасидан фойдаланиш тавсия этилади. Платформа орқали кредит скоринги, бизнес-режа тузиш ва молиявий маслаҳат олиш имконияти мавжуд. Маҳалла банкирлари ҳар бир оилани платформага йўналтириш ва имтиёзли кредитдан самарали фойдаланишга ёрдам бериши керак.', NULL, NULL, 1, TRUE, '2026-04-28 12:00:00+05'::TIMESTAMPTZ);
INSERT INTO indicators (indicator_id, district_id, no, slide, slide_no, name, description, value, found, source_org, ai_insight, kpi_count, kpi_pct, load_no, final_flag, date_modify) VALUES (754, 20, 31, 4, '4', '«HAMROH» хотин-қизлар тадбиркорлиги', 'Хотин-қизлар учун махсус молиявий дастур', 'Жами: Хотин-қизлар учун махсус молиявий дастур | Иштирокчи банклар: SQB, Халқ банки, Микрокредит банк, Агро банк | Гаровсиз кредит: 100 млн сўмгача | Компания кафиллиги: 70%', TRUE, 'Марказий банк', 'HAMROH — хотин-қизлар тадбиркорлигини қўллаб-қувватлашнинг энг катта давлат дастури. Туманда 3 352 нафар аёл пилла боқиш орқали банд эканлиги инобатга олиниб, уларни расмий молиялаштиришга уланиш ва боғдорчилик/чорвачилик бўйича бизнес тренинглар ташкил этиш тавсия этилади.', NULL, NULL, 1, TRUE, '2026-04-28 12:00:00+05'::TIMESTAMPTZ);
INSERT INTO indicators (indicator_id, district_id, no, slide, slide_no, name, description, value, found, source_org, ai_insight, kpi_count, kpi_pct, load_no, final_flag, date_modify) VALUES (755, 20, 32, 4, '4', 'Ишсизлик юқори маҳаллаларни ҳоли ҳудудга айлантириш режаси', '5 та оғир маҳаллада ишсизликни камайтириш режаси', 'Жами: 5 та маҳалла, оғир тоифа — Амир Темур, Оқтепа, Қизилқум, Илонли, Мустақиллик | Ишсизлар (2025): 2 438 киши | Ёшлар (16–30): 588 киши | Аёллар: 855 киши | Кредит маҳсулотлари: 1) Микрокредит, 2) Оилавий тадбиркорлик, 3) Давлат субсидияси | Мақсад: 2027 йилгача 2,2% га тушириш', TRUE, 'SQB / МФЙ агентлиги', '5 та оғир тоифали маҳаллада аёллар (35%) ва ёшлар (24%) ишсизлиги юқори. «Бир маҳалла — бир драйвер йўналиш» модели асосида 2–3 ойлик тезкор цикл орқали микролойиҳаларга жалб қилиш ва бандликни таъминлаш мумкин. Оғир МФЙларга ажратилган 25 млрд сўмни айланма капитал фонди сифатида (3–5% ставка, гровсиз микрокредит) ишлатиш керак.', NULL, NULL, 1, TRUE, '2026-04-28 12:00:00+05'::TIMESTAMPTZ);
INSERT INTO indicators (indicator_id, district_id, no, slide, slide_no, name, description, value, found, source_org, ai_insight, kpi_count, kpi_pct, load_no, final_flag, date_modify) VALUES (756, 20, 33, 5, '5', 'Атом электр станцияси қурилиши', 'Фориш тумани — Ўзбекистоннинг биринчи АЭС-кичик модулли реакторлар лойиҳаси марказига айланмоқда', 'Жами: 1 та йирик стратегик объект (қурилиш босқичида) | Йўналиш: АЭС инфратузилмаси, йўл бўйи хизмат, кадрлар тайёрлаш | Имконият: қурилиш даврида 5 000+, ишга туширилгандан кейин 1 000+ доимий иш ўрни | Инвестиция: мулти-миллиардли давлат стратегик лойиҳаси', TRUE, 'Ўзатом / Ҳокимият', 'АЭС қурилиши Фориш учун «генерация ўзгариши» имконияти. Туман дарҳол АЭС атрофида сервис кластери (йўл бўйи объектлари, ётоқхона, ошхона, лойиҳалаштириш бюроси) ва техник коллеж/ўқув маркази (АЭС ишчиларини тайёрловчи) лойиҳаларини шакллантириши керак. 2026–2028 йилларда 5 та «мегапилот» — қурувчилар учун ётоқ комплекси, тиббий пункт, логистика хабидан бошлаш мақсадга мувофиқ.', NULL, NULL, 1, TRUE, '2026-04-28 12:00:00+05'::TIMESTAMPTZ);
INSERT INTO indicators (indicator_id, district_id, no, slide, slide_no, name, description, value, found, source_org, ai_insight, kpi_count, kpi_pct, load_no, final_flag, date_modify) VALUES (757, 20, 34, 5, '5', 'Тоғ-кон ва қурилиш материаллари ресурслари', 'Республикадаги энг бой қазилма захираларидан бирига эга — фойдаланиш атиги 25%', 'Жами: 7 турдаги мажмуавий минерал хомашё захираси | Базальт: 22,2 млн тонна | Барит: 11,9 млн тонна | Цемент хомашёси: 131 333 минг тонна | Қурилиш тошлари: 13 245 минг м³ | Қум-шағал: 5 070 минг м³ | Йўналиш: карьер + қайта ишлаш заводлари (цемент, базальт тола) | Инвестиция: $20–50 млн ҳар бир йирик кон учун', TRUE, 'Геология қўмитаси', 'Туманда қурилиш материаллари ишлаб чиқариш салоҳияти ҳозир атиги 25% га ишлатилган. АЭС қурилиши маҳаллий цемент, базальт ва қурилиш тоши учун катта ички бозор очади — 2–3 та йирик кон ва қайта ишлаш заводини ДХШ (давлат-хусусий шериклик) асосида ишга тушириш лозим. Бу нафақат экспорт, балки АЭС қурилишига импорт ўрнини босиш орқали ҳам валютани тежайди.', NULL, NULL, 1, TRUE, '2026-04-28 12:00:00+05'::TIMESTAMPTZ);
INSERT INTO indicators (indicator_id, district_id, no, slide, slide_no, name, description, value, found, source_org, ai_insight, kpi_count, kpi_pct, load_no, final_flag, date_modify) VALUES (758, 20, 35, 5, '5', 'Қуёш энергетикаси салоҳияти', 'Чўл-дашт зонаси — қайта тикланувчи энергия учун идеал ҳудуд', 'Жами: 280–300+ қуёшли кун/йил | Йўналиш: ўрта ва йирик СЭС лойиҳалари, саноат корхоналари учун рутоп қуёш тизимлари | Имконият: 956 000 га ҳудуддан фойдаланилмаган бўш ерлар улкан — фотовольтаик парклар учун идеал | Инвестиция: $8–30 млн/лойиҳа', TRUE, 'Минэнерго', 'АЭС билан ҳибрид энергетика модели ярата олишнинг ягона имконияти Фориш ҳудудида мавжуд: АЭС асосий базали ишлаб чиқариш + қуёш СЭС кундузги пик соатларга. Энг муҳими — ҳозирданоқ Фориш АЭС хизматидаги ишчилар учун 2–5 МВт ли пилот СЭС лойиҳасини ишга тушириш ва бу орқали қуёш паналлари йиғиш заводини туманда лакализациялашга йўл очиш керак.', NULL, NULL, 1, TRUE, '2026-04-28 12:00:00+05'::TIMESTAMPTZ);
INSERT INTO indicators (indicator_id, district_id, no, slide, slide_no, name, description, value, found, source_org, ai_insight, kpi_count, kpi_pct, load_no, final_flag, date_modify) VALUES (759, 20, 36, 5, '5', 'Айдар-Арнасой кўли ва эко-туризм', 'Туман — Айдаркўл-Нурота турзонаси кириш дарвозаси', 'Жами: 3 та туристик йўналиш | Йўналиш 1: Айдаркўл бўйи дам олиш (қум-кулмоч, балиқ овлаш, кемасиёр) | Йўналиш 2: Нурота тоғларида треккинг ва глампинг | Йўналиш 3: Чўл сафари (4×4, юлдузларни кузатиш) | Инвестиция: $10–30 млн йирик кўлбўйи комплекси учун', TRUE, 'Ҳокимият', 'Айдаркўлни Жиззах ва Нурота туманлари билан биргаликда «Aydarkul-Nurata Eco Region» ягона бренди остида сотиш керак. 2026–2028 йилларда 1–2 та халқаро даражадаги эко-резорт ҳамда 5–10 та маҳаллий гестҳауз тармоғини яратиш ва Самарқанд–Бухоро туристик оқимининг 5–10% ни Айдаркўлга йўналтириш мумкин (йилига 50–100 минг сайёҳ).', NULL, NULL, 1, TRUE, '2026-04-28 12:00:00+05'::TIMESTAMPTZ);
INSERT INTO indicators (indicator_id, district_id, no, slide, slide_no, name, description, value, found, source_org, ai_insight, kpi_count, kpi_pct, load_no, final_flag, date_modify) VALUES (760, 20, 37, 5, '5', 'Чорвачилик кластери ва гўшт қайта ишлаш', 'Туман ихтисослашувининг №1 йўналиши, аммо қайта ишлаш — 0%', 'Жами: 10 та МФЙ чорвачиликка ихтисослашган (6 чуқур) | Яйлов фонди: 505 200 га (туман умумий ер фондининг 53%) | Гўшт қайта ишлаш: ҳозир 0% (катта потенциал!) | Йўналиш: замонавий гўшт-сут мажмуи, мини-қассобхоналар | Инвестиция: 50–100 млрд сўм мажмуа учун', TRUE, 'Ҳокимият', 'Ҳозирда гўшт қайта ишлаш тумандан фактик 0% ни ташкил этади — бу йирик имкониятни кўрсатади. Биринчи қадам сифатида 1 та ўрта (5–10 тонна/кун) гўшт қайта ишлаш заводи + тоифалаш-сақлаш совуткичлари тармоғини қуриш керак. Қайта ишлаш улушини 30%гача ошириш — йилига 200+ млрд сўмлик қўшимча қиймат ва экспорт имконини беради.', NULL, NULL, 1, TRUE, '2026-04-28 12:00:00+05'::TIMESTAMPTZ);
INSERT INTO indicators (indicator_id, district_id, no, slide, slide_no, name, description, value, found, source_org, ai_insight, kpi_count, kpi_pct, load_no, final_flag, date_modify) VALUES (761, 20, 38, 5, '5', 'Боғдорчилик ва узумчилик', '9 та МФЙ боғдорчиликка ихтисослашган — экспорт салоҳияти юқори', 'Жами: 1 583 га узумзор | 4 654 т ҳосил | қайта ишлаш улуши: 35% | Йўналиш: қуритилган мева (кишмиш), сок, шинни, биологик пайвандлар | Имконият: Қозоғистон, Россия, Хитой бозорига экспорт | Инвестиция: $5–12 млн қайта ишлаш ва паковка комплекси учун', TRUE, 'Ҳокимият / Ер қўмитаси', 'Қайта ишлаш улушини 35% дан 70%гача оширишнинг тайёр имконияти бор. «Forish kishmishi» деган бренд остида ягона B2B савдо платформасини яратиш ва 1 та йирик паковка-сертификация маркази (HACCP, halal) орқали Самарқанд логистика йўлига уланиб, 2027 йилгача йиллик 8–10 минг тонна экспортга чиқиш мумкин.', NULL, NULL, 1, TRUE, '2026-04-28 12:00:00+05'::TIMESTAMPTZ);
INSERT INTO indicators (indicator_id, district_id, no, slide, slide_no, name, description, value, found, source_org, ai_insight, kpi_count, kpi_pct, load_no, final_flag, date_modify) VALUES (762, 20, 39, 5, '5', 'Аёллар бандлиги ва пиллачилик', '2026 йилда 3 135 нафар аёл доимий + 3 352 мавсумий бандлик режаси', 'Жами: 6 487 нафар аёл (доимий + мавсумий) | Пилла МФЙлари: 4 та (Учма, Ўхум, Ойбек, Нурак) | Йўналиш: пилла → ипак гавлама → тикувчилик кооперативлари | Кредит: 36,3 млрд сўм (552 нафар учун) | Инвестиция: 5–10 млрд сўм қайта ишлаш сехи учун', TRUE, 'Ҳокимият', 'Пиллачилик мавсумий бандликни доимийга айлантириш энг катта имконият: пилла → ипак гавлама → тайёр маҳсулот занжирини туманда лакализациялаш. Бу учун Учма ёки Ўхум МФЙларида 1 та кичик гавлама сехи + 2–3 та тикувчилик кооперативи очиш керак — натижада 3 352 мавсумий аёлнинг камида 1 000 нафари йил давомида банд бўлади.', NULL, NULL, 1, TRUE, '2026-04-28 12:00:00+05'::TIMESTAMPTZ);
INSERT INTO indicators (indicator_id, district_id, no, slide, slide_no, name, description, value, found, source_org, ai_insight, kpi_count, kpi_pct, load_no, final_flag, date_modify) VALUES (763, 20, 40, 5, '5', 'Туризм инфратузилмасига давлат инвестицияси', 'Маҳаллалар туризм инфратузилмасини ривожлантириш дастури', '', FALSE, 'Хокимият', 'Маълумот Ҳокимиятдан сўралмоқда. Тўлдирилгандан сўнг таҳлил берилади. Айдар-Арнасой кўли ва Нурота тоғлари асосида туризм инфратузилмасига давлат инвестицияси режасини шакллантириш — 2026–2028 йил приоритет вазифаси.', NULL, NULL, 1, TRUE, '2026-04-28 12:00:00+05'::TIMESTAMPTZ);
INSERT INTO indicators (indicator_id, district_id, no, slide, slide_no, name, description, value, found, source_org, ai_insight, kpi_count, kpi_pct, load_no, final_flag, date_modify) VALUES (764, 20, 41, 6, '6', 'Стратегик хулоса — Фориш ўсиш нуқтаси', '«Тўғри инвестиция + инфратузилма модернизацияси + туризм» формуласи', 'Жами: 4 та стратегик ўсиш устуни | 1-устун: АЭС қурилиши — генерациявий иқтисодий импульс | 2-устун: Тоғ-кон бойликлари — салоҳият 25% ишлатилган | 3-устун: Туризм потенциали — Айдаркўл, Нурота | 4-устун: Чорвачилик — 505 минг га яйлов', TRUE, 'SQB / Ҳокимият', 'Фориш — республикадаги «уйқудан уйғонаётган» потенциал тумани. Туман ҳудуди катта (956 минг га) бўлиб, аҳоли зичлиги паст — бу йирик саноат, энергетика ва турзонани бир вақтда ривожлантириш имконини беради. Аммо бу ҳолат фақат бир-бирини қўлловчи кетма-кетлик билан ишлайди: АЭС → йўл → туризм → хизмат → бандлик. Ҳар йўналишни алоҳида эмас, мажмуавий мастер-режа доирасида олиб бориш зарур.', NULL, NULL, 1, TRUE, '2026-04-28 12:00:00+05'::TIMESTAMPTZ);
INSERT INTO indicators (indicator_id, district_id, no, slide, slide_no, name, description, value, found, source_org, ai_insight, kpi_count, kpi_pct, load_no, final_flag, date_modify) VALUES (765, 20, 42, 6, '6', '2026 йил аниқ KPI лар', 'Йил охиригача эришиладиган мақсадлар', 'Жами: 435 та янги иш ўрни (2026 йил, режа) | Тармоқ тақсимоти: Саноат — 40, Қ/х — 30, Тоғ-кон — 20, Туризм — 20, Расмийлаштириш — 38 | Микролойиҳалар: 240 та → +480 ишчи ўрни | Аёллар бандлиги: 3 135 нафар (610 доимий, 612 тадбиркор, 552 кредит, 1 116 қайта ўқитиш) | Инвестиция: 3 558,8 млрд сўм (2026–2028)', TRUE, 'Ҳокимият', 'KPI ларнинг ҳажми камтарона (435 иш ўрни кам), бу — ҳозирги давлат бюджетига боғлиқ режа. Хусусий инвестицияни 3 баравар ошириш мумкин: АЭС подрядчиларидан 1 000+, туризм/сервисдан 500+, тоғ-кон қайта ишлашдан 700+ иш ўрни. Шу сабабли 2026 йил охирида KPI ни ҳақиқий мақсадга — 1 500–2 000 янги иш ўрнига қайта кўриб чиқиш тавсия этилади.', NULL, NULL, 1, TRUE, '2026-04-28 12:00:00+05'::TIMESTAMPTZ);
INSERT INTO indicators (indicator_id, district_id, no, slide, slide_no, name, description, value, found, source_org, ai_insight, kpi_count, kpi_pct, load_no, final_flag, date_modify) VALUES (766, 20, 43, 6, '6', 'Узоқ муддатли инвестиция режаси 2026–2031', '6 йиллик инвестиция тренди — барқарор ўсиш', 'Жами: 8 525 млрд сўм инвестиция (2026–2031) | 2026: 1 012,5 млрд сўм | 2027: 1 262,5 млрд сўм | 2028: 1 375 млрд сўм | 2029: 1 500 млрд сўм | 2030: 1 625 млрд сўм | 2031: 1 750 млрд сўм | Йиллик ўсиш: ~12% (барқарор) | Молия структураси (тавсия): 30% давлат, 70% хусусий + ХИ', TRUE, 'Ҳокимият', 'Жами 8,5 трлн сўмлик инвестицияни жалб қилиш учун «Forish Investment Box» яратиш керак: ҳар инвестор учун тайёр пакет — ер, техник шартлар, кредит шартлари, солиқ имтиёзлари. ДХШ (PPP) механизмини мажбурий босқичга айлантириш, давлат улушини максимал 30% билан чегаралаш — қолгани хусусий капитал ва ХИ (АБР, ЕБРР, Жаҳон банки) орқали йиғиш керак.', NULL, NULL, 1, TRUE, '2026-04-28 12:00:00+05'::TIMESTAMPTZ);
INSERT INTO indicators (indicator_id, district_id, no, slide, slide_no, name, description, value, found, source_org, ai_insight, kpi_count, kpi_pct, load_no, final_flag, date_modify) VALUES (767, 20, 44, 6, '6', 'Инфратузилмавий ўзгаришлар режаси', 'АЭСни инфратузилма катализатори сифатида ишлатиш', 'Жами: 5 та устувор инфратузилма йўналиши | 1-йўналиш: Йўл — 614 км таъмирлаш керак (хозир асфальт улуши 39%) | 2-йўналиш: Сув — танқислик мавжуд (камбағаллик #1 сабаби) | 3-йўналиш: Канализация тизими — 2% (амалда йўқ) | 4-йўналиш: Электр тармоғи — модернизация керак | 5-йўналиш: Газ — 44% таъминланганлик', TRUE, 'Ҳокимият', 'АЭС қурилиши учун давлат йирик инфратузилма блогини олиб келади — буни барча Фориш учун катализатор қилиш керак. АЭС га борадиган магистрал йўл, 110 кВ электр линияси ва ичимлик сув қувурини шундай йўналтирилсинки, у ёзишда йирик чорва, туристик ва саноат МФЙларидан ҳам ўтсин. Бу — давлат инвестицияси ҳажмини «+30% самара» билан кенгайтиради.', NULL, NULL, 1, TRUE, '2026-04-28 12:00:00+05'::TIMESTAMPTZ);

-- districts for region: samarqand
INSERT INTO districts (district_id, region_id, slug, name_uz, name_ru, name_en, district_name, json_file, has_data, type, year, total_cards, load_no, final_flag, date_modify) VALUES (21, 10, 'payariq', 'Пайариқ', 'Пайарык', 'Payariq', '', 'payariq.json', TRUE, NULL, NULL, 44, 1, TRUE, '2026-04-28 12:00:00+05'::TIMESTAMPTZ);
INSERT INTO hero_kpis (hero_kpi_id, district_id, metric_name, metric_value, metric_unit, load_no, final_flag, date_modify) VALUES (65, 21, 'Аҳоли', 280, 'минг киши', 1, TRUE, '2026-04-28 12:00:00+05'::TIMESTAMPTZ);
INSERT INTO hero_kpis (hero_kpi_id, district_id, metric_name, metric_value, metric_unit, load_no, final_flag, date_modify) VALUES (66, 21, 'Маҳалла', 65, 'та', 1, TRUE, '2026-04-28 12:00:00+05'::TIMESTAMPTZ);
INSERT INTO hero_kpis (hero_kpi_id, district_id, metric_name, metric_value, metric_unit, load_no, final_flag, date_modify) VALUES (67, 21, 'Оила', 50000, 'та', 1, TRUE, '2026-04-28 12:00:00+05'::TIMESTAMPTZ);
INSERT INTO hero_kpis (hero_kpi_id, district_id, metric_name, metric_value, metric_unit, load_no, final_flag, date_modify) VALUES (68, 21, 'Хонадон', 45000, 'та', 1, TRUE, '2026-04-28 12:00:00+05'::TIMESTAMPTZ);
INSERT INTO indicators (indicator_id, district_id, no, slide, slide_no, name, description, value, found, source_org, ai_insight, kpi_count, kpi_pct, load_no, final_flag, date_modify) VALUES (768, 21, 1, 1, '1', 'Туманнинг макроиқтисодий кўрсаткичлари', 'Саноат, бозор хизматлари ҳажми, тармоқлар улуши ва ўсиш суръати', 'Жами: 2025 йил кўрсаткичлари | Саноат: 724,5 млрд сўм (2024 — 805,8 млрд сўмга нисбатан -10,1% — верификация талаб қилинади) | Бозор хизматлари: 1 894,5 млрд сўм (2024 — 1 450,3 млрд сўмга нисбатан +30,6%) | Саноат ўсиш суръати: 104,1% (қиймат пасайган бўлса-да индекс мусбат — методология аниқлаштирилиши шарт) | Тармоқлар улуши: Қ/х 8,7%, Саноат 1,3%, Хизматлар 2,4% (йиғинди 100% эмас — қайта тўпланиши керак)', TRUE, 'Туман статистика бўлими', 'Бозор хизматлари 5 йилда 2,9 баравар ўсган (654,7 → 1 894,5 млрд сўм) — бу туманнинг асосий драйвери. Лекин 2025 йилда саноат қиймати тушгани, шу билан бирга индекс мусбат кўрсатилгани — статистик ноаниқлик аломати. Биринчи навбатда саноат динамикасини верификация қилиш ва тармоқлар улушини (Қ/х+саноат+хизматлар = 100%) қайта ҳисоблаш керак. Саноат зонасини кенгайтириш ва инвестиция жалб қилиш ҳажмини сақлаб қолиш орқали саноат пасайишини қоплаш мумкин.', NULL, NULL, 1, TRUE, '2026-04-28 12:00:00+05'::TIMESTAMPTZ);
INSERT INTO indicators (indicator_id, district_id, no, slide, slide_no, name, description, value, found, source_org, ai_insight, kpi_count, kpi_pct, load_no, final_flag, date_modify) VALUES (769, 21, 2, 1, '1', 'Туман иқтисодиётининг 4 та драйвери', 'Пайариқ туманининг устувор тармоқлари ва ривожланиш йўналишлари', 'Жами: 4 та устувор соҳа | 1-ўрин Савдо: туман савдо айланмаси ва бозор инфратузилмаси | 2-ўрин Узумчилик: вилоятдаги анъанавий узумзорлар ва токчилик кластери | 3-ўрин Чорвачилик: гўшт-сут маҳсулотлари ва қайта ишлаш | 4-ўрин Туризм: маҳаллий зиёратгоҳлар ва агротуризм имкониятлари', TRUE, 'Туман ҳокимияти', 'Драйверлар «1-савдо» билан бошланиши хизматлар ҳажми ўсишини изоҳлайди (1 894,5 млрд сўм). Узумчилик ва чорвачилик аграр-индустриал кластер сифатида қайта ишлаш корхоналари (кичик бизнес — 700,1 млрд сўм) билан боғланса, тайёр маҳсулот улуши кўпаяди. Туризм учун вилоят марказига 45 км яқинлиги қулай, лекин темир йўл стансиясига 38 км узоқлиги логистикани қийинлаштиради — автомобил йўли инвестиция йўналиши бўлиши керак.', NULL, NULL, 1, TRUE, '2026-04-28 12:00:00+05'::TIMESTAMPTZ);
INSERT INTO indicators (indicator_id, district_id, no, slide, slide_no, name, description, value, found, source_org, ai_insight, kpi_count, kpi_pct, load_no, final_flag, date_modify) VALUES (770, 21, 3, 1, '1', 'Саноат маҳсулотлари ишлаб чиқариш динамикаси', 'Туманда саноат маҳсулотлари ишлаб чиқариш ҳажми — йиллик динамика', '2021: 487.6 | 2022: 619.9 | 2023: 668.0 | 2024: 805.8 | 2025: 724.5 (млрд сўм)', TRUE, 'Туман статистика бўлими', '5 йиллик тренд: 2021–2024 даврида барқарор ўсиш (+65,2%), лекин 2025 йилда -10,1% пасайиш кузатилди. Алоҳида диққат: йирик корхоналар 2023 йилда 230 млрд сўмдан 2024 йилда 12,7 млрд сўмгача кескин тушган — йирик саноат корхонаси ёпилгани ёки регистрация ўзгариши эҳтимоли катта. Бу ҳолат верификация талаб этади. Қисқа муддатда кичик бизнес (700,1 млрд сўм — кучайиб бораётган) ва саноат зонаси орқали бўшлиқни тўлдириш керак.', NULL, NULL, 1, TRUE, '2026-04-28 12:00:00+05'::TIMESTAMPTZ);
INSERT INTO indicators (indicator_id, district_id, no, slide, slide_no, name, description, value, found, source_org, ai_insight, kpi_count, kpi_pct, load_no, final_flag, date_modify) VALUES (771, 21, 4, 1, '1', 'Ажратилган кредитлар', 'Туман иқтисодиёти учун ажратилган жами кредитлар ҳажми', '{''type'': ''yearly_credits'', ''years'': [2021, 2022, 2023, 2024, 2025], ''values'': [1107, 637, 1062, 1149, 1186.8], ''total'': 5141.8, ''unit'': ''млрд сўм''}', TRUE, 'Марказий банк', 'Кредит ҳажми 2021 йилдан 2025 йилга секин ўсган (+7,2% / 5 йил), бошқа тумандаги жадал ўсишдан фарқли (масалан Қўқон 2025 — 3 169 млрд сўм). NPL (муаммоли кредитлар) 2024 йилда 4,1% дан 2025 йилда 78,5% га сакраганлиги ёзилган — бу аниқ техник хатолик ёки методология ўзгариши, верификация шарт. Кредит сиёсатини саноат пасайишини бартараф этишга йўналтириш — қайта ишлаш ва экспортбоп лойиҳаларга устуворлик бериш зарур.', NULL, NULL, 1, TRUE, '2026-04-28 12:00:00+05'::TIMESTAMPTZ);
INSERT INTO indicators (indicator_id, district_id, no, slide, slide_no, name, description, value, found, source_org, ai_insight, kpi_count, kpi_pct, load_no, final_flag, date_modify) VALUES (772, 21, 5, 1, '1', 'Google Trends иқтисодий фаоллик', 'Туман иқтисодий фаоллиги Google Trends орқали — аҳоли қидирув сўровлари асосида 0–100 балл шкаласи', 'Маълумот мавжуд эмас — Excel да «⚠ Тўлдириш шарт эмас» (Марказий гуруҳ ҳисоблайди)', FALSE, 'Марказий аналитика', 'Кўрсаткич Марказий гуруҳ томонидан кейинроқ ҳисоблаб чиқилади. Шу тариқа якуний ҳисоботда макрокўрсаткичлар ва туризм драйвери билан крос-таҳлил қилинади. Туман брендини рақамли каналларда (узумчилик, агротуризм) кучайтириш қидирув фаоллигига ижобий таъсир кўрсатади.', NULL, NULL, 1, TRUE, '2026-04-28 12:00:00+05'::TIMESTAMPTZ);
INSERT INTO indicators (indicator_id, district_id, no, slide, slide_no, name, description, value, found, source_org, ai_insight, kpi_count, kpi_pct, load_no, final_flag, date_modify) VALUES (773, 21, 6, 1, '1', '«Тадбиркорлик саноат зонаси» — Пайариқ', 'Пайариқ тумани ҳудудидаги саноат зонаси, унда фаолият юритаётган лойиҳалар ва иш ўринлари', 'Жами: «Тадбиркорлик саноат зона» — 13 та лойиҳа | Иш ўринлари: 202 та | Ердан фойдаланиш: 0,6% — жуда паст | Қурилиш материаллари кластери: ҳозирда йўқ', TRUE, 'Туман ҳокимияти', 'Зонадаги ердан фойдаланиш атиги 0,6% — бу Қўқон ЭИЗ (10 минг иш ўрни режаси) масштабидан 50 марта кам. Биринчи қадам — 13 та мавжуд лойиҳа учун инфратузилма (электр модернизация, газ 40,7%) тайёрлаб, 2027 йилгача ердан фойдаланишни ≥30% га етказиш. Қурилиш материаллари кластерини очиш орқали маҳаллий хомашё (қум, шағал) асосида қўшимча 500–800 иш ўрни яратиш мумкин. Бу саноат пасайишини тескари бурадиган стратегик дастак.', NULL, NULL, 1, TRUE, '2026-04-28 12:00:00+05'::TIMESTAMPTZ);
INSERT INTO indicators (indicator_id, district_id, no, slide, slide_no, name, description, value, found, source_org, ai_insight, kpi_count, kpi_pct, load_no, final_flag, date_modify) VALUES (774, 21, 7, 2, '2', 'Ичимлик суви билан таъминланганлик (%)', 'Аҳолини тоза ичимлик суви билан таъминланганлик даражаси', '2021: 65.3 | 2022: 65.3 | 2023: 65.3 | 2024: 65.3 | 2025: 68.9 (%)', TRUE, 'Сув хўжалиги', '4 йил давомида қамров қотиб қолган (65,3%), фақат 2025 йилда +3,6 п.б. ўзгариш юз берди — республика ўртачаси (≈97%) ва Қўқон шаҳри (99,3%) дан анча орқада. Бу инфратузилмадаги энг муҳим оғриқ нуқтаси: ҳар уч хўжаликдан биттаси марказлашган сув тармоғига уланмаган. Биринчи галда аҳоли зичлиги (221,4 киши/км²) юқори бўлган маҳаллаларга устуворлик бериб, 2027 йилгача 90% га чиқариш мақсадли режа қилиниши керак. Канализация (87%) билан биргаликда сув-санитария бирлаштирилган дастур самарали бўлади.', NULL, NULL, 1, TRUE, '2026-04-28 12:00:00+05'::TIMESTAMPTZ);
INSERT INTO indicators (indicator_id, district_id, no, slide, slide_no, name, description, value, found, source_org, ai_insight, kpi_count, kpi_pct, load_no, final_flag, date_modify) VALUES (775, 21, 8, 2, '2', 'Ички йўллар таъмирланиш даражаси (%)', 'Пайариқ тумани ички йўлларининг асфальтланган улуши ва умумий узунлиги', 'Жами: Йўллар узунлиги — 2 246 км | Асфальтланган йўллар улуши: 32,8% | Темир йўл стансиясигача масофа: 38 км | Вилоят марказига масофа: 45 км', TRUE, 'Йўл хўжалиги', 'Йўлларнинг 67,2% ҳали ҳам асфалтланмаган — бу туризм ва савдо драйверларини сезиларли тийиб турадиган омил. Қўқон шаҳрида 2025 йилда таъмирлаш 100% га етказилгани билан таққосласа, Пайариқ туман бу борада 5–7 йил ортда. Тавсия: 2 246 км дан 800–1 000 км узумчилик ва саноат зонаси йўналишидаги «иқтисодий йўллар»ни биринчи 2 йилда таъмирлаш — бу ROI ни тезлаштиради. Қишлоқ йўллари учун кейинги босқичда давлат-хусусий шериклик (ДХШ) механизмини ишлатиш мумкин.', NULL, NULL, 1, TRUE, '2026-04-28 12:00:00+05'::TIMESTAMPTZ);
INSERT INTO indicators (indicator_id, district_id, no, slide, slide_no, name, description, value, found, source_org, ai_insight, kpi_count, kpi_pct, load_no, final_flag, date_modify) VALUES (776, 21, 9, 2, '2', 'Электр таъминоти сифат даражаси', 'Электр узилишлари ва тармоқ модернизация ҳолати', 'Жами: 1–1,2 марта/ой (ўртача узилиш) | Трансформаторлар: 3,3% эскирган | Линиялар: 8,8% алмаштириш керак | Газ билан таъминланганлик: 40,7%', TRUE, 'Электр тармоқлари', 'Электр узилишлари 1–1,2 марта/ой — ўртача даражада, Қўқон шаҳри билан тенг. Эскирган тармоқ улуши паст (3,3% / 8,8%) — кутилмаганда яхши кўрсаткич, лекин газ таъминоти атиги 40,7% бўлгани сабабли қишда қўшимча электр юкламаси юзага келиши мумкин. Биринчи навбатда саноат зонаси ва узумчилик-чорвачилик кластерлари жойлашган ҳудудларга модернизацияни мақсадли йўналтириш керак. Газ танқислигини электрга алмаштириш йўли билан саноат барқарорлигини ошириш мумкин — лекин тариф ва қувват захираси олдиндан режалаштирилиши шарт.', NULL, NULL, 1, TRUE, '2026-04-28 12:00:00+05'::TIMESTAMPTZ);
INSERT INTO indicators (indicator_id, district_id, no, slide, slide_no, name, description, value, found, source_org, ai_insight, kpi_count, kpi_pct, load_no, final_flag, date_modify) VALUES (777, 21, 10, 2, '2', 'Ер тоифалари бўйича рўйхат (га)', 'Туман ер фонди тузилмаси', 'Маълумот мавжуд эмас — Excel да фақат умумий майдон (41 204 га) ва суғориладиган ер (42 100 га) кўрсатилган, ер тоифалари бўйича батафсил тақсимот тўлдирилмаган', FALSE, 'Кадастр', 'Ер тоифалари (тарихий-маданий, ўрмон, қишлоқ хўжалиги, саноат) бўйича батафсил тақсимот зарур — ҳозирги жами кўрсаткичларда ҳатто суғориладиган ер (42 100 га) умумий майдондан (41 204 га) катта чиқмоқда, бу аниқ методологик хатолик. Кадастр бўлимидан тозалаш сўралиши керак. Тўлдирилгач, узумчилик/чорвачилик ва саноат зонаси учун ер заҳираларини аниқ режалаштириш мумкин бўлади. Суғориш каналлари (32,3% бетонланган) — бетонлаш улушини ошириш қишлоқ хўжалиги ерлари самарадорлигини оширади.', NULL, NULL, 1, TRUE, '2026-04-28 12:00:00+05'::TIMESTAMPTZ);
INSERT INTO indicators (indicator_id, district_id, no, slide, slide_no, name, description, value, found, source_org, ai_insight, kpi_count, kpi_pct, load_no, final_flag, date_modify) VALUES (778, 21, 11, 2, '2', 'Жамоат транспортидан фойдаланиш (%)', 'Аҳолини жамоат транспорти билан қамраб олинганлик даражаси', 'Маълумот мавжуд эмас — Excel да жамоат транспорти қамрови алоҳида тўлдирилмаган. Фақат йўловчи айланмаси киритилган: 6 622,8 минг киши', FALSE, 'Хокимият', 'Йўловчи айланмаси (6 622,8 минг киши) ва йўлларнинг асфалтланиш даражаси (32,8%) бирлашиб таҳлил қилинса, аҳоли учун жамоат транспорти етишмаслиги аён. Қўшни шаҳарларда (Қўқон — 100%) бу масала ҳал қилинган, Пайариқ туманда эса маршрутлар, парк ва электрон тўлов тизими алоҳида ҳужжатлаштирилиши керак. Тавсия: вилоят марказигача 45 км масофа ҳисобига шахс автомобилига боғлиқлик юқори — қатнов автобуслари тармоғини кенгайтириш зарур.', NULL, NULL, 1, TRUE, '2026-04-28 12:00:00+05'::TIMESTAMPTZ);
INSERT INTO indicators (indicator_id, district_id, no, slide, slide_no, name, description, value, found, source_org, ai_insight, kpi_count, kpi_pct, load_no, final_flag, date_modify) VALUES (779, 21, 12, 2, '2', 'Мактабгача таълим қамрови', 'Мактабгача таълим муассасаларига қамраб олинганлик', 'Маълумот мавжуд эмас — инфратузилма варағида (Excel «2. Инфратузилма») мактабгача таълим қамрови устуни тўлдирилмаган. Аҳоли ва бандлик варағида қаралади', FALSE, 'Мактабгача ва мактаб таълими вазирлиги', 'Мактабгача таълим қамрови инфратузилмавий ижтимоий бўғин сифатида аҳоли зичлиги (221,4 киши/км²) ва бандлик билан бевосита боғлиқ. Маълумот «3. Аҳоли ва бандлик» варағидан олиниши мумкин — алоҳида сўров шакли орқали тўлдирилиши тавсия этилади. Маълумот тўлдирилгач, ёш аҳоли қамрови ва аёл бандлиги орасидаги корреляцияни баҳолаш мумкин — бу хизматлар сектори ўсишини қўллаб-қувватлайдиган стратегик омил.', NULL, NULL, 1, TRUE, '2026-04-28 12:00:00+05'::TIMESTAMPTZ);
INSERT INTO indicators (indicator_id, district_id, no, slide, slide_no, name, description, value, found, source_org, ai_insight, kpi_count, kpi_pct, load_no, final_flag, date_modify) VALUES (780, 21, 13, 3, '3', 'Меҳнат ресурслари', 'Жами меҳнат ресурслари сони — йиллик динамика', '2021: 143.7 | 2022: 148.3 | 2023: 154.6 | 2024: 160.5 | 2025: 165.8 (минг киши)', TRUE, 'Бандлик маркази', 'Меҳнат ресурслари барқарор ўсиб бормоқда (+5,2 минг киши, +3,3% 2025 йилда). Бандликни ошириш учун узумчилик, чорвачилик ва туризм соҳалари бўйича маҳалла даражасида қисқа муддатли ўқув дастурларини кенгайтириш зарур. Қайтган мигрантлар (2 570 киши) — тайёр кадрлар ресурси, уларни маҳаллий лойиҳаларга жалб этиш мақсадга мувофиқ.', NULL, NULL, 1, TRUE, '2026-04-28 12:00:00+05'::TIMESTAMPTZ);
INSERT INTO indicators (indicator_id, district_id, no, slide, slide_no, name, description, value, found, source_org, ai_insight, kpi_count, kpi_pct, load_no, final_flag, date_modify) VALUES (781, 21, 14, 3, '3', 'Бандликни ошириш имкониятлари', 'Иш ўрни яратиш ва меҳнат бозори резервлари', 'Жами: Меҳнат бозори резервлари | Банд аҳоли (2025): 108 453 киши (+3,1%) | Қайтган мигрантлар (2025): 2 570 киши (+33,3%) | Норасмий секторда бандлик (2021): 41 183 киши | Хорижга кетган мигрантлар: 2021 — 4 912, 2022 — 4 510, 2023 — 4 430, 2024 — 4 265, 2025 — 2 854 (-33,1%)', TRUE, 'Бандлик маркази / ИИВ миграция', 'Хорижга кетиш кескин камайган (-33,1%), қайтиш ошган (+33,3%). Қайтган мигрантларни маҳаллий лойиҳаларга жалб қилиш ва норасмий секторни расмийлаштириш орқали бандликни ошириш мумкин. 41 183 норасмий ишчилар — катта резерв, расмийлаштириш орқали йилига 20+ млрд сўм солиқ тушуми кўпайтириш мумкин.', NULL, NULL, 1, TRUE, '2026-04-28 12:00:00+05'::TIMESTAMPTZ);
INSERT INTO indicators (indicator_id, district_id, no, slide, slide_no, name, description, value, found, source_org, ai_insight, kpi_count, kpi_pct, load_no, final_flag, date_modify) VALUES (782, 21, 15, 3, '3', 'Ишсизлик кўрсаткичлари', 'Расмий ишсизлик даражаси ва ишсизлар сони', 'Жами: Ишсизлик кўрсаткичлари | Расмий ишсизлик (2025): 5,8% (-3,3%) | Ишсизлар сони (2025): 5 497 киши (-1,3%) | Ишсизлик тренди: 10,1% → 9,7% → 7,2% → 6,0% → 5,8% | Ёшлар (16–30): 1 489 киши | Аёллар: 3 426 киши | Мақсад: 2027 йилгача 2,4% га тушириш', TRUE, 'Бандлик маркази', 'Ишсизликни 2,4% га туширишга учун ёшлар ва аёллар бўйича манзилли ишга жойлаштириш дастурлари ва қисқа муддатли касбий курсларни кенгайтириш лозим. Аёллар ишсизлиги (3 426 киши, умумийнинг 62%) жиддий диққатга сазовор. Ҳар бир маҳаллада талаб юқори касблар бўйича тезкор ўқитиш ва микролойиҳаларга жалб қилиш механизмини кучайтириш зарур.', 5497, 5.8, 1, TRUE, '2026-04-28 12:00:00+05'::TIMESTAMPTZ);
INSERT INTO indicators (indicator_id, district_id, no, slide, slide_no, name, description, value, found, source_org, ai_insight, kpi_count, kpi_pct, load_no, final_flag, date_modify) VALUES (783, 21, 16, 3, '3', 'Камбағаллик кўрсаткичлари', 'Камбағаллик даражаси ва камбағал оилалар сони', 'Жами: Камбағаллик кўрсаткичлари | Камбағаллик даражаси (2025): 4,2% (-36,4%) | Камбағал оилалар (2025): 2 978 та (-36,1%) | Камбағаллик тренди: 10,1% → 8,7% → 7,2% → 6,6% → 4,2% | Кам таъминланган оилалар: 2 017 та | Мақсад: 2027 йилгача янада камайтириш', TRUE, 'Статистика бўлими / МФЙ агентлиги', 'Камбағаллик 5 йилда икки баробардан кўп камайган — яхши натижа. Ҳар бир камбағал оилага мақсадли микрокредит ва субсидия пакети шакллантирилиши, ижтимоий ёрдам иш билан боғлиқ қилиниши зарур. Кам таъминланган 2 017 оила — алоҳида профилактик дастур талаб қилади.', 2978, 4.2, 1, TRUE, '2026-04-28 12:00:00+05'::TIMESTAMPTZ);
INSERT INTO indicators (indicator_id, district_id, no, slide, slide_no, name, description, value, found, source_org, ai_insight, kpi_count, kpi_pct, load_no, final_flag, date_modify) VALUES (784, 21, 17, 3, '3', '«Барқарор келажак» — ёшлар даромадини ошириш', '«Барқарор келажак» дастури — 2026 йилда ёшлар даромадини ошириш режаси', '', FALSE, 'Бандлик маркази', 'Маълумот Бандлик марказидан сўралмоқда. Тўлдирилгандан сўнг таҳлил берилади. Ёшлар даромадини ошириш учун дуал таълим, биринчи иш ўрнига субсидия ва талаб юқори касблар бўйича тезкор қайта тайёрлаш дастурларини кучайтириш зарур.', NULL, NULL, 1, TRUE, '2026-04-28 12:00:00+05'::TIMESTAMPTZ);
INSERT INTO indicators (indicator_id, district_id, no, slide, slide_no, name, description, value, found, source_org, ai_insight, kpi_count, kpi_pct, load_no, final_flag, date_modify) VALUES (785, 21, 18, 3, '3', 'Аёллар бандлиги ва даромадини ошириш', 'Аёллар бандлиги ва даромадини ошириш — 2026 йил режаси', '', FALSE, 'Оила ва хотин-қизлар бўлими', 'Маълумот Оила ва хотин-қизлар бўлимидан сўралмоқда. Тўлдирилгандан сўнг таҳлил берилади. Туманда аёллар ишсизлиги жуда юқори (3 426 киши, умумийнинг 62%) — манзилли дастурлар билан қамраб олиниши лозим: имтиёзли молиялаштириш, мос иш режими ва маҳалла кесимида касбга йўналтириш.', NULL, NULL, 1, TRUE, '2026-04-28 12:00:00+05'::TIMESTAMPTZ);
INSERT INTO indicators (indicator_id, district_id, no, slide, slide_no, name, description, value, found, source_org, ai_insight, kpi_count, kpi_pct, load_no, final_flag, date_modify) VALUES (786, 21, 19, 3, '3', 'Олий таълим муассасалари', 'Университетлар, талабалар сони ва қувватлар', '', FALSE, 'Хокимият', 'Маълумот Ҳокимиятдан сўралмоқда. Тўлдирилгандан сўнг таҳлил берилади. Самарқанд шаҳрига 45 км яқинлиги (вилоят маркази) — олий таълим имкониятлари юқори, лекин туман ҳудудида махсус қ/х ва агро-ишлаб чиқариш йўналишлари бўйича коллеж ёки филиал очилиши кадрлар тайёрлашга ёрдам беради.', NULL, NULL, 1, TRUE, '2026-04-28 12:00:00+05'::TIMESTAMPTZ);
INSERT INTO indicators (indicator_id, district_id, no, slide, slide_no, name, description, value, found, source_org, ai_insight, kpi_count, kpi_pct, load_no, final_flag, date_modify) VALUES (787, 21, 20, 3, '3', 'Мактабгача таълим ва мактаб юкламаси', 'Мактабгача таълим қоплами ва мактаблардаги смена тақсимоти', 'Жами: Мактабгача таълим қоплами | 2021: 83,9% | 2022: 84,6% | 2023: 86,0% | 2024: 87,1% | 2025: 87,9% | Ўзгариш (2021→2025): +4,0 п.п. | Мактаб юкламаси: 1 сменали — 30 та, 2 сменали — 28 та, Жами — 58 та | 2 сменали улуши: 48,3%', TRUE, 'Халқ таълими', 'Мактабгача таълим барқарор ўсяпти (83,9% → 87,9%, +4 п.п.). 28 та мактаб 2 сменада ишлаши инфратузилмага босим борлигини кўрсатади. Янги мактаблар қурилишини жадаллаштириш зарур. 2 сменали улуши 48,3% — республика ўртачасига нисбатан паст эмас, лекин узоқ муддатда 30% дан паст бўлиши керак.', NULL, NULL, 1, TRUE, '2026-04-28 12:00:00+05'::TIMESTAMPTZ);
INSERT INTO indicators (indicator_id, district_id, no, slide, slide_no, name, description, value, found, source_org, ai_insight, kpi_count, kpi_pct, load_no, final_flag, date_modify) VALUES (788, 21, 21, 4, '4', 'Сунъий интеллект куни ва ходимлар малакасини ошириш', 'Банкда СИ кўникмаларини мунтазам ошириш дастури', 'Жами: СИ малака ошириш дастури | Банкда «Сунъий интеллект куни» ташкил этилди — ҳар чоршанба | Ходимларга онлайн ўқитиш тизими жорий қилинди | Раҳбар ходимлар ўқувлари тўлиқ якунланди | СИ ечимларидан фойдаланиш бўйича қисқа ўқув курслари ташкил этилди', TRUE, 'SQB', 'Банк ходимларининг СИ саводхонлиги мунтазам оширилмоқда. Ҳафталик «СИ куни» амалиёти орқали ходимлар янги технологияларни кундалик ишга татбиқ этишни ўрганмоқда. Кейинги босқичда ҳар бир бўлим учун СИ KPI жорий этиш тавсия этилади.', NULL, NULL, 1, TRUE, '2026-04-28 12:00:00+05'::TIMESTAMPTZ);
INSERT INTO indicators (indicator_id, district_id, no, slide, slide_no, name, description, value, found, source_org, ai_insight, kpi_count, kpi_pct, load_no, final_flag, date_modify) VALUES (789, 21, 22, 4, '4', 'Раҳбарлар ва банкирларни СИ га ўқитиш', 'Ҳоким, ҳоким ўринбосарлари, банк раҳбарлари ва маҳалла банкирларини босқичма-босқич ўқитиш', 'Жами: 4 босқичли СИ ўқитиш | 1-босқич: Ҳоким ва ҳоким ўринбосарлари — СИ стратегия ва қарор қабул қилиш | 2-босқич: Банк филиал раҳбарлари — СИ скоринг ва риск таҳлили | 3-босқич: Маҳалла банкирлари — СИ платформа орқали мижоз хизмати | 4-босқич: МФЙ раислари — СИ маълумотлар таҳлили ва ҳисобот', TRUE, 'SQB', 'Раҳбарларни СИ га ўқитиш «юқоридан пастга» тамойилида амалга оширилади: аввал ҳоким даражасида стратегик қарорлар учун СИ, кейин банк раҳбарларига скоринг ва таҳлил, сўнг маҳалла банкирларига мижоз билан ишлаш учун СИ платформа ўргатилади. Ҳар босқич 2–4 ҳафта давом этади.', NULL, NULL, 1, TRUE, '2026-04-28 12:00:00+05'::TIMESTAMPTZ);
INSERT INTO indicators (indicator_id, district_id, no, slide, slide_no, name, description, value, found, source_org, ai_insight, kpi_count, kpi_pct, load_no, final_flag, date_modify) VALUES (790, 21, 23, 4, '4', 'Аҳолини СИ орқали тадбиркорликка ўқитиш', 'Фуқароларни СИ платформаси орқали касб танлаш, тадбиркорлик ва ишга жойлашишга тайёрлаш', '', FALSE, 'SQB', 'Маълумот SQB маҳаллий филиалидан сўралмоқда. Тўлдирилгандан сўнг таҳлил берилади. СИ платформаси орқали ҳар бир фуқарони индивидуал баҳолаш — кўникмаси кучли бўлганлар ишга, тадбиркорлик қобилияти борлар бизнесга йўналтириш — Пайариқ туманида ҳам жорий этилиши керак.', NULL, NULL, 1, TRUE, '2026-04-28 12:00:00+05'::TIMESTAMPTZ);
INSERT INTO indicators (indicator_id, district_id, no, slide, slide_no, name, description, value, found, source_org, ai_insight, kpi_count, kpi_pct, load_no, final_flag, date_modify) VALUES (791, 21, 24, 4, '4', '«SQB AI Advisor» — ақлли ёрдамчи платформа', 'Маҳалла банкирлари ва тадбиркорларга СИ ёрдами берувчи платформа', 'Жами: SQB AI Advisor функциялари | СИ маслаҳатчи чат-боти: тадбиркорлик, ҳуқуқий, молиявий саволларга жавоб | Бизнес-режа генератори: автоматик бизнес-режа тузиш | Кредит бўйича мос ечимлар: мижозга мос кредит маҳсулотини танлаш | Маҳалла агенти самарадорлиги: онлайн KPI мониторинг | Прогноз: даромадни ошириш тавсиялари, мавсумий хавфлар', TRUE, 'SQB', '«SQB AI Advisor» платформаси маҳалла банкири ва тадбиркорларга кундалик ишларда СИ ёрдамини беради: мижозларга автоматик маслаҳат, бизнес-режа генератори, кредит мослаштириш ва самарадорлик мониторинги. 2026 йил якунигача барча 65 МФЙда жорий этиш режалаштирилган.', NULL, NULL, 1, TRUE, '2026-04-28 12:00:00+05'::TIMESTAMPTZ);
INSERT INTO indicators (indicator_id, district_id, no, slide, slide_no, name, description, value, found, source_org, ai_insight, kpi_count, kpi_pct, load_no, final_flag, date_modify) VALUES (792, 21, 25, 4, '4', 'Маҳалла ихтисослашуви', 'Маҳаллаларнинг иқтисодий фаолият йўналишлари', 'Жами: 65 та маҳалла | Савдо ва хизмат: 35 та МФЙ (54%) | Чорвачилик: 12 та МФЙ (18%) | Ишлаб чиқариш: 10 та МФЙ (15%) | Деҳқончилик: 8 та МФЙ (12%)', TRUE, 'МФЙ агентлиги', 'Савдо ва хизмат улуши юқори (54%). Ишлаб чиқариш ва чорвачилик МФЙларида қиймат занжирини кенгайтириш ва бозорга чиқиш каналларини ривожлантириш орқали даромадни ошириш мумкин. Деҳқончилик МФЙлари (8 та) узумчилик ва писта плантациялари билан боғланса — экспорт салоҳияти кескин ошади.', NULL, NULL, 1, TRUE, '2026-04-28 12:00:00+05'::TIMESTAMPTZ);
INSERT INTO indicators (indicator_id, district_id, no, slide, slide_no, name, description, value, found, source_org, ai_insight, kpi_count, kpi_pct, load_no, final_flag, date_modify) VALUES (793, 21, 26, 4, '4', 'Маҳалла драйвер секторлари', 'Маҳалла даражасида ўсишни таъминловчи тармоқлар', 'Жами: 4 та драйвер сектор | 1-сектор: Савдо | 2-сектор: Енгил саноат (тикувчилик, ҳунармандчилик) | 3-сектор: Чорвачилик | 4-сектор: Туризм', TRUE, 'МФЙ агентлиги / SQB', 'Драйвер секторларни «ишлаб чиқариш + савдо + хизмат» занжирида боғлаш керак. Узумчилик (8 200 га) ва туризм потенциалидан фойдаланиб, тайёр маҳсулотни бозорга чиқариш ва онлайн сотув каналларини кенгайтириш орқали қўшимча қийматни ошириш тавсия этилади.', NULL, NULL, 1, TRUE, '2026-04-28 12:00:00+05'::TIMESTAMPTZ);
INSERT INTO indicators (indicator_id, district_id, no, slide, slide_no, name, description, value, found, source_org, ai_insight, kpi_count, kpi_pct, load_no, final_flag, date_modify) VALUES (794, 21, 27, 4, '4', 'Микролойиҳалар сони ва иш ўринлари', 'Йиллик кредит режа, иш ўринлари ва маҳалла тақсимоти', 'Жами: 680 та лойиҳа | Иш ўринлари: 1 210 та | Жами маҳаллалар: 65 та | Лойиҳалар умумий қиймати: 29,4 млрд сўм | 2026 йил режаси: Саноат — 36 та (455,9 млрд сўм, 839 иш ўрни), Хизмат — 23 та (223,1 млрд сўм, 315 иш ўрни)', TRUE, 'SQB / Туман ҳокимияти', '680 та микролойиҳа орқали 1 210 та иш ўрни яратилган. Банкирлар вазифалари: (1) лойиҳани танлаш ва скоринг; (2) кредит расмийлаштиришда ёрдам; (3) лойиҳа мониторинги; (4) молиявий маслаҳат. 2026 йилда саноат портфели 455,9 млрд сўм — катта ҳажм, бу ёш меҳнат ресурси (165,8 минг киши) учун муҳим иш ўринлари манбаси.', NULL, NULL, 1, TRUE, '2026-04-28 12:00:00+05'::TIMESTAMPTZ);
INSERT INTO indicators (indicator_id, district_id, no, slide, slide_no, name, description, value, found, source_org, ai_insight, kpi_count, kpi_pct, load_no, final_flag, date_modify) VALUES (795, 21, 28, 4, '4', 'Ишсизлик юқори маҳаллалар', 'Оғир тоифадаги маҳаллалар бўйича манзилли иш режаси', 'Жами: 11 та оғир тоифадаги маҳалла | Маҳаллалар: Янгиобод, Бешқўрғон, Полвонариқ, Бошчўрош, Фитрат, Жавшар ота, Бирлашув, Туркибола, Илғор, Бошқўрғон, Фидокор | Маҳалла типологияси: Оғир — 11 та, Ўрта — 6 та, Енгил — 35 та, Яхши — 11 та | Фокус: манзилли бандлик ва микролойиҳа дастурлари', TRUE, 'МФЙ агентлиги', 'Оғир тоифадаги 11 та маҳаллада «бир маҳалла — бир драйвер йўналиш» тамойили асосида тезкор бандлик режаси ишга туширилиши керак. Ишсиз аҳолини кўникма бўйича сегментация қилиб, 3 ойлик қисқа циклда ишга жойлаштириш ва микролойиҳага улаш механизмлари қўлланиши лозим. Ҳар ой KPI мониторинг (иш ўрни, даромад, қайтмаслик) юритилиши тавсия этилади.', NULL, NULL, 1, TRUE, '2026-04-28 12:00:00+05'::TIMESTAMPTZ);
INSERT INTO indicators (indicator_id, district_id, no, slide, slide_no, name, description, value, found, source_org, ai_insight, kpi_count, kpi_pct, load_no, final_flag, date_modify) VALUES (796, 21, 29, 4, '4', 'SQB рақамли хизматлари', 'SQB банкнинг рақамли ва мобил молиявий хизматлар экотизими', 'Жами: 3 та рақамли платформа | SQB Mobile: жисмоний шахслар учун мобил банк — тўловлар, ўтказмалар, онлайн кредит | SQB Business: юридик шахслар учун онлайн бухгалтерия, тўлов, ҳисоб-китоб | SQB AI Advisor: сунъий интеллект асосидаги молиявий маслаҳатчи — кредит скоринг, инвестиция таҳлили | Банк инфратузилмаси: Жами банклар — 13 та (SQB — 1 филиал) | Банкоматлар: 170 та | Маҳалла банкирлари: 3 та (0 аёл, 3 эркак)', TRUE, 'SQB / Марказий банк', 'Маҳалла банкирлари сони (3 та) 65 та МФЙ учун жуда кам — ҳар банкирга 21 МФЙ тўғри келади. Банкирлар сонини кескин ошириш (12–15 та) ва аёл банкирларни жалб қилиш (ҳозир 0%) тавсия этилади. 170 та банкомат — қулай рақамли инфратузилма, лекин маҳалла даражасидаги жонли кадр борлиги муҳимроқ.', NULL, NULL, 1, TRUE, '2026-04-28 12:00:00+05'::TIMESTAMPTZ);
INSERT INTO indicators (indicator_id, district_id, no, slide, slide_no, name, description, value, found, source_org, ai_insight, kpi_count, kpi_pct, load_no, final_flag, date_modify) VALUES (797, 21, 30, 4, '4', '«Ҳар бир оила — тадбиркор» дастури', 'Оилавий тадбиркорлик учун имтиёзли кредит', 'Жами: Оилавий тадбиркорлик дастури | Иштирокчи банклар: Халқ банки, Микрокредит банк | Фоиз ставкаси: 18% | Максимал сумма: 300 млн сўм | Муддат: 3 йилгача | Имтиёзли давр: 3–6 ой', TRUE, 'Марказий банк', 'Оилавий тадбиркорликни кўпайтириш учун SQB AI Advisor платформасидан фойдаланиш тавсия этилади. Платформа орқали кредит скоринги, бизнес-режа тузиш ва молиявий маслаҳат олиш имконияти мавжуд. Маҳалла банкирлари ҳар бир оилани платформага йўналтириш ва имтиёзли кредитдан самарали фойдаланишга ёрдам бериши керак.', NULL, NULL, 1, TRUE, '2026-04-28 12:00:00+05'::TIMESTAMPTZ);
INSERT INTO indicators (indicator_id, district_id, no, slide, slide_no, name, description, value, found, source_org, ai_insight, kpi_count, kpi_pct, load_no, final_flag, date_modify) VALUES (798, 21, 31, 4, '4', '«HAMROH» хотин-қизлар тадбиркорлиги', 'Хотин-қизлар учун махсус молиявий дастур', 'Жами: Хотин-қизлар учун махсус молиявий дастур | Иштирокчи банклар: SQB, Халқ банки, Микрокредит банк, Агро банк | Гаровсиз кредит: 100 млн сўмгача | Компания кафиллиги: 70%', TRUE, 'Марказий банк', 'HAMROH — хотин-қизлар тадбиркорлигини қўллаб-қувватлашнинг энг катта давлат дастури. Туманда аёллар ишсизлиги (3 426 киши) юқорилигини инобатга олиб, маҳалла банкирлари орқали аёлларни фаол жалб қилиш ва бизнес тренинглар ташкил этиш зарур. Ипакчилик (7 та маҳалла) ва тикувчилик каби аёллар учун анъанавий йўналишларни кенгайтириш мақсадга мувофиқ.', NULL, NULL, 1, TRUE, '2026-04-28 12:00:00+05'::TIMESTAMPTZ);
INSERT INTO indicators (indicator_id, district_id, no, slide, slide_no, name, description, value, found, source_org, ai_insight, kpi_count, kpi_pct, load_no, final_flag, date_modify) VALUES (799, 21, 32, 4, '4', 'Ишсизлик юқори маҳаллаларни ҳоли ҳудудга айлантириш режаси', '11 та оғир маҳаллада ишсизликни камайтириш режаси', 'Жами: 11 та маҳалла, оғир тоифа — Янгиобод, Бешқўрғон, Полвонариқ, Бошчўрош, Фитрат, Жавшар ота, Бирлашув, Туркибола, Илғор, Бошқўрғон, Фидокор | Ишсизлар (2025): 5 497 киши | Ёшлар (16–30): 1 489 киши | Аёллар: 3 426 киши | Кредит маҳсулотлари: 1) Микрокредит, 2) Оилавий тадбиркорлик, 3) Давлат субсидияси | Мақсад: 2027 йилгача 2,4% га тушириш', TRUE, 'SQB / МФЙ агентлиги', '11 та оғир тоифали маҳаллада аёллар ишсизлиги (62%) ва ёшлар ишсизлиги (27%) устунлик қилади. «Бир маҳалла — бир драйвер йўналиш» модели жорий қилиниши мақсадга мувофиқ. 2–3 ойлик тезкор цикл орқали микролойиҳаларга жалб қилиш тавсия этилади. Ҳар оғир МФЙга 2 та якорь лойиҳа (узум қайта ишлаш, тикувчилик кооперативи) бириктириш — самарали ёндашув.', NULL, NULL, 1, TRUE, '2026-04-28 12:00:00+05'::TIMESTAMPTZ);
INSERT INTO indicators (indicator_id, district_id, no, slide, slide_no, name, description, value, found, source_org, ai_insight, kpi_count, kpi_pct, load_no, final_flag, date_modify) VALUES (800, 21, 33, 5, '5', 'Узумчилик кластери — экспорт салоҳияти', '8 200 гектар узумзор ва 69 141 тонна йиллик ҳосил — водийдаги етакчи кўрсаткичлардан бири', 'Жами: 8 200 гектар узумзор майдони | Йиллик ҳосил: 69 141 тонна | Қайта ишлаш улуши: 34% (ҳозир) | Йўналиш: қуритилган узум, шарбатлар, винотовар | Имконият: ишлов улушини 60% гача ошириш | Инвестиция: $5–15 млн/қайта ишлаш заводи', TRUE, 'Туман ҳокимияти / Қ/х бўлими', 'Пайариқ узумчилигида хомашё ҳажми (69 минг тонна) катта, аммо қайта ишлаш улуши ҳозир бор-йўғи 34% — бу етишмаган қўшимча қиймат демакдир. Узум ишлов берадиган 2–3 та ўрта қувватли заводни (қуритиш, концентрат, шарбат) Дўстлик ва Накурт маҳаллалари атрофида жойлаштириш керак. Шунда хомашё экспортидан тайёр маҳсулот экспортига ўтиш, фермер дарoмадини 1,5–2 баравар ошириш ҳамда ҳосилни мавсумий йўқотишдан сақлаш мумкин.', NULL, NULL, 1, TRUE, '2026-04-28 12:00:00+05'::TIMESTAMPTZ);
INSERT INTO indicators (indicator_id, district_id, no, slide, slide_no, name, description, value, found, source_org, ai_insight, kpi_count, kpi_pct, load_no, final_flag, date_modify) VALUES (801, 21, 34, 5, '5', 'Писта плантациялари — янги стратегик йўналиш', 'Дўстлик, Кўлтўсин, Ғаллакор ва Накурт маҳаллаларида 13 000 гектар майдонга писта боғлари барпо этилмоқда', 'Жами: 13 000 гектар янги писта боғлари | Жойлашув: Дўстлик, Кўлтўсин, Ғаллакор, Накурт | Ҳосил даври: 4–5 йилдан бошлаб | Экспорт нархи: $6–10/кг (жаҳон бозори) | Имконият: қурғоқ ерларни юқори даромадли активга айлантириш | Потенциал даромад: $50–80 млн/йил (тўлиқ ҳосилда)', TRUE, 'Қ/х бўлими', '13 минг гектар писта плантацияси Пайариқ учун узоқ муддатли валюта тушуми манбаига айланиши мумкин — ҳозир глобал бозорда писта талаби ҳар йили 6–8% ўсмоқда. Аммо плантация етилгунча 4–5 йил кутиш керак, шунинг учун шу даврда фермерларни оралиқ экинлар (мош, дуккакли) орқали қўллаб-қувватлаш, кейинчалик эса маҳаллий писта тозалаш-қадоқлаш цехини яратиш зарур. Писта брендини «Payariq Pistachio» сифатида ҳозирдан рўйхатдан ўтказиш ва GI (географик кўрсаткич) олишга тайёрланиш мақсадга мувофиқ.', NULL, NULL, 1, TRUE, '2026-04-28 12:00:00+05'::TIMESTAMPTZ);
INSERT INTO indicators (indicator_id, district_id, no, slide, slide_no, name, description, value, found, source_org, ai_insight, kpi_count, kpi_pct, load_no, final_flag, date_modify) VALUES (802, 21, 35, 5, '5', 'Эркин иқтисодий зоналар ва саноат портфели', '3 та ЭИЗ доирасида 100+ лойиҳа режалаштирилган. 2026 йил саноат лойиҳалари алоҳида устувор', 'Жами: 3 та эркин иқтисодий зона | Режалаштирилган лойиҳалар: 100+ та (1–3 йил ичида) | 2026 саноат портфели: 36 та лойиҳа / 455,9 млрд сўм / 839 иш ўрни | 2026 хизмат портфели: 23 та лойиҳа / 223,1 млрд сўм / 315 иш ўрни | Жами 2026 портфели: 59 та / 679,2 млрд сўм / 1 154 иш ўрни', TRUE, 'Туман ҳокимияти', 'Учта ЭИЗ — Пайариқнинг асосий «капитал жалб қилиш канали». Аммо 100+ лойиҳани сочиб қўйиш ўрнига, 2 та аниқ ихтисослашувга (1: узум-мева қайта ишлаш кластери, 2: енгил саноат-тикувчилик) йўналтириш керак — шунда инфратузилма (электр, сув, омборхона) ҳам мақсадли қурилади. 2026 йилги 679 млрд сўмлик портфел учун лойиҳа паспортларини инвесторларга «тайёр пакет» (ер + уланиш + солиқ имтиёзлари + ишчи кучи) кўринишида тақдим этиш конверсияни 2–3 баравар оширади.', NULL, NULL, 1, TRUE, '2026-04-28 12:00:00+05'::TIMESTAMPTZ);
INSERT INTO indicators (indicator_id, district_id, no, slide, slide_no, name, description, value, found, source_org, ai_insight, kpi_count, kpi_pct, load_no, final_flag, date_modify) VALUES (803, 21, 36, 5, '5', 'Агро- ва экотуризм потенциали', 'Тарихий-маданий 76 га, ўрмон фонди 27 га ва қишлоқ хўжалик 1 095 га ерлар туризм базаси сифатида', 'Жами: 1 198 гектар жами туризм-агро ер ресурси | Тарихий-маданий ерлар: 76 га | Ўрмон фонди: 27 га | Қишлоқ хўжалик ерлари: 1 095 га | 2026–2027 туризм иш ўрни: 327 → 420 | Йўналиш: агротуризм + узумзор турлари + гастротуризм', TRUE, 'Туман ҳокимияти / Туризм бўлими', 'Пайариқда «йирик меҳмонхона + тарихий ёдгорлик» модели эмас, балки «фермер хўжалиги + узумзор + миллий таомлар» модели ишлайди. Самарқанд шаҳрига яқинликдан фойдаланиб, 1 кунлик «узум-сайр + тандир таом» турларини ишга тушириш керак — Самарқандга келган хорижий сайёҳнинг 8–10% ини 1 кунга Пайариққа жалб қилиш реал. Бу модель 7 та йирик инвестиция эмас, 30–40 та оилавий гестхауз ва дегустация уйини талаб қилади — кам капитал, юқори меҳнат сиғими.', NULL, NULL, 1, TRUE, '2026-04-28 12:00:00+05'::TIMESTAMPTZ);
INSERT INTO indicators (indicator_id, district_id, no, slide, slide_no, name, description, value, found, source_org, ai_insight, kpi_count, kpi_pct, load_no, final_flag, date_modify) VALUES (804, 21, 37, 5, '5', 'Қуёш энергияси — арзон электр манбаи', 'Самарқанд вилояти йилига 280–310 қуёшли кунга эга — қайта тикланувчи энергетика учун қулай ҳудуд', 'Жами: 300+ қуёшли кун/йил (баҳолаш) | Йўналиш: қуёш панеллари ва кичик СЭС | Имконият: саноат ва қайта ишлаш цехлари учун арзон электр | Жалб этиш модели: PPA (Power Purchase Agreement) шартномалари | Инвестиция: $8–25 млн/лойиҳа | Жойлашув: ЭИЗ ҳудудлари ва агрокластер яқинида', TRUE, 'Минэнерго', 'Пайариқда саноат лойиҳалари ҳажми (455 млрд сўм/2026) ўсиб бораётган бир пайтда электр харажати инвесторлар учун муҳим омил бўлади. 5–10 МВт қувватдаги қуёш станциясини ЭИЗ ёнида қуриш ва энергияни PPA орқали резидент корхоналарга йўналтириш керак — бу инвесторларни жалб қилишда «арзон электр» рағбатини яратади. Биринчи қадам — 2 та пилот лойиҳани давлат-хусусий шериклик (ДХШ) асосида бошлаш ва 18 ой ичида иқтисодий самарасини ўлчаш.', NULL, NULL, 1, TRUE, '2026-04-28 12:00:00+05'::TIMESTAMPTZ);
INSERT INTO indicators (indicator_id, district_id, no, slide, slide_no, name, description, value, found, source_org, ai_insight, kpi_count, kpi_pct, load_no, final_flag, date_modify) VALUES (805, 21, 38, 5, '5', 'Маҳалла кластерлари — пастдан юқорига иқтисодиёт', '65 та маҳалланинг ҳар бирида аниқ ихтисослашув: ишлаб чиқариш 10, савдо-хизмат 35, чорвачилик 12, дехқончилик 8', 'Жами: 65 та маҳалла, 4 та ихтисослашув йўналиши | Савдо ва хизмат: 35 та МФЙ | Ишлаб чиқариш: 10 та МФЙ | Чорвачилик: 12 та МФЙ | Дехқончилик: 8 та МФЙ | Ипакчилик: 7 та маҳалла (қўшимча йўналиш) | Оғир тоифа: 11 та маҳалла (мақсадли ёрдам)', TRUE, 'МФЙ агентлиги / SQB', 'Маҳалла даражасида ихтисослашув аниқ кўрсатилган — бу нодир устунлик. Ҳар бир тоифа учун алоҳида парадигма керак: савдо-хизмат маҳаллалари (35) учун рақамли тўлов ва e-commerce, ишлаб чиқариш маҳаллалари (10) учун кооператив цехлар, чорвачилик маҳаллалари (12) учун зооветхизмат ва ем-хашак етказиб бериш тармоғи. 11 та оғир тоифадаги маҳаллага «100-кунлик интенсив пакет» (микрокредит + кадр тайёрлаш + 1 та якорь лойиҳа) жорий этиш керак — улар иш ўринлари яратишнинг энг тез манбаи.', NULL, NULL, 1, TRUE, '2026-04-28 12:00:00+05'::TIMESTAMPTZ);
INSERT INTO indicators (indicator_id, district_id, no, slide, slide_no, name, description, value, found, source_org, ai_insight, kpi_count, kpi_pct, load_no, final_flag, date_modify) VALUES (806, 21, 39, 5, '5', 'Импорт ўрнини босиш — дефицит маҳсулотлар', 'Туманда энг кўп етишмайдиган 5 гуруҳ маҳсулотни маҳаллий ишлаб чиқариш орқали 30% импортни қисқартириш мақсади', 'Жами: 30% импорт ўрнини босиш мақсади (KPI 2026) | Дефицит 1: гўшт ва сут маҳсулотлари | Дефицит 2: қурилиш материаллари | Дефицит 3: антибиотик ва базавий дорилар | Дефицит 4: кимёвий маҳсулотлар | Локализация имконияти: гўшт қайта ишлаш ҳозир 21%, сабзавот 28% — резерв катта', TRUE, 'Туман ҳокимияти / Савдо палатаси', 'Импорт рўйхатини сабр билан таҳлил қилиш керак: гўшт-сут ва қурилиш материаллари — Пайариқда хомашё мавжуд (1 та фермер кластери, чорвачилик 12 МФЙ), фақат қайта ишлаш қувватлари етишмайди. Дастлабки қадам сифатида 2–3 та ўрта (5–10 млрд сўм) гўшт ва сут қайта ишлаш цехларини оилавий тадбиркорлик кредити (ҳозирги ҳажми 1 186 млрд сўм) орқали молиялаш мумкин. Шунда импорт оқимининг 15–20% ини 2 йил ичида тўхтатиш ва 700 та янги тадбиркор (KPI) учун аниқ нишон яратиш реал.', NULL, NULL, 1, TRUE, '2026-04-28 12:00:00+05'::TIMESTAMPTZ);
INSERT INTO indicators (indicator_id, district_id, no, slide, slide_no, name, description, value, found, source_org, ai_insight, kpi_count, kpi_pct, load_no, final_flag, date_modify) VALUES (807, 21, 40, 5, '5', 'Туризм инфратузилмасига давлат инвестицияси', 'Маҳаллалар туризм инфратузилмасини ривожлантириш дастури', '', FALSE, 'Хокимият', 'Маълумот Ҳокимиятдан сўралмоқда. Тўлдирилгандан сўнг таҳлил берилади. Самарқанд вилоятининг туристик оқими (йилига 4+ млн сайёҳ) ҳисобига Пайариқ агротуризм ва узум сайёҳлиги бўйича давлат инвестициясига устуворлик бериши мумкин.', NULL, NULL, 1, TRUE, '2026-04-28 12:00:00+05'::TIMESTAMPTZ);
INSERT INTO indicators (indicator_id, district_id, no, slide, slide_no, name, description, value, found, source_org, ai_insight, kpi_count, kpi_pct, load_no, final_flag, date_modify) VALUES (808, 21, 41, 6, '6', 'Стратегик хулоса — 4 устун устунлик', 'Пайариқ туман ривожланишининг тўрт асосий таянч устуни: агрокластер, туризм, маҳалла иқтисодиёти ва ЭИЗ', 'Жами: 4 та стратегик устунлик | 1-устунлик: Узумчилик-агрокластер (8 200 га, 69 минг тонна) | 2-устунлик: Туризм ва агротуризм потенциали (Самарқандга яқинлик) | 3-устунлик: 65 маҳалла бўйича ихтисослашган иқтисодиёт | 4-устунлик: 3 та ЭИЗ ва ёш меҳнат ресурси', TRUE, 'SQB / Туман ҳокимияти', 'Тўрт устуннинг ҳар бири алоҳида ишласа таъсири паст бўлади — уларни боғлаш керак: агрокластер хомашёси → ЭИЗ қайта ишлаш заводларига → маҳалла даражасида иш ўринлари → туризм орқали тайёр маҳсулотни сотиш ва бренд яратиш. Шу занжир тузилмаса, ҳар бир йўналиш «ўз ичида» қолиб кетади. Туман ҳокимияти бу 4 та йўналишни биргаликда бошқарувчи координация маркази (Project Office) яратиши шарт.', NULL, NULL, 1, TRUE, '2026-04-28 12:00:00+05'::TIMESTAMPTZ);
INSERT INTO indicators (indicator_id, district_id, no, slide, slide_no, name, description, value, found, source_org, ai_insight, kpi_count, kpi_pct, load_no, final_flag, date_modify) VALUES (809, 21, 42, 6, '6', 'Инвестиция жалб режаси 2026–2031', 'Олти йиллик инвестиция трактори: ҳажмни 415 млрд сўмдан 700 млрд сўмгача босқичма-босқич ошириш', 'Жами: 3 095 млрд сўм — 6 йиллик жами инвестиция режаси | 2026: 415 млрд сўм | 2027: ~430 млрд сўм | 2028: ~450 млрд сўм | 2029: ~500 млрд сўм | 2030: ~600 млрд сўм | 2031: ~700 млрд сўм', TRUE, 'Туман ҳокимияти / SQB', 'Инвестиция режаси барқарор ўсиш траекториясини кўрсатади (+68% олти йилда), аммо энг катта сакраш 2029–2031 йилларга тўғри келади. Бунгача 2026–2028 йилларда «инвестиция тайёргарлиги» ишлари — лойиҳа паспортлари, ер кадастри, муҳандислик инфратузилмаси — бажарилиши шарт, акс ҳолда 600+ млрд сўмлик жалбни ҳазм қилиш қувват етмайди. ТТИ 2021 йилги $988 мингдан 2025 йилги $4 111 мингга 4 баравар ўсди — энди $10 млн чегарасини ёриш учун халқаро инвесторларга йўналтирилган road-show зарур.', NULL, NULL, 1, TRUE, '2026-04-28 12:00:00+05'::TIMESTAMPTZ);
INSERT INTO indicators (indicator_id, district_id, no, slide, slide_no, name, description, value, found, source_org, ai_insight, kpi_count, kpi_pct, load_no, final_flag, date_modify) VALUES (810, 21, 43, 6, '6', 'Иш ўринлари режаси — тармоқ кесимида', '2026 йилда 2 364 та янги иш ўрни (KPI), асосий улуш расмийлаштириш ва саноатга', 'Жами: 9 539 та иш ўрни — 2026 жами потенциал | Расмийлаштириш орқали: 7 024 та (норасмий → расмий) | Саноат: 839 та | Туризм: 327 та (2027: 420) | 2026 расмий KPI: 2 364 та янги иш ўрни | Янги тадбиркорлар KPI: 700 та', TRUE, 'Туман ҳокимияти / SQB', 'Иш ўринларининг асосий манбаи — янги корхоналар эмас, балки норасмий секторни расмийлаштириш (7 024 та). Бу аниқ кўрсатилишни талаб қилади: расмийлаштириш «жарима» эмас, «имтиёз пакети» (1 йиллик солиқ имтиёзи + микрокредит + интернет-савдо платформасида рўйхатдан ўтиш) орқали бўлиши керак. Шунда 2026 KPI (2 364) ва норасмий конверсия (7 024) бирлашиб, реал натижа беради. Туризм 327 → 420 ўсиш катта эмас — агротуризм пакетлари орқали 2 баравар ошириш реал.', NULL, NULL, 1, TRUE, '2026-04-28 12:00:00+05'::TIMESTAMPTZ);
INSERT INTO indicators (indicator_id, district_id, no, slide, slide_no, name, description, value, found, source_org, ai_insight, kpi_count, kpi_pct, load_no, final_flag, date_modify) VALUES (811, 21, 44, 6, '6', 'Молиялаштириш ва кредит режаси 2026', 'Жами 2 696 млрд сўмлик кредит портфели — 4 йўналиш бўйича тақсимот', 'Жами: 2 696 млрд сўм жами кредит режа 2026 | Кичик бизнес: 600 млрд сўм | Хизмат кўрсатиш: 250 млрд сўм | Саноат: 450 млрд сўм | Микрокредитлар (мавжуд): 1 227 млрд сўм | Оилавий тадбиркорлик: 1 186 млрд сўм (NPL 6,6%) | Банк инфратузилмаси: 13 банк / 170 банкомат', TRUE, 'SQB / Марказий банк', 'Кредит ҳажми катта (2,7 трлн сўм), аммо асосий хавф — оилавий тадбиркорлик кредитларининг NPL 6,6% даражасида (мақсад 1,8%). NPL ни тушириш учун кредит беришдан олдин эмас, кейин — мониторинг ва кадрлар тайёрлаш орқали ишлаш керак. Маҳаллий банкирлар сони ҳозир бор-йўғи 3 та (3 эркак, 0 аёл) — бу 65 маҳаллага етмайди. Маҳаллий банкирлар сонини 12–15 тагача (шу жумладан 30% аёл) ошириш ва уларни молиявий саводхонлик инструкторига айлантириш зарур.', NULL, NULL, 1, TRUE, '2026-04-28 12:00:00+05'::TIMESTAMPTZ);

-- districts for region: navoiy
INSERT INTO districts (district_id, region_id, slug, name_uz, name_ru, name_en, district_name, json_file, has_data, type, year, total_cards, load_no, final_flag, date_modify) VALUES (22, 11, 'karmana', 'Кармана', 'Кармана', 'Karmana', '', 'karmana.json', TRUE, NULL, NULL, 44, 1, TRUE, '2026-04-28 12:00:00+05'::TIMESTAMPTZ);
INSERT INTO hero_kpis (hero_kpi_id, district_id, metric_name, metric_value, metric_unit, load_no, final_flag, date_modify) VALUES (69, 22, 'Аҳоли', 144.7, 'минг киши', 1, TRUE, '2026-04-28 12:00:00+05'::TIMESTAMPTZ);
INSERT INTO hero_kpis (hero_kpi_id, district_id, metric_name, metric_value, metric_unit, load_no, final_flag, date_modify) VALUES (70, 22, 'Маҳалла', 39, 'та', 1, TRUE, '2026-04-28 12:00:00+05'::TIMESTAMPTZ);
INSERT INTO hero_kpis (hero_kpi_id, district_id, metric_name, metric_value, metric_unit, load_no, final_flag, date_modify) VALUES (71, 22, 'Оила', 28000, 'та', 1, TRUE, '2026-04-28 12:00:00+05'::TIMESTAMPTZ);
INSERT INTO hero_kpis (hero_kpi_id, district_id, metric_name, metric_value, metric_unit, load_no, final_flag, date_modify) VALUES (72, 22, 'Хонадон', 25500, 'та', 1, TRUE, '2026-04-28 12:00:00+05'::TIMESTAMPTZ);
INSERT INTO indicators (indicator_id, district_id, no, slide, slide_no, name, description, value, found, source_org, ai_insight, kpi_count, kpi_pct, load_no, final_flag, date_modify) VALUES (812, 22, 1, 1, '1', 'Туманнинг макроиқтисодий кўрсаткичлари', 'Саноат, бозор хизматлари ҳажми, тармоқлар улуши ва ўсиш суръати', 'Жами: 2025 йил прогноз кўрсаткичлари | Саноат ишлаб чиқариш: 13 580,5 млрд сўм | Бозор хизматлари: 3 071,9 млрд сўм | Экспорт: 83,3 млн $ | Вилоят саноатидаги туман улуши: 11,9% | Янги ташкил этилган корхоналар (нетто): 199 та (408 та очилган, 209 та ёпилган)', TRUE, 'Туман статистика бўлими', 'Кармана тумани вилоят саноатининг қариёб 12 фоизини таъминловчи стратегик нуқта ҳисобланади. 2025 йилда саноат ҳажми 2021 йилга нисбатан деярли 1,8 баробарга ўсиши кутилмоқда. Асосий эътиборни янги корхоналар яшаб қолиш даражасини оширишга қаратиш лозим, чунки корхоналар ёпилиши кўрсаткичи ҳам юқори даражада қолмоқда. Бу — кичик бизнесни «инкубация → барқарор фаолият» ўтиш даври учун махсус дастурни талаб қилади.', NULL, NULL, 1, TRUE, '2026-04-28 12:00:00+05'::TIMESTAMPTZ);
INSERT INTO indicators (indicator_id, district_id, no, slide, slide_no, name, description, value, found, source_org, ai_insight, kpi_count, kpi_pct, load_no, final_flag, date_modify) VALUES (813, 22, 2, 1, '1', 'Туман иқтисодиётининг 4 та драйвери', 'Кармана туманининг устувор тармоқлари ва ривожланиш йўналишлари', 'Жами: 4 та устувор соҳа | 1-ўрин Саноат: иқтисодиётнинг 84,1% қисмини эгаллайди, 46,6 минг киши банд | 2-ўрин Савдо: энг устувор тармоқ сифатида белгиланган | 3-ўрин Хизмат кўрсатиш: йиллик ўсиш динамикаси 114% | 4-ўрин Туризм: стратегик ривожланиш ва диверсификация йўналиши', TRUE, 'Туман ҳокимияти', 'Иқтисодиётнинг саноатга ҳаддан ташқари боғлиқлиги (84,1%) тизимли рискларни юзага келтириши мумкин. Хизмат кўрсатиш ва туризм соҳасини ривожлантириш орқали саноатдаги глобал тебранишларга нисбатан иқтисодий барқарорликни ошириш мумкин. Моноструктурадан чиқиш — Кармана 2030 стратегиясининг асосий мақсади бўлиши керак.', NULL, NULL, 1, TRUE, '2026-04-28 12:00:00+05'::TIMESTAMPTZ);
INSERT INTO indicators (indicator_id, district_id, no, slide, slide_no, name, description, value, found, source_org, ai_insight, kpi_count, kpi_pct, load_no, final_flag, date_modify) VALUES (814, 22, 3, 1, '1', 'Саноат маҳсулотлари ишлаб чиқариш динамикаси', 'Туманда саноат маҳсулотлари ишлаб чиқариш ҳажми — йиллик динамика', 'Жами: Саноат ҳажми ўсиши | 2021: 7 364,6 → 2025: 13 580,5 (млрд сўм) | Йирик корхоналар (2025): 9 728,1 млрд сўм | Кичик бизнес (2025): 18 559,7 млрд сўм | Саноат ўсиш суръати (2025 прогноз): 103,2%', TRUE, 'Туман статистика бўлими', 'Саноатда кичик бизнес субъектларининг роли кескин ошмоқда, бу прогноз кўрсаткичларида йирик корхоналар ҳажмидан ўзиб кетиши билан ҳам кўринади (18,5 трлн vs 9,7 трлн — 1,9 баравар олдинда). Бу тумандa кластер тизими самарали ишлaяётганидан далолат беради. Тавсия: Кичик корхоналарни йирик саноат субъектлари билан кооперация алоқаларини янада кучайтириш зарур. 17 та КЎК ўтиш жараёнидаги корхона учун «Кармана-Скейл» дастури шакллантирилиши керак.', NULL, NULL, 1, TRUE, '2026-04-28 12:00:00+05'::TIMESTAMPTZ);
INSERT INTO indicators (indicator_id, district_id, no, slide, slide_no, name, description, value, found, source_org, ai_insight, kpi_count, kpi_pct, load_no, final_flag, date_modify) VALUES (815, 22, 4, 1, '1', 'Маҳаллий бюджет', 'Маҳаллий бюджет даромадлари ва контингент режалаштириш', 'Жами: 2025 прогноз | Маҳаллий бюджет даромадлари: 113,1 млрд сўм | Контингент бюджет: 535,1 млрд сўм | Даромадлар ўсиш динамикаси: 2021 — 43,4 млрд сўмга нисбатан 2,6 баробар ўсиш кутилмоқда', TRUE, 'Молия вазирлиги', 'Маҳаллий бюджет даромадларининг жадал ўсиши туман ўз-ўзини молиялаштириш даражаси ошиб бораётганини билдиради. Солиқ базасини кенгайтириш учун «соя»даги савдо ва хизмат кўрсатиш объектларини қонуниялаштириш ҳамда тадбиркорлик субъектларини қўллаб-қувватлаш тавсия этилади. Норасмий секторда 7 510 та банд аҳоли — расмийлаштириш орқали йилига ~11,2 млрд сўм қўшимча солиқ тушуми.', NULL, NULL, 1, TRUE, '2026-04-28 12:00:00+05'::TIMESTAMPTZ);
INSERT INTO indicators (indicator_id, district_id, no, slide, slide_no, name, description, value, found, source_org, ai_insight, kpi_count, kpi_pct, load_no, final_flag, date_modify) VALUES (816, 22, 5, 1, '1', 'Ажратилган кредитлар', 'Туман иқтисодиёти учун ажратилган жами кредитлар ҳажми ва портфел сифати', 'Жами: 2025 прогноз — 1 409 млрд сўм | NPL (муаммоли кредитлар) улуши: 2,2% (2021 — 4,1% дан сезиларли пасайган) | Аҳоли ва бизнес кутилмалари: 75% ижобий | Оилавий тадбиркорлик NPL: 6,2% (мониторинг талаб қилади)', TRUE, 'Марказий банк', 'Кредит портфелидаги NPL даражасининг пасайиши мижозлар тўлов қобилияти ва банк мониторинги яхшиланганини кўрсатади. Ресурсларни асосан экспортга йўналтирилган ва юқори қўшилган қиймат яратувчи лойиҳаларга йўналтириш орқали туман экспорт салоҳиятини ошириш лозим. Оилавий тадбиркорлик NPL 6,2% — диққат талаб қилади, SQB AI Advisor орқали скоринг ва бизнес-режа тузишни автоматлаштириш тавсия этилади.', NULL, NULL, 1, TRUE, '2026-04-28 12:00:00+05'::TIMESTAMPTZ);
INSERT INTO indicators (indicator_id, district_id, no, slide, slide_no, name, description, value, found, source_org, ai_insight, kpi_count, kpi_pct, load_no, final_flag, date_modify) VALUES (817, 22, 6, 1, '1', 'Google Trends иқтисодий фаоллик', 'Туман иқтисодий фаоллиги Google Trends орқали — аҳоли қидирув сўровлари асосида', 'Жами: Иқтисодий индекс кўрсаткичлари | Саноат динамикаси индекси: 103,2 | Хизматлар динамикаси индекси: 114,0 | Транспорт фаоллиги: Юк айланмаси 93 424 минг тонна', TRUE, 'Марказий аналитика', 'Кармана тумани логистика ва саноат маркази бўлганлиги сабабли, рақамли қидирувларда асосан «инвестиция имкониятлари», «транспорт хизматлари» ва «ишлаб чиқариш хомашёси» каби сўровлар юқори туради. Платформада туманнинг саноат зоналаридаги бўш ер майдонлари ва мавжуд инфратузилма ҳақидаги маълумотларни кенгроқ ёритиш инвесторлар оқимини кўпайтиради.', NULL, NULL, 1, TRUE, '2026-04-28 12:00:00+05'::TIMESTAMPTZ);
INSERT INTO indicators (indicator_id, district_id, no, slide, slide_no, name, description, value, found, source_org, ai_insight, kpi_count, kpi_pct, load_no, final_flag, date_modify) VALUES (818, 22, 7, 2, '2', 'Ичимлик суви билан таъминланганлик (%)', 'Аҳолини тоза ичимлик суви билан таъминланганлик даражаси', '2021: 98.0 | 2022: 99.0 | 2023: 99.2 | 2024: 99.5 | 2025: 99.8 (%)', TRUE, 'Сув хўжалиги', 'Кармана тумани ичимлик суви таъминоти бўйича республикадаги энг юқори кўрсаткичлардан бирига эга (99,8%). Эндиги асосий вазифа сув сифатини доимий назорат қилиш ва сув қувурларидаги йўқотишларни камайтириш учун рақамли мониторинг тизимларини жорий этишдан иборат. Қувурларни босқичма-босқич алмаштириш ва сув ҳисоблагичларини 100% жорий этиш зарур.', NULL, NULL, 1, TRUE, '2026-04-28 12:00:00+05'::TIMESTAMPTZ);
INSERT INTO indicators (indicator_id, district_id, no, slide, slide_no, name, description, value, found, source_org, ai_insight, kpi_count, kpi_pct, load_no, final_flag, date_modify) VALUES (819, 22, 8, 2, '2', 'Ички йўллар таъмирланиш даражаси (%)', 'Кармана тумани ички йўлларининг асфальтланган улуши ва жойлашуви', 'Жами: Йўл инфратузилмаси | Умумий йўллар узунлиги: 1 058 км | Асфальтланган йўллар улуши: 68,4% | Вилоят марказигача масофа: 6 км | Темир йўл стансиясигача масофа: 8 км | Юк ташиш ҳажми (2025): 93 424 минг тонна', TRUE, 'Йўл хўжалиги', 'Йўлларнинг 68,4 фоизи асфальтланганлиги туман логистика салоҳияти яхши эканлигини кўрсатади. Бироқ, қолган 31,6 фоиз йўлларни босқичма-босқич таъмирлаш, айниқса саноат зоналари ва янги массивларни боғловчи йўналишларга эътибор қаратиш юк ташиш таннархини пасайишига ва иқтисодий фаоллик ошишига хизмат қилади. М-37 халқаро магистрали бўйидаги хизмат кўрсатиш зонасини ишга тушириш — қўшимча 350–400 иш ўрни беради.', NULL, NULL, 1, TRUE, '2026-04-28 12:00:00+05'::TIMESTAMPTZ);
INSERT INTO indicators (indicator_id, district_id, no, slide, slide_no, name, description, value, found, source_org, ai_insight, kpi_count, kpi_pct, load_no, final_flag, date_modify) VALUES (820, 22, 9, 2, '2', 'Электр таъминоти сифат даражаси (%)', 'Электр узилишлари ва тармоқ модернизация ҳолати', 'Жами: Электр инфратузилмаси | Электр узилишлари: ойига ўртача 1 марта | Эскирган трансформаторлар: 14% | Алмаштирилиши керак бўлган линиялар: 10% | Интернет қоплами: 100%', TRUE, 'Электр тармоқлари', 'Электр таъминотидаги барқарорлик саноат корхоналари учун қулай муҳит яратади. Тизим ишончлилигини ошириш учун эскирган 14 фоиз трансформаторларни модернизация қилиш бўйича «Ақлли тармоқлар» (Smart Grid) лойиҳасини тажриба тариқасида қўллаш ва рақамли бошқарувни кучайтириш тавсия этилади. Интернет 100% қоплами — рақамли иқтисодиёт учун энг кучли омил.', NULL, NULL, 1, TRUE, '2026-04-28 12:00:00+05'::TIMESTAMPTZ);
INSERT INTO indicators (indicator_id, district_id, no, slide, slide_no, name, description, value, found, source_org, ai_insight, kpi_count, kpi_pct, load_no, final_flag, date_modify) VALUES (821, 22, 10, 2, '2', 'Ер тоифалари бўйича рўйхат (га)', 'Туман ҳудудининг ер тоифалари бўйича тақсимоти', 'Жами: Ер фонди тузилмаси | Умумий майдон: 95 200 га | Суғориладиган ер майдони: 560 га | Саноат зоналарида ердан фойдаланиш: 80% | Суғориш каналларини бетонлаштириш: 35% | Яйловлар: 62 250 га (65%) | Қ/х ерлари: 24 390 га | Ўрмон фонди: 8 560 га', TRUE, 'Кадастр', 'Умумий майдонга нисбатан суғориладиган ерларнинг камлиги (560 га / 95 200 — атиги 0,6%) туман иқтисодиёти саноатга ихтисослашганини тасдиқлайди. Каналларнинг атиги 35 фоизи бетонланганлиги сув исрофини кўрсатади. Саноат зоналари еридан фойдаланиш самарадорлигини 80 фоиздан 95 фоизга кўтариш орқали туман даромадларини янада ошириш мумкин. 62 250 га яйлов — туманнинг ишлатилмаган капитали.', NULL, NULL, 1, TRUE, '2026-04-28 12:00:00+05'::TIMESTAMPTZ);
INSERT INTO indicators (indicator_id, district_id, no, slide, slide_no, name, description, value, found, source_org, ai_insight, kpi_count, kpi_pct, load_no, final_flag, date_modify) VALUES (822, 22, 11, 2, '2', 'Жамоат транспортидан фойдаланиш (%)', 'Аҳолини жамоат транспорти билан қамраб олинганлик даражаси', 'Жами: 35% (2025) | Йўловчи айланмаси (бевосита): 93 424 минг тонна юк ва йўловчи оқими | Шаҳар маркази (Навоий) яқинлиги: 6 км — индивидуал транспорт улуши юқори', TRUE, 'Хокимият', 'Жамоат транспорти қамрови 35% — республика ўртачасидан паст, чунки Навоий шаҳри яқинлиги (6 км) индивидуал транспорт ва такси хизматлари улушини оширади. Тавсия: М-37 йўли бўйидаги саноат зоналарига ва Навоий ЭИЗга етар келувчи махсус ишчилар маршрутларини жорий этиш — 3 261 та ЭИЗ иш ўрни ва тумандаги саноат корхоналари учун қулай бўлади. Электр автобуслар парки ва GPS мониторинг тизими 2026 йил режасига киритилиши мумкин.', NULL, NULL, 1, TRUE, '2026-04-28 12:00:00+05'::TIMESTAMPTZ);
INSERT INTO indicators (indicator_id, district_id, no, slide, slide_no, name, description, value, found, source_org, ai_insight, kpi_count, kpi_pct, load_no, final_flag, date_modify) VALUES (823, 22, 12, 2, '2', 'Мактабгача таълим қамрови', 'Мактабгача таълим муассасаларига қамраб олинганлик', 'Жами: 95,5% (2025) — республикадаги юқори кўрсаткичлардан бири', TRUE, 'Мактабгача ва мактаб таълими вазирлиги', 'Мактабгача таълим қамрови 95,5% — республика ўртачасидан анча юқори ва Қўқон шаҳри (87,9%) дан ҳам ўзиб кетган. Бу — туман инфратузилмасининг кучли таркибий қисми, аёл бандлигини ошириш учун муҳим омил (оналар ишга чиқиш имкони мавжуд). Эндиги вазифа — сифатни ошириш ва жорий 4,5% қолган қамровсизлик зонасига алоҳида эътибор бериш. МТМ дастурларига СТЕМ ва тил ўрганишни киритиш — болалар келажакдаги меҳнат бозори талабларига тайёрлайди.', NULL, NULL, 1, TRUE, '2026-04-28 12:00:00+05'::TIMESTAMPTZ);
INSERT INTO indicators (indicator_id, district_id, no, slide, slide_no, name, description, value, found, source_org, ai_insight, kpi_count, kpi_pct, load_no, final_flag, date_modify) VALUES (824, 22, 13, 3, '3', 'Меҳнат ресурслари', 'Жами меҳнат ресурслари сони — йиллик динамика', '2021: 52.0 | 2022: 54.0 | 2023: 58.1 | 2024: 60.5 | 2025: 63.1 (минг киши)', TRUE, 'Бандлик маркази', 'Меҳнат ресурслари 4 йилда +21,2% га ўсган — барқарор ўсиш мавжуд. Бандликни ошириш учун қишлоқ хўжалиги, электротехника ва қурилиш материаллари йўналишлари бўйича маҳалла даражасида қисқа муддатли ўқув дастурларини кенгайтириш зарур. Навоий ЭИЗ (3 261 иш ўрни) ва янги саноат лойиҳалари (2026 — 1 035 иш ўрни) учун кадрлар тайёрлаш приоритет бўлмоғи лозим.', NULL, NULL, 1, TRUE, '2026-04-28 12:00:00+05'::TIMESTAMPTZ);
INSERT INTO indicators (indicator_id, district_id, no, slide, slide_no, name, description, value, found, source_org, ai_insight, kpi_count, kpi_pct, load_no, final_flag, date_modify) VALUES (825, 22, 14, 3, '3', 'Бандликни ошириш имкониятлари', 'Иш ўрни яратиш ва меҳнат бозори резервлари', 'Жами: Меҳнат бозори резервлари | Банд аҳоли (2025): 33 710 киши (+8,0%) | Қайтган мигрантлар (2025): 203 киши (-28,8%) | Норасмий секторда бандлик (2021): 7 510 киши | Хорижга кетган мигрантлар: 2021 — 1 450, 2022 — 1 580, 2023 — 1 320, 2024 — 1 565, 2025 — 1 440 (-8,0%)', TRUE, 'Бандлик маркази / ИИВ миграция', 'Банд аҳоли 1 йилда +8,0% га ошган — ижобий тенденция. Қайтган мигрантлар 28,8% га камайган, шу боис қайтиш дастурларини фаоллаштириш ва норасмий секторда бандлик (7 510 киши) расмий доирага ўтказиш орқали солиқ йўқотишларни (~11,2 млрд сўм) қайтариш мумкин.', NULL, NULL, 1, TRUE, '2026-04-28 12:00:00+05'::TIMESTAMPTZ);
INSERT INTO indicators (indicator_id, district_id, no, slide, slide_no, name, description, value, found, source_org, ai_insight, kpi_count, kpi_pct, load_no, final_flag, date_modify) VALUES (826, 22, 15, 3, '3', 'Ишсизлик кўрсаткичлари', 'Расмий ишсизлик даражаси ва ишсизлар сони', 'Жами: Ишсизлик кўрсаткичлари | Расмий ишсизлик (2025): 4,5% (-15,1%) | Ишсизлар сони (2025): 2 157 киши (-39,3%) | Ишсизлик тренди: 7,2% → 6,8% → 6,2% → 5,3% → 4,5% | Ёшлар (16–30): 410 киши (2021) | Аёллар: 1 170 киши (2021) | Мақсад: 2027 йилгача 3,5% га тушириш', TRUE, 'Бандлик маркази', 'Ишсизлик 5 йилда 7,2% дан 4,5% га тушган — кучли натижа. 2027 йилги 3,5% мақсадини бажариш учун аёллар ишсизлиги (1 170 киши, умумийнинг 54%) ва ёшлар (410 киши, 19%) бўйича манзилли ишга жойлаштириш ва қисқа муддатли касбий курсларни кенгайтириш лозим.', 2157, 4.5, 1, TRUE, '2026-04-28 12:00:00+05'::TIMESTAMPTZ);
INSERT INTO indicators (indicator_id, district_id, no, slide, slide_no, name, description, value, found, source_org, ai_insight, kpi_count, kpi_pct, load_no, final_flag, date_modify) VALUES (827, 22, 16, 3, '3', 'Камбағаллик кўрсаткичлари', 'Камбағаллик даражаси ва камбағал оилалар сони', 'Жами: Камбағаллик кўрсаткичлари | Камбағаллик даражаси (2025): 4,2% (-26,3%) | Камбағал оилалар (2025): 1 265 та (-8,0%) | Камбағаллик тренди: 4,7% → 9,2% → 7,6% → 5,7% → 4,2% | Кам таъминланган оилалар: 1 265 та | Мақсад: 2027 йилгача янада камайтириш', TRUE, 'Статистика бўлими / МФЙ агентлиги', 'Камбағаллик 2022 йилги 9,2% чўққисидан 2025 йилда 4,2% га (-54%) тушган. Ҳар бир камбағал оилага мақсадли микрокредит ва субсидия пакети шакллантирилиши, ижтимоий ёрдам иш билан боғлиқ қилиниши, бола нафақаси олувчи 904 оилани тадбиркорликка жалб қилиш зарур.', 1265, 4.2, 1, TRUE, '2026-04-28 12:00:00+05'::TIMESTAMPTZ);
INSERT INTO indicators (indicator_id, district_id, no, slide, slide_no, name, description, value, found, source_org, ai_insight, kpi_count, kpi_pct, load_no, final_flag, date_modify) VALUES (828, 22, 17, 3, '3', '«Барқарор келажак» — ёшлар даромадини ошириш', '«Барқарор келажак» дастури — 2026 йилда ёшлар даромадини ошириш режаси', '', FALSE, 'Бандлик маркази', 'Маълумот Бандлик марказидан сўралмоқда. Тўлдирилгандан сўнг таҳлил берилади. Ёшлар даромадини ошириш учун дуал таълим, биринчи иш ўрнига субсидия ва талаб юқори касблар бўйича тезкор қайта тайёрлаш дастурларини кучайтириш зарур. Кармана «Инновациялар институти» билан ҳамкорликда саноатга йўналтирилган ёшлар тренинг марказини ташкил этиш мумкин.', NULL, NULL, 1, TRUE, '2026-04-28 12:00:00+05'::TIMESTAMPTZ);
INSERT INTO indicators (indicator_id, district_id, no, slide, slide_no, name, description, value, found, source_org, ai_insight, kpi_count, kpi_pct, load_no, final_flag, date_modify) VALUES (829, 22, 18, 3, '3', 'Аёллар бандлиги ва даромадини ошириш', 'Аёллар бандлиги ва даромадини ошириш — 2026 йил режаси', '', FALSE, 'Оила ва хотин-қизлар бўлими', 'Маълумот Оила ва хотин-қизлар бўлимидан сўралмоқда. Тўлдирилгандан сўнг таҳлил берилади. Кармана туманида аёллар ишсизлиги (1 170 киши) — умумий ишсизликнинг 54%. 8 та аёл маҳалла банкири орқали аёлларни HAMROH дастурига фаол жалб қилиш ва тикувчилик-ҳунармандчилик кооперативлари ташкил этиш — тезкор натижа берадиган йўл.', NULL, NULL, 1, TRUE, '2026-04-28 12:00:00+05'::TIMESTAMPTZ);
INSERT INTO indicators (indicator_id, district_id, no, slide, slide_no, name, description, value, found, source_org, ai_insight, kpi_count, kpi_pct, load_no, final_flag, date_modify) VALUES (830, 22, 19, 3, '3', 'Кармана туманидаги олий таълим муассасалари', 'Университетлар, техникумлар, талабалар сони ва қувватлар', 'Жами: 1 та ОТМ + 2 та техникум | Олий таълим муассасаси: 1 та (Инновациялар институти) | Тумандаги техникумлар: 2 та', TRUE, 'Хокимият', 'Кармана туманида 1 та олий таълим муассасаси (Инновациялар институти) ва 2 та техникум фаолият юритади — туман саноат маркази эканлиги ҳисобига кадрлар тайёрлаш салоҳияти борлигини кўрсатади. Тавсия: (1) Инновациялар институтида АЭС, ЭИЗ ва логистика йўналишларида махсус факультетлар очиш; (2) техникумларнинг битирувчиларини Навоий ЭИЗнинг 22 та лойиҳасига мақсадли жойлаштириш дастури; (3) дуал таълим (университет + корхона) моделини жорий этиш.', NULL, NULL, 1, TRUE, '2026-04-28 12:00:00+05'::TIMESTAMPTZ);
INSERT INTO indicators (indicator_id, district_id, no, slide, slide_no, name, description, value, found, source_org, ai_insight, kpi_count, kpi_pct, load_no, final_flag, date_modify) VALUES (831, 22, 20, 3, '3', 'Мактабгача таълим ва мактаб юкламаси', 'Мактабгача таълим қоплами ва мактаблардаги смена тақсимоти', 'Жами: Мактаб юкламаси (СМЕНАЛАР) | 1 сменали — 28 та | 2 сменали — 5 та | 3 сменали — мавжуд эмас | Жами — 33 та | 2 сменали мактаблар улуши: 15,2% | Мактабгача таълим қоплами: 2021 — 75,0%, 2022–2025 — расмий маълумот мавжуд эмас (статистика тизимини тиклаш зарур)', TRUE, 'Халқ таълими', 'Мактабгача таълим 2022–2025 йиллар бўйича расмий маълумотлар мавжуд эмас — статистика тизимини тиклаш зарур. Мактаб юкламаси нисбатан енгил (2 сменали улуши 15,2%), лекин 5 та 2 сменали мактаб бўйича модернизация режасини шакллантириш тавсия этилади. Туман инфратузилмаси таълим талабларига нисбатан мутаносиб.', NULL, NULL, 1, TRUE, '2026-04-28 12:00:00+05'::TIMESTAMPTZ);
INSERT INTO indicators (indicator_id, district_id, no, slide, slide_no, name, description, value, found, source_org, ai_insight, kpi_count, kpi_pct, load_no, final_flag, date_modify) VALUES (832, 22, 21, 4, '4', 'Сунъий интеллект куни ва ходимлар малакасини ошириш', 'Банкда СИ кўникмаларини мунтазам ошириш дастури', 'Жами: СИ малака ошириш дастури | Банкда «Сунъий интеллект куни» ташкил этилди — ҳар чоршанба | Ходимларга онлайн ўқитиш тизими жорий қилинди | Раҳбар ходимлар ўқувлари тўлиқ якунланди | СИ ечимларидан фойдаланиш бўйича қисқа ўқув курслари ташкил этилди', TRUE, 'SQB', 'Банк ходимларининг СИ саводхонлиги мунтазам оширилмоқда. Кармана туман филиали учун кейинги босқичда ҳар бир бўлим ва маҳаллий банкир (39 киши) учун СИ KPI жорий этиш тавсия этилади.', NULL, NULL, 1, TRUE, '2026-04-28 12:00:00+05'::TIMESTAMPTZ);
INSERT INTO indicators (indicator_id, district_id, no, slide, slide_no, name, description, value, found, source_org, ai_insight, kpi_count, kpi_pct, load_no, final_flag, date_modify) VALUES (833, 22, 22, 4, '4', 'Раҳбарлар ва банкирларни СИ га ўқитиш', 'Ҳоким, ҳоким ўринбосарлари, банк раҳбарлари ва маҳалла банкирларини босқичма-босқич ўқитиш', 'Жами: 4 босқичли СИ ўқитиш | 1-босқич: Ҳоким ва ҳоким ўринбосарлари — СИ стратегия ва қарор қабул қилиш | 2-босқич: Банк филиал раҳбарлари — СИ скоринг ва риск таҳлили | 3-босқич: Маҳалла банкирлари — СИ платформа орқали мижоз хизмати | 4-босқич: МФЙ раислари — СИ маълумотлар таҳлили ва ҳисобот', TRUE, 'SQB', 'Раҳбарларни СИ га ўқитиш «юқоридан пастга» тамойилида амалга оширилади. Ҳар босқич 2–4 ҳафта давом этади. Кармана туманидаги 39 та МФЙ раиси ва 39 та маҳаллий банкирни қамраб олиш режалаштирилган.', NULL, NULL, 1, TRUE, '2026-04-28 12:00:00+05'::TIMESTAMPTZ);
INSERT INTO indicators (indicator_id, district_id, no, slide, slide_no, name, description, value, found, source_org, ai_insight, kpi_count, kpi_pct, load_no, final_flag, date_modify) VALUES (834, 22, 23, 4, '4', 'Аҳолини СИ орқали тадбиркорликка ўқитиш', 'Фуқароларни СИ платформаси орқали касб танлаш, тадбиркорлик ва ишга жойлашишга тайёрлаш', '', FALSE, 'SQB', 'Маълумот SQB маҳаллий филиалидан сўралмоқда. Тўлдирилгандан сўнг таҳлил берилади. СИ платформаси орқали ҳар бир фуқарони индивидуал баҳолаш — кўникмаси кучли бўлганлар ишга, тадбиркорлик қобилияти борлар бизнесга йўналтириш — Кармана туманида ҳам жорий этилиши керак. Инновациялар институти билан ҳамкорликда амалга ошириш мумкин.', NULL, NULL, 1, TRUE, '2026-04-28 12:00:00+05'::TIMESTAMPTZ);
INSERT INTO indicators (indicator_id, district_id, no, slide, slide_no, name, description, value, found, source_org, ai_insight, kpi_count, kpi_pct, load_no, final_flag, date_modify) VALUES (835, 22, 24, 4, '4', '«SQB AI Advisor» — ақлли ёрдамчи платформа', 'Маҳалла банкирлари ва тадбиркорларга СИ ёрдами берувчи платформа', 'Жами: SQB AI Advisor функциялари | СИ маслаҳатчи чат-боти: тадбиркорлик, ҳуқуқий, молиявий саволларга жавоб | Бизнес-режа генератори: автоматик бизнес-режа тузиш | Кредит бўйича мос ечимлар: мижозга мос кредит маҳсулотини танлаш | Маҳалла агенти самарадорлиги: онлайн KPI мониторинг | Прогноз: даромадни ошириш тавсиялари, мавсумий хавфлар', TRUE, 'SQB', '«SQB AI Advisor» платформаси Кармана туманидаги маҳалла банкири ва тадбиркорларга кундалик ишларда СИ ёрдамини беради. 2026 йил якунигача барча 39 та МФЙда жорий этиш режалаштирилган.', NULL, NULL, 1, TRUE, '2026-04-28 12:00:00+05'::TIMESTAMPTZ);
INSERT INTO indicators (indicator_id, district_id, no, slide, slide_no, name, description, value, found, source_org, ai_insight, kpi_count, kpi_pct, load_no, final_flag, date_modify) VALUES (836, 22, 25, 4, '4', 'Маҳалла ихтисослашуви', 'Маҳаллаларнинг иқтисодий фаолият йўналишлари', 'Жами: 39 та маҳалла | Қишлоқ хўжалиги: 23 та МФЙ (59%) | Савдо ва хизмат: 10 та МФЙ (26%) | Чорвачилик: 5 та МФЙ (13%) | Анорчилик: 1 та МФЙ (3%)', TRUE, 'МФЙ агентлиги', 'Қишлоқ хўжалиги улуши юқори (59%) — қиймат занжирини кенгайтириш муҳим. Гўшт ва сабзавот қайта ишлаш даражаси паст (мос равишда ~15% ва ~18%) бўлгани учун қайта ишлаш кластерини ривожлантириш ва анорчилик маҳалласи бўйича брендлаш орқали қўшимча даромад яратиш мумкин.', NULL, NULL, 1, TRUE, '2026-04-28 12:00:00+05'::TIMESTAMPTZ);
INSERT INTO indicators (indicator_id, district_id, no, slide, slide_no, name, description, value, found, source_org, ai_insight, kpi_count, kpi_pct, load_no, final_flag, date_modify) VALUES (837, 22, 26, 4, '4', 'Маҳалла драйвер секторлари', 'Маҳалла даражасида ўсишни таъминловчи тармоқлар', 'Жами: 3 та драйвер сектор | 1-сектор: Қишлоқ хўжалиги | 2-сектор: Электротехника | 3-сектор: Қурилиш материаллари ишлаб чиқариш', TRUE, 'МФЙ агентлиги / SQB', 'Драйвер секторларни «ишлаб чиқариш + савдо + хизмат» занжирида боғлаш керак. «Навоий ЭИЗ» ҳудудида 22 лойиҳа ва 3 261 иш ўрни мавжудлиги, дон майдони (5 216 га) ҳамда қурилиш тошлари конлари (18 та) потенциалидан фойдаланиб, тайёр маҳсулотни бозорга чиқариш ва экспорт каналларини кенгайтириш тавсия этилади.', NULL, NULL, 1, TRUE, '2026-04-28 12:00:00+05'::TIMESTAMPTZ);
INSERT INTO indicators (indicator_id, district_id, no, slide, slide_no, name, description, value, found, source_org, ai_insight, kpi_count, kpi_pct, load_no, final_flag, date_modify) VALUES (838, 22, 27, 4, '4', 'Микролойиҳалар сони ва иш ўринлари', 'Йиллик кредит режа, иш ўринлари ва маҳалла тақсимоти', 'Жами: 1 560 та лойиҳа | Иш ўринлари: 3 250 та | Жами маҳаллалар: 39 та | Банк маблағи: 10,3 млрд сўм | 2026 йил режаси: Саноат — 26 та (1 741 млрд сўм, 1 035 иш ўрни), Хизмат — 51 та (264,2 млрд сўм, 361 иш ўрни)', TRUE, 'SQB / Туман ҳокимияти', '1 560 та микролойиҳа орқали 3 250 та иш ўрни яратилган. Банкирлар вазифалари: (1) лойиҳани танлаш ва скоринг; (2) кредит расмийлаштиришда ёрдам; (3) лойиҳа мониторинги; (4) молиявий маслаҳат. 2026 йил саноат лойиҳалари (1 741 млрд) SQB кредит режасининг (1 325 млрд) асосий устуни ҳисобланади.', NULL, NULL, 1, TRUE, '2026-04-28 12:00:00+05'::TIMESTAMPTZ);
INSERT INTO indicators (indicator_id, district_id, no, slide, slide_no, name, description, value, found, source_org, ai_insight, kpi_count, kpi_pct, load_no, final_flag, date_modify) VALUES (839, 22, 28, 4, '4', 'Ишсизлик юқори маҳаллалар', 'Оғир тоифадаги маҳаллалар бўйича манзилли иш режаси', 'Жами: 2 та оғир тоифадаги маҳалла | 1-маҳалла: Кумушкон | 2-маҳалла: Кўҳна Қўрғон | Маҳалла типологияси: Оғир — 2 та, Ўрта — 7 та, Енгил — 8 та, Яхши — 22 та | Фокус: манзилли бандлик ва микролойиҳа дастурлари', TRUE, 'МФЙ агентлиги', 'Оғир тоифали 2 та маҳаллада «бир маҳалла — бир драйвер йўналиш» тамойили асосида тезкор бандлик режаси ишга туширилиши керак. Маҳалла кам бўлгани сабабли индивидуал лойиҳа портфели шакллантириш ва ҳар бир оила учун микрокредит ёки оилавий тадбиркорлик кредитини ажратиш амалий мумкин. 22 та «Яхши» тоифадаги маҳалла — туман инфратузилмасининг кучли таркибий қисми.', NULL, NULL, 1, TRUE, '2026-04-28 12:00:00+05'::TIMESTAMPTZ);
INSERT INTO indicators (indicator_id, district_id, no, slide, slide_no, name, description, value, found, source_org, ai_insight, kpi_count, kpi_pct, load_no, final_flag, date_modify) VALUES (840, 22, 29, 4, '4', 'SQB рақамли хизматлари', 'SQB банкнинг рақамли ва мобил молиявий хизматлар экотизими', 'Жами: 3 та рақамли платформа | SQB Mobile: жисмоний шахслар учун мобил банк — тўловлар, ўтказмалар, онлайн кредит | SQB Business: юридик шахслар учун онлайн бухгалтерия, тўлов, ҳисоб-китоб | SQB AI Advisor: сунъий интеллект асосидаги молиявий маслаҳатчи — кредит скоринг, инвестиция таҳлили | Банк инфратузилмаси: Жами банклар — 4 та | Банкоматлар: 80 та | Маҳалла банкирлари: 39 та (8 аёл, 31 эркак)', TRUE, 'SQB / Марказий банк', 'Маҳалла банкирлари сони (39 та) маҳаллалар сонига (39 та) тенг — бир маҳаллага бир банкир тамойили бажарилган. Аёл банкирлар улуши 21% (8/39) — бу кўрсаткични 30–40% га ошириш ва аёллар тадбиркорлигини қўллаб-қувватлаш тавсия этилади. 80 та банкомат — қулай рақамли инфратузилма.', NULL, NULL, 1, TRUE, '2026-04-28 12:00:00+05'::TIMESTAMPTZ);
INSERT INTO indicators (indicator_id, district_id, no, slide, slide_no, name, description, value, found, source_org, ai_insight, kpi_count, kpi_pct, load_no, final_flag, date_modify) VALUES (841, 22, 30, 4, '4', '«Ҳар бир оила — тадбиркор» дастури', 'Оилавий тадбиркорлик учун имтиёзли кредит', 'Жами: Оилавий тадбиркорлик дастури | Иштирокчи банклар: Халқ банки, Микрокредит банк | Фоиз ставкаси: 18% | Максимал сумма: 300 млн сўм | Муддат: 3 йилгача | Имтиёзли давр: 3–6 ой | Кармана: 279,3 млрд сўм кредит ҳажми (NPL — 6,2%)', TRUE, 'Марказий банк', 'Кармана туманида оилавий тадбиркорлик кредитлари ҳажми 279,3 млрд сўмни ташкил этади (NPL — 6,2%). NPL ни камайтириш учун SQB AI Advisor платформаси орқали кредит скоринг ва бизнес-режа тузишни автоматлаштириш тавсия этилади. Маҳалла банкирлари 1 265 та камбағал ва 1 265 та кам таъминланган оилани платформага йўналтириши керак.', NULL, NULL, 1, TRUE, '2026-04-28 12:00:00+05'::TIMESTAMPTZ);
INSERT INTO indicators (indicator_id, district_id, no, slide, slide_no, name, description, value, found, source_org, ai_insight, kpi_count, kpi_pct, load_no, final_flag, date_modify) VALUES (842, 22, 31, 4, '4', '«HAMROH» хотин-қизлар тадбиркорлиги', 'Хотин-қизлар учун махсус молиявий дастур', 'Жами: Хотин-қизлар учун махсус молиявий дастур | Иштирокчи банклар: SQB, Халқ банки, Микрокредит банк, Агро банк | Гаровсиз кредит: 100 млн сўмгача | Компания кафиллиги: 70%', TRUE, 'Марказий банк', 'HAMROH — хотин-қизлар тадбиркорлигини қўллаб-қувватлашнинг энг катта давлат дастури. Кармана туманида аёллар ишсизлиги (1 170 киши, умумий ишсизликнинг 54%) юқорилигини инобатга олиб, маҳалладаги 8 та аёл банкир орқали аёлларни фаол жалб қилиш ва бизнес тренинглар ташкил этиш зарур.', NULL, NULL, 1, TRUE, '2026-04-28 12:00:00+05'::TIMESTAMPTZ);
INSERT INTO indicators (indicator_id, district_id, no, slide, slide_no, name, description, value, found, source_org, ai_insight, kpi_count, kpi_pct, load_no, final_flag, date_modify) VALUES (843, 22, 32, 4, '4', 'Ишсизлик юқори маҳаллаларни ҳоли ҳудудга айлантириш режаси', '2 та оғир маҳаллада ишсизликни камайтириш режаси', 'Жами: 2 та маҳалла, оғир тоифа — Кумушкон, Кўҳна Қўрғон | Ишсизлар (2025): 2 157 киши | Ёшлар (16–30): 410 киши (2021) | Аёллар: 1 170 киши (2021) | Кредит маҳсулотлари: 1) Микрокредит (946,3 млрд сўм), 2) Оилавий тадбиркорлик (33 млрд сўм), 3) Давлат бюджети (245,6 млрд сўм) | Мақсад: 2027 йилгача 3,5% га тушириш', TRUE, 'SQB / МФЙ агентлиги', '2 та оғир тоифали маҳаллада аёллар ишсизлиги (54%) ва ёшлар ишсизлиги (19%) устунлик қилади. «Бир маҳалла — бир драйвер йўналиш» модели жорий қилиниши мақсадга мувофиқ — Кумушкон ва Кўҳна Қўрғон учун тегишли қ/х ёки қурилиш материаллари йўналишини танлаш ва 2–3 ойлик тезкор цикл орқали микролойиҳаларга жалб қилиш тавсия этилади.', NULL, NULL, 1, TRUE, '2026-04-28 12:00:00+05'::TIMESTAMPTZ);
INSERT INTO indicators (indicator_id, district_id, no, slide, slide_no, name, description, value, found, source_org, ai_insight, kpi_count, kpi_pct, load_no, final_flag, date_modify) VALUES (844, 22, 33, 5, '5', 'Навоий ЭИЗ — туман саноат локомотиви', 'Эркин иқтисодий зона ҳудудида ишлаётган корхоналар ва иш ўринлари', 'Жами: 22 та лойиҳа Навоий ЭИЗ ҳудудида | Иш ўринлари: 3 261 та | Саноат ишлаб чиқариш (2025): 13 580 млрд сўм | Тармоқлар улуши: Саноат — 84,1% (туман иқтисодиётининг асоси) | Инвестиция (2025): $735 млн (2021 — $300 млн дан 2,4 баравар ўсди)', TRUE, 'Хокимият / Навоий ЭИЗ', 'Кармана тумани иқтисодиёти амалда саноатга боғланган (84,1%) — бу деярли моноструктура. Навоий ЭИЗ кучли ютуқ, аммо хавфли қарамлик ҳам. Тавсия: ЭИЗ ҳудудидаги 22 та амалдаги лойиҳа атрофида юқори қўшимча қийматли «спутник-кластерлар» (қадоқлаш, лаборатория, R&D, метрология, юк-логистика хизматлари) яратиш. 2027 йилгача яна 10–12 та хорижий резидентни киёфаланган тармоқлар (кимё, металлургия, қурилиш материаллари) бўйича жалб қилиб, ягона корхонадан ҳосил бўлган риск-концентрациясини юмшатиш керак.', NULL, NULL, 1, TRUE, '2026-04-28 12:00:00+05'::TIMESTAMPTZ);
INSERT INTO indicators (indicator_id, district_id, no, slide, slide_no, name, description, value, found, source_org, ai_insight, kpi_count, kpi_pct, load_no, final_flag, date_modify) VALUES (845, 22, 34, 5, '5', 'Қурилиш материаллари кластери', 'Туман ҳудудидаги фойдали қазилма конлари ва ҳомашё захиралари', 'Жами: 28 та фойдали қазилма кони (5 турдаги) | Цемент конлари: 5 та (захира 375 598 минг тонна) | Қурилиш тошлари: 18 та кон (39 040 минг м³) | Оҳак захираси: 2 та кон (1 691 минг м³) | Қум-шағал ва пардозбоп тош: 2 + 1 та кон', TRUE, 'Геология қўмитаси / Хокимият', 'Кармана — Ўзбекистоннинг қурилиш материаллари бўйича энг бой туманларидан бири, аммо ҳозирда тайёр маҳсулот ишлаб чиқариш кластери шаклланмаган («-» деб қайд этилган). 2026–2028 йилларга 3–5 та йирик ишлаб чиқарувчи (цемент, оҳак, керамика плиталар, пардоз тоши кесиш) учун «Карманабудстрой» кластерини ташкил этиш керак. М-37 йўли ва Навоий темир йўли орқали Қозоғистон, Россия, Қирғизистон бозорларига экспортга йўналтирилган йирик ишлаб чиқариш базаси яратиш мумкин — ҳозирги $143 млн импортни 25–30% га камайтириш реал.', NULL, NULL, 1, TRUE, '2026-04-28 12:00:00+05'::TIMESTAMPTZ);
INSERT INTO indicators (indicator_id, district_id, no, slide, slide_no, name, description, value, found, source_org, ai_insight, kpi_count, kpi_pct, load_no, final_flag, date_modify) VALUES (846, 22, 35, 5, '5', 'М-37 халқаро йўли — туман логистика ҳаби', 'Стратегик транспорт жойлашуви ва транзит салоҳияти', 'Жами: Логистика инфратузилмаси | Навоий шаҳригача: 6 км (вилоят маркази) | Темир йўлгача масофа: 8 км | Йўлларнинг умумий узунлиги: 1 058 км | Асфальтланган қисми: 68,4% | Юк ташиш ҳажми (2025): 93 424 минг тонна', TRUE, 'Хокимият / Йўл хўжалиги', 'Кармана — Тошкент-Бухоро-Хоразм ва Қозоғистон йўналишидаги М-37 халқаро магистрали тугуни. Навоий халқаро аэропортига яқинлиги (TIS логистика хаби) ва темир йўл оралиғи 8 км — бу «Сухой порт» (Dry Port) учун идеал параметр. 2026–2027 йилларда М-37 йўли бўйидаги хизмат кўрсатиш зонаси (юк терминали, ягона божхона тери, ёқилғи ва дам олиш мажмуаси) лойиҳасини ишга тушириш зарур. Юк айланмаси 93 млн тоннага етгани туфайли қўшимча 350–400 янги иш ўрнини яратиш мумкин.', NULL, NULL, 1, TRUE, '2026-04-28 12:00:00+05'::TIMESTAMPTZ);
INSERT INTO indicators (indicator_id, district_id, no, slide, slide_no, name, description, value, found, source_org, ai_insight, kpi_count, kpi_pct, load_no, final_flag, date_modify) VALUES (847, 22, 36, 5, '5', 'Кичик бизнес портлаши', 'Кичик тадбиркорлик субъектларининг устуворлиги', 'Жами: 18 560 млрд сўм — кичик бизнес ишлаб чиқариши (2025) | Йирик корхоналар: 9 728 млрд сўм (кичик бизнес 1,9 баравар олдинда) | 2025 йилда очилган корхоналар: 408 та (ёпилган: 209 та) | Микролойиҳалар: 1 560 та / 3 250 иш ўрни / 10,3 млрд банк маблағи | КЎК → Йирик ўтиш: 17 та корхона тоифа кўтариш жараёнида', TRUE, 'Шаҳар статистика бўлими / SQB', 'Туманнинг энг катта яширин салоҳияти — кичик бизнес йирик корхоналардан 1,9 баравар катта ҳажмга етган. Бу муҳим бурилиш нуқтаси: 17 та КЎК ўтиш жараёнидаги корхона учун «Кармана-Скейл» дастури ишлаб чиқариш керак — солиқ имтиёзлари (3–5 йил), банк-фабрика ёрдами, экспорт сертификатлаштириш ва малакали кадрлар тайёрлаш блокли қилиб бирлаштирилади. Мақсад — 2027 йилгача яна 30–40 та КЎК ни ўрта бизнесга кўтариш ва кичик бизнесни 25 трлн сўмга етказиш.', NULL, NULL, 1, TRUE, '2026-04-28 12:00:00+05'::TIMESTAMPTZ);
INSERT INTO indicators (indicator_id, district_id, no, slide, slide_no, name, description, value, found, source_org, ai_insight, kpi_count, kpi_pct, load_no, final_flag, date_modify) VALUES (848, 22, 37, 5, '5', 'Чорвачилик ва яйлов салоҳияти', 'Кенг яйлов фонди ва қишлоқ хўжалиги ресурслари', 'Жами: 62 250 гектар яйлов (туман ер фондининг 65%) | Қ/х маҳсулоти (2025): 3 003 млрд сўм (2021 — 1 916 дан +57%) | Қишлоқ хўжалик ерлари: 24 390 гектар | Ўрмон фонди: 8 560 гектар | Гўшт қайта ишлаш улуши: ~15% (паст — салоҳият катта)', TRUE, 'Қ/х бўлими / Ер қўмитаси', '62 250 гектар яйлов — туманнинг ишлатилмаган капитали. Ҳозирги фермер кластери атиги 1 та, гўшт қайта ишлаш 15% — бу маҳсулотни хом шаклда сотишни англатади. 2026–2028 учун «Кармана Мит» кластери (3–4 та қайта ишлаш корхонаси, ҳалол сертификатли экспортга йўналтирилган) ва қўйчилик-эчкичилик мажмуалари ташкил этилиши керак. Дефицит товарлар рўйхатида гўшт ва сут #1 ва #2 ўринда. Натижада йилига 700–800 янги иш ўрни ва $20–30 млн экспорт реал.', NULL, NULL, 1, TRUE, '2026-04-28 12:00:00+05'::TIMESTAMPTZ);
INSERT INTO indicators (indicator_id, district_id, no, slide, slide_no, name, description, value, found, source_org, ai_insight, kpi_count, kpi_pct, load_no, final_flag, date_modify) VALUES (849, 22, 38, 5, '5', 'Инвестиция ва лойиҳа фабрикаси', 'Жалб қилинган ва режалаштирилган инвестициялар динамикаси', 'Жами: $735 → $1 000 млн инвестиция режаси (2025 → 2031) | 2025 йил факт: $735 млн (2021 — $300 млн дан +145%) | 2026 саноат лойиҳалари: 26 та / 1 741 млрд сўм / 1 035 иш ўрни | 2026 хизмат лойиҳалари: 51 та / 264,2 млрд сўм / 361 иш ўрни | Жами лойиҳа портфели: 95 та лойиҳа / 2 167,1 млрд сўм / 1 533 иш ўрни', TRUE, 'Шаҳар ҳокимияти / SQB', 'Кармана инвестиция нуқтаи назаридан кучли ҳолатда — 4 йил ичида $300 → $735 млн. Аммо ТТИ (тўғридан-тўғри хорижий инвестиция) фақат $730 минг даражасида — деярли йўқ. Тавсия: «Investment Pack Karmana» — 26 та саноат лойиҳаси орасидан 5–7 та энг катта (350+ иш ўрни ёки 100+ млрд сўм) лойиҳани халқаро инвестор-консорциумларга очиб қўйиш, ЭБРР, АБР ва Хитой фондлари билан меморандум тузиш. ТТИ ни 2027 йилгача $30 млн га етказиш реалистик мақсад.', NULL, NULL, 1, TRUE, '2026-04-28 12:00:00+05'::TIMESTAMPTZ);
INSERT INTO indicators (indicator_id, district_id, no, slide, slide_no, name, description, value, found, source_org, ai_insight, kpi_count, kpi_pct, load_no, final_flag, date_modify) VALUES (850, 22, 39, 5, '5', 'Туризм ва тарихий мерос ҳаби', '3 та туризм маршрут ва транзит оқим', 'Жами: 3 та туризм маршрути (2027–2028 режа) | Давлат инвестицияси: 16 млрд сўм (маҳаллалар туризм инфратузилмасига) | Стратегик жойлашув: Навоий шаҳригача 6 км — транзит оқим | Тарихий обидалар: Работи Малик карвонсаройи, Мир Сайид Бахром мақбараси | Туризмда иш ўрни режаси: 2026 — 78 та / 2027 — 85 та', TRUE, 'Хокимият / Туризм бўлими', 'Туризм ҳозирда туман иқтисодиётида учинчи устувор тармоқ, бироқ инвестиция (16 млрд сўм) Қўқон (42 млрд) ёки Бухоро туманларига қараганда 2,5–3 баравар камроқ. Иш ўрни режаси (78–85) ҳам жуда оз. Тавсия: туризмни мустақил эмас, балки СаноаTouR концепцияси орқали «индустриал-туризм» (Навоий ЭИЗ ва Кармана конлари экскурсияси) + Бухорога кетаётган сайёҳлар учун транзит хизматлари (М-37 йўли бўйида ресторан-чойхона + 100 ўринлик мини-меҳмонхона тармоғи) сифатида ривожлантириш. Бу 2027 йилгача 200+ иш ўрни ва 80–90 млрд сўм даромад беради.', NULL, NULL, 1, TRUE, '2026-04-28 12:00:00+05'::TIMESTAMPTZ);
INSERT INTO indicators (indicator_id, district_id, no, slide, slide_no, name, description, value, found, source_org, ai_insight, kpi_count, kpi_pct, load_no, final_flag, date_modify) VALUES (851, 22, 40, 5, '5', 'Туризм инфратузилмасига давлат инвестицияси (батафсил)', 'Маҳаллалар туризм инфратузилмасини ривожлантириш батафсил режаси', '', FALSE, 'Хокимият', 'Маълумот Ҳокимиятдан сўралмоқда. Тўлдирилгандан сўнг таҳлил берилади. Кармана туманида туризм инфратузилмасига давлат инвестицияси (16 млрд сўм) аниқ маҳаллалар бўйича батафсил тақсимоти ва амалга ошириш муддатлари сўралмоқда — бу маълумот халқаро инвесторларни жалб қилишда муҳим.', NULL, NULL, 1, TRUE, '2026-04-28 12:00:00+05'::TIMESTAMPTZ);
INSERT INTO indicators (indicator_id, district_id, no, slide, slide_no, name, description, value, found, source_org, ai_insight, kpi_count, kpi_pct, load_no, final_flag, date_modify) VALUES (852, 22, 41, 6, '6', 'Стратегик устунликлар (4 та)', 'Кармана тумани иқтисодиётининг пойдеворли кучли томонлари', 'Жами: 4 та стратегик устунлик | 1-устунлик: Стратегик транспорт жойлашуви (Навоий 6 км, темир йўл 8 км, М-37) | 2-устунлик: Саноат ишлаб чиқариш салоҳияти юқори (84,1% улуш) | 3-устунлик: Савдо ва хизмат кўрсатиш соҳаси юқори фаол | 4-устунлик: Меҳнат ресурслари ва ёш аҳоли улуши катта (63 минг меҳнат ресурси)', TRUE, 'Хокимият / SQB', 'Тўрт устунликни алоҳида эмас, ягона занжир сифатида қараш керак: Навоий ЭИЗ + М-37 транспорти + кичик бизнес ўсиши + ёш кадрлар = «Кармана-2030» индустриал-логистика хабининг тайёр компонентлари. 2026 йилда 1-чоракда «Stratejik Council» (Хокимият + SQB + ЭИЗ + Бизнес палата) тузилиб, тўрт устунликни боғловчи 5 та флагман лойиҳани (қурилиш кластери, гўшт-сут қайта ишлаш, логистика парки, КЎК-ўтиш дастури, IT-серф зона) бир дастурга бирлаштириш мақсадга мувофиқ.', NULL, NULL, 1, TRUE, '2026-04-28 12:00:00+05'::TIMESTAMPTZ);
INSERT INTO indicators (indicator_id, district_id, no, slide, slide_no, name, description, value, found, source_org, ai_insight, kpi_count, kpi_pct, load_no, final_flag, date_modify) VALUES (853, 22, 42, 6, '6', '2026 йил лойиҳа портфели', 'Йил давомида амалга ошириладиган лойиҳалар умумий ҳажми', 'Жами: 95 та лойиҳа (2 167,1 млрд сўм, 1 533 иш ўрни) | Саноат лойиҳалари: 26 та — 1 741 млрд сўм — 1 035 иш ўрни | Хизмат кўрсатиш лойиҳалари: 51 та — 264,2 млрд сўм — 361 иш ўрни | Лойиҳа офиси: 45 та лойиҳа SQB бошқарувида | Расмийлаштириш орқали: 2026 йилда қўшимча 2 450 иш ўрни (норасмий → расмий)', TRUE, 'SQB / Шаҳар ҳокимияти', 'Лойиҳа портфелининг 80% маблағи (1 741 / 2 167 млрд) саноатга қаратилган — бу мутаносиблик яхши, лекин риск концентрацияси юқори. Тавсия: 26 та саноат лойиҳасини 3 категорияга ажратиш — «Anchor» (200+ иш ўрни), «Growth» (50–200), «Pilot» (50 гача). Энг йирик 5 та Anchor лойиҳа учун ЭБРР/АБР ҳамкорлигида $30–50 млн ташқи маблағ қидириш керак, шунда давлат бюджетини «Pilot» ва инфратузилмага қайта йўналтириш мумкин. Лойиҳа фабрикаси циклини (ғоя → баҳолаш → бизнес-режа → молиялаштириш) ўртача 90 кунгача қисқартириш — мақсадли KPI.', NULL, NULL, 1, TRUE, '2026-04-28 12:00:00+05'::TIMESTAMPTZ);
INSERT INTO indicators (indicator_id, district_id, no, slide, slide_no, name, description, value, found, source_org, ai_insight, kpi_count, kpi_pct, load_no, final_flag, date_modify) VALUES (854, 22, 43, 6, '6', 'Узоқ муддатли инвестиция режаси (2026–2031)', '6 йиллик инвестиция жалб қилиш динамикаси', 'Жами: 5 145 млрд сўм — 6 йиллик жами инвестиция режаси | 2026: 735 млрд сўм | 2027: ~780 млрд сўм | 2028: ~815 млрд сўм | 2029: 890 млрд сўм | 2030: 925 млрд сўм | 2031: 1 000 млрд сўм', TRUE, 'Хокимият', 'Йиллик ўсиш ўртачаси +6,3% — анча конкретив, аммо ҳозирги ТТИ ($730 минг) ёрдамида бу рақамга етиш қийин. Тавсия: 2026–2027 учун 3 та халқаро инвестиция конференцияси (Шанхай, Истанбул, Дубай) ва Навоий ЭИЗ резидентлари орасидан «амбассадор-инвесторлар» дастури ишга туширилсин. Маҳаллий облигация (бугунги ҳолатда мавжуд эмас) — 2027 йилда тажриба тариқасида 50 млрд сўмлик инфратузилма облигациясини чиқариш имконияти ўрганилсин. Шу йўл билан 2031 йилгача $1 млрд га эришиш реалистик бўлади.', NULL, NULL, 1, TRUE, '2026-04-28 12:00:00+05'::TIMESTAMPTZ);
INSERT INTO indicators (indicator_id, district_id, no, slide, slide_no, name, description, value, found, source_org, ai_insight, kpi_count, kpi_pct, load_no, final_flag, date_modify) VALUES (855, 22, 44, 6, '6', 'Ер фонди ва табиий ресурслар', 'Туман ҳудудининг иқтисодий салоҳияти', 'Жами: 95 200 гектар — туман умумий майдони | Яйловлар: 62 250 га (65% — катта чорвачилик ресурси) | Қишлоқ хўжалик ерлари: 24 390 га | Ўрмон фонди: 8 560 га | Суғориладиган ер: 560 га (фақат 0,6% — асосий камчилик)', TRUE, 'Ер қўмитаси / Қ/х бўлими', 'Ер фонди тузилмаси ўзига хос: 65% яйлов (чорвачилик капитали), 25% деҳқончилик ерлари, бироқ суғорилган қисми атиги 560 га — бу муаммо. Сув танқислиги SWOT-таҳдид сифатида қайд этилган. 2026–2028 йиллар учун: (1) суғориш каналларини бетонлаш улушини 35% дан 65% га ошириш, (2) томчилатиб суғориш системасини 2 000 га гача кенгайтириш, (3) яйловларнинг 5 000 га ҳудудида интенсив чорвачилик мажмуалари (минг бошли қўйчилик-эчкичилик) яратиш. Бу 3 та чора билан Қ/х маҳсулоти 3 000 → 5 000 млрд сўмга етиши мумкин.', NULL, NULL, 1, TRUE, '2026-04-28 12:00:00+05'::TIMESTAMPTZ);

COMMIT;

-- Backup complete: 11 regions, 22 districts, 72 hero_kpis, 855 indicators
-- Audit: load_no=1, final_flag=True, date_modify=2026-04-28 12:00:00+05